authority,species,synonym,common name,notes,form,growth.form,height,habitat,riparian,fruit.type,category,dispersal.adaptations,seed.mass,syndrome1,syndrome2,mechanism1,mechanism2,mechanism3,mechanism4,mechanism5,distance,dispersal.ref,NZ.dispersal.notes,overseas.dispersal.notes,DW.dispersal.notes,NZseeds,NZFloraOnline,NZPCN,Kew SID,n_mech,n_synd,n_nonstd_mech
Acacia baileyana F.Muell.,Acacia baileyana,NA,Cootamundra wattle,"shrub or tree to 10 m high (Flora of Australia https://profiles.ala.org.au/opus/foa/profile/Acacia%20baileyana, accessed 16/6/2023); aril",shrub-tree,shrub,10,NZPCN: Waste places and scrubland,NA,pod with arillate seeds,fleshy,arillate seed,0.02181,ant,NA,ant,wind.none,NA,NA,NA,NA,Morgan et al. 2002; O'Dowd & Gill 1986; NZPCN,Seed dispersed a short distance form parent plant by wind and gravity (NZPCN),Seeds dispersed by ants in Australia and South Africa (Morgan et al. 2002); Animal; Diaspore is carried intentionally; Direct or experimental observation; (O'Dowd & Gill 1986); Ants.; Iridomyrmex sp.; Diaspore=seed. The seed has an aril or aril-like structure.,NA,NA,2022-06-02T00:00:00Z,45092,2022-06-19T00:00:00Z,2,1,1
Acacia dealbata Link,Acacia dealbata,Racosperma dealbatum in Flora,silver wattle,"shrub to large tree; Bushy shrub or spreading tree to 30 m high (Flora of Australia https://profiles.ala.org.au/opus/foa/profile/Acacia%20dealbata, accessed 15/6/2023)",shrub-tree,tree,30,"NZ Flora Online: bank, clay, coast, dry, gravel, hill, margin, open, pasture, riparian, river terrace, riverbed, roadside, sand, sheltered, shrubland, silt, slope, stone, terrace, track, wasteland; NZPCN: A plant of riverbed habitats and waste places. Prefers relatively high fertility and light.",riparian,pod with arillate seeds,fleshy,fleshy aril,0.01268,ant,NA,ant,internal,wind.none,water,NA,NA,O'Dowd & Gill 1986; Cronk & Fuller 1995; Higgins et al. 2006,Acacia spp. have no structures directly aiding active seed dispersal and large seeds (>10 mg) (Esler 1988); ballistic dispersal (Timmins & Mackenzie 1995) - but no evidence for this in its morphology so not included.,"seeds in silvereye droppings, Australia (Higgins et al. 2006). Animal; Diaspore is carried intentionally; Direct or experimental observation; Ants.; Diaspore=seed. The seed has an aril or aril-like structure (O'Dowd & Gill 1986); dispersed by wind & water (Cronk & Fuller 1995)",NA,NA,2023-06-15T00:00:00Z,45092,2023-06-15T00:00:00Z,4,1,3
Acacia longifolia (Andrews) Willd.,Acacia longifolia,Acacia sophorae; Racosperma longifolium in Flora,Sydney golden wattle,"shrub or small tree; Shrub or erect tree, (0.5–) 1–10 m high (Flora of Australia https://profiles.ala.org.au/opus/foa/profile/Acacia%20longifolia, accessed 15/6/2023)",shrub-tree,shrub,10,"NZ Flora Online: coast, dry, gap, loam, lowland, sand, shrubland, slope; NZPCN: Shrubland, coastal areas, dry banks and river beds",riparian,pod with arillate seeds,fleshy,fleshy aril; elaiosome,0.01486,ant,NA,ant,internal,wind.none,NA,NA,NA,Rice & Westoby 1981; O'Dowd & Gill 1986; Pemberton & Irving 1990; Higgins et al. 2006; Marchante et al. 2010; Smart et al. 2023; NZPCN,has no structures directly aiding active seed dispersal and large seeds (>10 mg) (Esler 1988); Seeds dispersed locally by wind and gravity (NZPCN),"Seed has an elaiosome (Pemberton & Irving 1990). Seeds dispersed by ants (Smart et al. 2023). Acacia longifolia seedlings have been reported under nests of collared dove (Streptopelia decaocto) in Portugal (Marchante et al. 2010). Other Australian Acacia species with arrillate seeds are ant-dispersed (Berg 1975). A. sophorae (synonym, O'Dowd & Gill 1986): Animal; Diaspore is carried or eaten intentionally depending upon the species of disperser; Direct or experimental observation; Ants+birds.; Rhytidoponera metallica; Meliphaga chrysops; Meliphaga virescens; Diaspore=seed; The seed has an aril or aril-like structure. Fruits eaten by silvereyes in Australia (as A. sophorae, Higgins et al. 2006). myrmecochorous (Rice & Westoby 1981)",NA,NA,2023-06-15T00:00:00Z,45092,2023-06-15T00:00:00Z,3,1,2
Acacia mearnsii De Wild.,Acacia mearnsii,Racosperma mearnsii in Flora,black wattle,"shrub to large tree; Spreading shrub or mostly erect tree to 10 (–16) m high (Flora of Australia https://profiles.ala.org.au/opus/foa/profile/Acacia%20mearnsii, accessed 15/6/2023). Usu. Grows taller in NZ (K. McAlpine)",shrub-tree,tree,10,"NZ Flora Online: clay, dry, gully, hill, loam, open, pasture, river terrace, roadside, sand, shrubland, slope, stone, terrace, unstable/eroded, wasteland; NZPCN: Waste places, scrubland, pasture, riverbanks",riparian,pod with arillate seeds,fleshy,fleshy aril,0.01325,ant,NA,ant,wind.none,internal,water,NA,NA,O'Dowd & Gill 1986; NZPCN; Cronk & Fuller 1995,has no structures directly aiding active seed dispersal and large seeds (>10 mg) (Esler 1988). Seed dispersed locally by wind and gravity (NZPCN),Animal; Diaspore is carried intentionally; Direct or experimental observation; Ants.; Diaspore=seed. The seed has an aril or aril-like structure (O'Dowd & Gill 1986); dispersed by mammals & water (Cronk & Fuller 1995),NA,NA,2023-06-15T00:00:00Z,45092,2023-06-15T00:00:00Z,4,1,3
Acacia melanoxylon R.Br.,Acacia melanoxylon,Racosperma melanoxylon in Flora,Tasmanian blackwood,"aril pink to crimson or red, shrub or tree normally a relatively large tree; Tree 6–30 (–45) m high; sometimes a shrub 1.5–3 m high (Flora of Australia https://profiles.ala.org.au/opus/foa/profile/Acacia%20melanoxylon, accessed 15/6/2023)",shrub-tree,tree,30,"NZ Flora Online:  bank, clay, dry, lowland, margin, open, roadside, slope, track; NZPCN: Waste places, often coastal, especially near plantations",NA,pod with arillate seeds,fleshy,"pink to crimson or red, large fleshy aril, elaiosome",0.01358,internal,ant,internal,ant,water,NA,NA,NA,O'Dowd & Gill 1986; Pemberton & Irving 1990; Cronk & Fuller 1995; Higgins et al. 2006,Acacia spp. have no structures directly aiding active seed dispersal and large seeds (>10 mg) (Esler 1988).,Animal; Diaspore is eaten intentionally; Direct or experimental observation; Birds.; Meliphaga chrysops; Diaspore=seed. The seed has an aril or aril-like structure (O'Dowd & Gill 1986); dispersed by birds & water (Cronk & Fuller 1995); seed has an elaiosome (Pemberton & Irving 1990). Fruits eaten by silvereyes in Australia (Higgins et al. 2006).,NA,NA,2023-06-15T00:00:00Z,45092,2023-06-15T00:00:00Z,3,2,2
Acacia paradoxa DC.,Acacia paradoxa,Racosperma paradoxum in Flora,kangaroo acacia,Shrub or small tree up to 3 m high,NA,shrub,3,"NZ Flora Online: clay, dry, lowland, margin, open, roadside, sand, slope, stone, wasteland. NZPCN: Open sites usually of low fertility near the coast",NA,pod with arillate seeds,fleshy,fleshy aril,0.014,ant,NA,ant,wind.none,NA,NA,NA,NA,Berg 1975; NZPCN,Acacia spp. have no structures directly aiding active seed dispersal and large seeds (>10 mg) (Esler 1988). Spreads locally by wind and gravity (NZPCN).,"Animal; Diaspore is carried intentionally; Direct or experimental observation; Ants.; Aphaenogaster longiceps (Berg, 1975)",NA,NA,2023-06-15T00:00:00Z,45092,2023-06-15T00:00:00Z,2,1,1
Acacia verticillata (L'Her.) Willd.,Acacia verticillata,Racosperma verticillatum in Flora,prickly moses,"shrub to small tree. Shrub or erect tree to 10 m high (Flora of Australia https://profiles.ala.org.au/opus/foa/profile/Acacia%20verticillata, accessed 15/6/2023)",shrub-tree,shrub,10,"NZ Flora Online: bank, clay, coast, dry, forest edge, gully, hill, lowland, margin, moist, open, peat, roadside, sand, scrubland, sheltered, shrubland, stone, terrace, unstable/eroded",NA,pod with arillate seeds,fleshy,fleshy aril,0.00886,ant,NA,ant,NA,NA,NA,NA,NA,Armstrong 1998,Acacia spp. have no structures directly aiding active seed dispersal and large seeds (>10 mg) (Esler 1988).,"Has elaiosome and is dispersed by ants (The Unforgettable Acacias. Modified from: Armstrong W. P. 1998, Zoonooz 71 (8): p. 28 - 31  http://waynesword.palomar.edu/plaug99.htm. Accessed 7/1/2010)",NA,NA,2023-06-15T00:00:00Z,45092,2023-06-15T00:00:00Z,1,1,0
Acanthus mollis L.,Acanthus mollis,NA,bear's breeches,NA,NA,herb,1.2,"Usually found near old settlements, in partial shade and along riverbanks.",riparian,capsule,dry,explosive capsule,0.208,ballistic,NA,ballistic,water,internal,NA,NA,NA,Esler 1988; NZPCN,"Propulsion of seed is achieved by the sudden release of the stout funiculus (retinaculum), which is held under tension in the ripening capsule (Esler 1988). Has no structures directly aiding active dispersal and large seeds >10 mg (Elser 1988). Dispersed by gravity, water and birds (NZPCN website, accessed 13 April 2023).",NA,attachment or internal,NA,2022-06-02T00:00:00Z,45030,2023-04-13T00:00:00Z,3,1,2
Acer negundo L.,Acer negundo,NA,box elder,tree to c. 17 m high,NA,tree,17,NA,NA,samara,dry,winged seed,0.03598,wind,NA,wind,NA,NA,NA,NA,41.1,Matlack 1987,NA,41.1 m estimated lateral distance in a 10 km/hr breeze (Matlack 1987),NA,NA,2023-09-29T00:00:00Z,NA,2023-09-29T00:00:00Z,1,1,0
Acer pseudoplatanus L.,Acer pseudoplatanus,NA,sycamore,seed is dispersed by wind and can be dispersed up to 85m from parent plants,NA,tree,20,"NZPCN: Coastal and lowland plant on sites with high fertility. Grows in a wide range of open forest and scrub types with moderately high light levels. NZ Flora Online:  bank, clay, coast, dry, forest, gap, gully, hill, loam, lowland, margin, open, pasture, riparian, roadside, rock outcrop, sand, shaded, sheltered, shrubland, slope, stone, terrace, track, wasteland",riparian,samara,dry,winged seed,0.09509999999999999,wind,NA,wind,internal,attachment,NA,NA,85,Jones 1945; Webb et al. 1988; Matlack 1987; Cronk & Fuller 1995; Spurr et al. 2011; Albert et al. 2015,Wind dispersal by wings (Webb et al. 1988; Esler 1988). Bellbirds feed on seeds (Spurr et al. 2011),"Wind; Diaspore is blown by wind; Method not stated; (Matlack, 1987, cited in Kew SID 19/6/2022); Diaspore=samara. The diaspore has wings.
    Wind; Diaspore is blown by wind; Direct or experimental observation; (Farmer, 1997, cited in Kew SID, 19/6/2022); Diaspore=samara. The diaspore has wings or wing-like features. wind dispersed (Cronk & Fuller 1995). Seeds are dispersed in fur and on hooves of deer (Albert et al. 2015); dispersal by wind, usu. over short distances only, though flights of 4 km have been recorded. Rate of fall about 0.9 m/s. Maximum distance of dispersal in 'tolerably strong breeze' from height of 15 m is 36-85 m...seed in bird droppings (Jones 1945).",NA,NA,2022-06-02T00:00:00Z,45030,2022-06-19T00:00:00Z,3,1,2
Actinidia chinensis Planch. (GBIF Taxon key: 3189694),Actinidia chinensis,Actinidia deliciosa; Actinidia chinensis var. deliciosa,kiwifruit,seed mass from A. chinensis; min and max seed no. were estimated from graph,vine,shrub,NA,"NZ Flora Online: bank, coast, dry, flat , forest, forest edge, gravel, loam, lowland, margin, moist, open, peat, sand, shaded, sheltered, shrubland, stone, terrace, track, wasteland",NA,berry,fleshy,fleshy,0.0016,internal,NA,internal,NA,NA,NA,NA,NA,Sullivan & Williams 2002; Logan & Xu 2006; Higgins et al. 2006,"Silvereye flocks commonly feed on both wild & orchard fruits; Rats also feed on fallen fruit; Reject fruits commonly fed to stock including deer, suggesting feral deer will feed on fallen fruit & disperse seeds (Sullivan & Williams 2002). Silvereyes feed on fruits (Higgins et al. 2006).","Japan: intact seeds of Actinidia spp. (A. arguta & A. polygama) found in mammal droppings - bear, marten, badger, fox & racoon dog (Koike et al. 2008). Intact seeds of A. arguta found in bear droppings (Takahashi et al. 2008).",NA,NA,2023-06-15T00:00:00Z,NA,2023-06-15T00:00:00Z,1,1,0
Adiantum raddianum C.Presl.,Adiantum raddianum,NA,NA,NA,NA,NA,NA,NA,NA,NA,fern,NA,NA,NA,NA,NA,NA,NA,NA,NA,NA,NA,NA,NA,NA,NA,NA,NA,NA,0,0,NA
Agapanthus praecox Willd.,Agapanthus praecox,NA,agapanthus,flowering stems 0.6-1.2m tall,NA,herb,1.2,NA,NA,capsule,dry,winged seed,NA,wind,NA,wind,NA,NA,NA,NA,NA,Esler 1988,NA,NA,NA,NA,2022-06-02T00:00:00Z,45030,NA,1,1,0
Agave americana L.,Agave americana,NA,century plant,scape 7-10m high,NA,shrub,10,"NZPCN: Thrives in dry conditions, coastal cliffs, sand dunes. NZ Flora online: bank, clay, cliff, coast, dry, gravel, lake margin, lava, lowland, open, pasture, ridge, roadside, rock outcrop, sand, scrubland, shrubland, silt, stone, terrace, track",NA,capsule,dry,flattened seed,0.00898,unspecialised,NA,unknown,NA,NA,NA,NA,NA,NA,ETNZF says unspecialised,"Based on dispersal of A. angustifolia: Wind; Diaspore is blown by wind; Direct or experimental observation; (Vazquez & Givnish, 1998); Diaspore is winged. But A. potatorum doesn't have winged seeds. Agave seeds are dispersed by wind https://agaveinarizona.wordpress.com/2014/01/27/agave-americana-seeds/comment-page-1/",dispersal based on morphology,NA,2022-06-02T00:00:00Z,45030,2022-06-19T00:00:00Z,0,1,0
Ageratina adenophora (Spreng.) R.M.King & H.Rob.,Ageratina adenophora,Eupatorium adenophorum,"Mexican devil, cats paw",herb to subshrub,NA,herb,3,"NZPCN: Lightly shaded frost-free areas, e.g. forest edges, shrublands, wetlands, streamsides, open forest, inshore and offshore islands, gumlands, slips, alluvial flats, coast and estuaries; NZ Flora Online: clay, coast, dry, forest, gap, gully, lava, log, margin, moist, open, ridge, roadside, scrubland, shaded, slope, stone, track",riparian,achene,dry,pappus,5.5e-5,wind,NA,wind,NA,NA,NA,NA,NA,Fromont & King 1992; Timmins & Mackenzie 1995; Cronk & Fuller 1995,NA,wind dispersed (Cronk & Fuller 1995),NA,NA,2022-06-02T00:00:00Z,45030,2022-06-19T00:00:00Z,1,1,0
Ageratina riparia (Regel) R.M.King & H.Rob.,Ageratina riparia,NA,mist flower,herb to subshrub,NA,herb,1,"NZPCN: coastal, lowland (Timmins & MacKenzie 1995). Forest margin, damp banks and streamsides, slips (Timmins & MacKenzie 1995). NZ Flora Online: bank, clay, coast, forest, gorge, gully, hill, loam, lowland, margin, moist, open, pasture, roadside, sand, shaded, sheltered, shrubland, slope, stone, wasteland.",riparian,achene,dry,pappus,NA,wind,NA,wind,NA,NA,NA,NA,NA,Fromont & King 1992; Timmins & Mackenzie 1995,NA,NA,NA,NA,2022-06-02T00:00:00Z,45030,2022-06-19T00:00:00Z,1,1,0
Ageratum houstonianum Mill.,Ageratum houstonianum,NA,ageratum,"ETNZF says seeds dispersed in birds gut, but fruit is dry",NA,herb,1,"NZ Flora Online: bank, clay, dry, gap, hill, lake margin, margin, open, pasture, ridge, river terrace, roadside, sand, sheltered, slope, stone, terrace, track, wasteland; NZPCN: Prefers open sunny spots along forest edges",riparian,achene,dry,pappus,1e-4,wind,NA,wind,NA,NA,NA,NA,NA,NZPCN,NZPCN 19 June 2022: Dispersed by people and the wind.,"Based on A. conyzoides: Animal; Diaspore is carried accidentally; Assumption based upon diaspore morphology; (Mori & Brown, 1998); Diaspore=fruit. The diaspore has spiny, spiky, hooked or barbed projections or awns. Wind; Assumption based upon diaspore morphology; (Foster et al., 1986)",NA,NA,2022-06-02T00:00:00Z,45033,2022-06-19T00:00:00Z,1,1,0
Agrostis capillaris L.,Agrostis capillaris,NA,browntop,NA,grass,herb,1,"NZ Flora Online:  alpine, bank, clay, cliff, coast, dry, flat , forest, forest edge, gap, grassland, gravel, hill, lake margin, log, lowland, margin, open, pasture, peat, ridge, roadside, rock outcrop, scree, shaded, sheltered, shrubland, silt, slope, stone, terrace, track, wasteland ; NZPCN: scrub and forest margin, both short and tall tussocklands, herbfields, fernlands, sanddunes and river beds",riparian,caryopsis,dry,none,7.5e-5,unspecialised,NA,attachment,internal,wind.none,water,NA,NA,Timmins & Mackenzie 1995; Couvreur et al. 2004; Mouissie et al. 2005; Albert et al. 2015; Almeida et al. 2022,"Seed dispersed by wind, water, humans and vertebrates (Timmins & Mackenzie 1995).","seeds attached to real sheep fleece in considerable numbers, also attached to both sheep and cattle experimental dummies (Mouissie et al. 2005); Seeds dispersed by deer internally and attached to hooves (Albert et al. 2015); seeds dispersed attached to cattle, donkey and horse fur (Couvreur et al. 2004). seeds ingested by waterfowl (Almeida et al. 2022).",NA,NA,2022-06-02T00:00:00Z,45033,2022-06-19T00:00:00Z,4,1,4
Ailanthus altissima (Mill.) Swingle,Ailanthus altissima,Toxicodendron altissimus,tree of heaven,NA,NA,tree,25,"NZ Flora Online: bank, clay, coast, dry, flat, forest edge, gravel, gully, hill, lowland, margin, open, pasture, river terrace, roadside, sand, sheltered, shrubland, slope, stone, terrace, wasteland",riparian,samara,dry,winged seed,0.0292,wind,NA,wind,water,NA,NA,NA,200-7500,"Kaproth & McGraw 2008; Farmer 1997, cited in SID",NA,"Kaproth & McGraw 2008: primarily dispersed by wind, but seeds have high viability after 5 months in water. Dispersal distances by water longer than wind. Farmer 1997 (cited in Kew SID): Diaspore is blown by wind; Direct or experimental observation; Diaspore=samara. The diaspore has wings or wing-like features.",NA,NA,2022-06-02T00:00:00Z,NA,2022-06-19T00:00:00Z,2,1,1
Akebia quinata Decne.,Akebia quinata,NA,"chocolate vine, five-leafed akebia",fruits rare; numerous seeds embedded in translucent gelatinous pulp,NA,NA,NA,NA,NA,berry-like dehiscent,fleshy,fleshy,NA,NA,NA,NA,NA,NA,NA,NA,NA,Koike et al. 2008; Takahashi et al. 2008,NA,"Japan: intact seeds of Akebia spp. (A. quinata & A. trifoliata) found in mammal droppings - bear, marten, badger, fox & racoon dog (Koike et al. 2008). Japan: intact seeds found in bear droppings (Takahashi et al. 2008).",NA,rare,NA,NA,NA,0,0,NA
Allium triquetrum L.,Allium triquetrum,NA,onion weed,"plant up to 0.5m tall, scape up to 0.6 high",NA,herb,0.6,"NZ Flora Online: bank, clay, dry, forest, gravel, hill, lowland, moist, open, pasture, roadside, sand, shaded, slope, stone, terrace, tree, wasteland; NZPCN: Disturbed forest and shrubland, streamsides, herbfields, bare land. Especially after spraying or other clearance to bare land.",riparian,capsule,dry,elaiosome,NA,ant,NA,ant,NA,NA,NA,NA,NA,Pemberton & Irving 1990,has no structures directly aiding active seed dispersal and medium-sized seeds (1-10 mg) (Esler 1988).,seed has an elaiosome (Pemberton & Irving 1990),NA,NA,2022-06-02T00:00:00Z,45033,NA,1,1,0
Alnus glutinosa (L.) Gaertn.,Alnus glutinosa,NA,common alder,NA,NA,tree,15,"NZ Flora Online: coast, lake margin, lowland, margin, moist, open, pasture, sand, shaded, sheltered, silt, stone; NZPCN: riparian areas along rivers and lakes.",riparian,catkin,dry,"winged nut, retain viability in water for long periods",0.005,wind,NA,wind,water,attachment,internal,NA,NA,"Young & Young 1992, cited in SID; Couvreur et al. 2004; Rosenthal 2006; Albert et al. 2015; Almeida et al. 2022",NA,"Diaspore is blown by wind; Direct or experimental observation (Young, J.A. and Young, C.G. 1992. Seeds of Woody Plants in North America. Dioscorides Press, Oregon, Portland. Cited in Seed Information Database); Diaspore=nut. The diaspore has wings or wing-like features. Seeds have been known to remain viable after floating in freshwater for 12 months. Wind - winged seed; water - unwettable, floating tissue, specific weight <1 (Rosenthal 2006). Seeds dispersed by deer in fur and on hooves (Albert et al. 2015); seeds dispersed attached to cattle fur (Couvreur et al. 2004).  seeds ingested by waterfowl (Almeida et al. 2022).",NA,NA,2022-06-02T00:00:00Z,45033,2022-06-19T00:00:00Z,4,1,3
Alocasia brisbanensis (F.M.Bailey) Domin,Alocasia brisbanensis,Alocasia macrorrhiza,Elephant's ear,NA,NA,herb,3,"NZ Flora Online: bank, dry, hill, lowland, margin, moist, open, pasture, riparian, roadside, sand, shrubland, slope, stone, terrace. NZPCN: Wetlands, streamsides, river systems, heavily disturbed shrubland and forest, damp frost-free open areas, regenerating ex-pasture.",riparian,berry,fleshy,fleshy,0.01,internal,NA,internal,NA,NA,NA,NA,NA,West 1996,Widespread distribution throughout Raoul Island and onto the Meyer Islets has probably resulted from birds dispersing the seeds (West 1996). Bird-dispersed (West 1996),NA,NA,NA,2023-06-15T00:00:00Z,45092,2023-06-15T00:00:00Z,1,1,0
Aloe maculata All.,Aloe maculata,Aloe saponaria in Flora,"spotted aloe, soap aloe",NZPCN website; accessed 11 April 2023: seed apparently not formed; Probably exclusively vegetative in New Zealand,NA,herb,1,NA,NA,capsule,dry,NA,0.001645,NA,NA,NA,NA,NA,NA,NA,NA,NA,"Probably exclusively vegetative spread in NZ (NZPCN website, accessed 11 April 2023).",NA,NA,none,2022-06-02T00:00:00Z,NA,2022-06-19T00:00:00Z,0,0,NA
Alternanthera philoxeroides (Mart.) Griseb.,Alternanthera philoxeroides,NA,alligator weed,Does not produce seeds (Timmins & Mackenzie 1995); has undeveloped seeds (Esler 1988); Fruit not seen (NZ Flora Online),NA,NA,NA,NA,NA,utricle,aquatic,NA,NA,NA,NA,NA,NA,NA,NA,NA,NA,NA,NA,NA,NA,none,2023-04-17T00:00:00Z,NA,NA,0,0,NA
Calamagrostis arenaria (L.) Roth.,Calamagrostis arenaria,Ammophila arenaria,marram grass,"seed production appears to be low (Timmins & Mckenzie 1995); Low amounts of seed are produced. Seed viability is low, with no contribution to the seed bank (NZPCN).",grass,herb,1.7,"NZ Flora Online: coast, dry, grassland, moist, open, pasture, sand, shrubland, slope; NZPCN: Coastal plant, usually occurs on sand dunes, can occur in inland sites with low fertility.",NA,caryopsis,dry,ring of hairs at base of lemma and palea (James et al. 2012),0.003,NA,NA,NA,NA,NA,NA,NA,NA,Timmins & Mackenzie 1995; Atkinson 1997; Bouman et al. 2000 cited in Kew SID.,NZPCN: Can spread large distances via seed. Seed is dispersed by wind.,"Wind; Diaspore is blown by wind; Method not stated; (Bouman et al., 2000)",NA,rare,2022-06-02T00:00:00Z,45033,2022-06-19T00:00:00Z,0,0,NA
Amphilophium crucigerum (L.) L.G.Lohmann,Amphilophium crucigerum,Pithecoctenium crucigerum,monkey's comb,"not in Flora; Clayson's notes: vine; NZPCN 16 June 2022: vine, fruit is a large flattened woody capsule (up to 30 x 7 cm) that is very spiny, and contains winged seeds.",vine,shrub,NA,NA,NA,capsule,dry,winged seed,0.05579,wind,NA,wind,NA,NA,NA,NA,NA,NZPCN,"Ogle, C. (2022): Amphilophium crucigerum Fact Sheet (content continuously updated). New Zealand Plant Conservation Network. https://www.nzpcn.org.nz/flora/species/amphilophium-crucigerum/ (16 June 2022)",NA,NA,NA,2022-06-16T00:00:00Z,44728,2022-06-19T00:00:00Z,1,1,0
Andropogon virginicus L.,Andropogon virginicus,NA,broomsedge,anthers and caryopsis not seen (Webb et al. 1988),NA,NA,NA,NA,NA,caryopsis,dry,NA,NA,NA,NA,NA,NA,NA,NA,NA,NA,NA,NA,flowers sterile or not developed (Cronk & Fuller 1995),NA,none,NA,NA,NA,0,0,NA
Angelica pachycarpa Lange,Angelica pachycarpa,NA,angelica,NA,NA,herb,0.6,"NZ Flora Online: cliff, coast, dry, grassland, gravel, moist, open, pasture, roadside, rock outcrop, shaded, sheltered, shrubland, silt, slope, stone, terrace, wasteland; NZPCN: Mainly coastal, waste places",NA,schizocarp,dry,"flattened fruit with lighter, spongy lateral wings",0.00817,unspecialised,NA,water,wind.none,NA,NA,NA,NA,NZPCN,"dispersed by humans, wind, water (NZPCN)",Angelica sylvestris dispersed by water (Ecological Flora of the British Isles),dispersal based on morphology,NA,2022-06-02T00:00:00Z,45033,2023-04-17T00:00:00Z,2,1,2
Anredera cordifolia (Ten.) Steenis,Anredera cordifolia,NA,madeira vine,NA,NA,NA,NA,NA,NA,indehiscent,dry,NA,NA,NA,NA,NA,NA,NA,NA,NA,NA,NA,NA,NA,NA,none,NA,NA,NA,0,0,NA
Aponogeton distachyos L.f.,Aponogeton distachyos,NA,cape pondweed,freshwater aquatic,NA,herb,0.06,NZ Flora Online: freshwater aquatic; NZPCN: Still and flowing water bodies,riparian,follicle,aquatic,spongy outer testa,NA,water,NA,water,NA,NA,NA,NA,NA,"Cook 1987, cited in SID",NA,"Water; Method not stated; (Cook, 1987, cited in Kew SID)",NA,NA,2022-06-02T00:00:00Z,45033,2022-06-19T00:00:00Z,1,1,0
Araujia sericifera Brot.,Araujia sericifera,Araujia hortorum,"moth vine, moth plant",vine; fruit split lengthwise to release numerous blackish-coloured seeds (4-8 mm long) that are topped with a tuft of long white silky hairs (20-30 mm long),vine,shrub,10,"NZ Flora Online: hill, roadside, sand, shrubland; Timmins & McKenzie: coastal, lowland cliff, bluff, waste places and other modified habitats",NA,NA,dry,seeds topped with a tuft of long hairs,NA,wind,NA,wind,water,NA,NA,NA,NA,Timmins & McKenzie 1995; Vivianne-Smith & Panetta 2005; Killick 2017,NA,"mean floating time of seeds was 15.4 days, suggesting that water could act as a secondary dispersal vector, contributing to long-distance dispersal (Vivianne-Smith & Panetta 2005)",NA,NA,2022-06-02T00:00:00Z,45033,NA,2,1,1
Archontophoenix cunninghamiana (H.Wendl.) H.Wendl. & Drude,Archontophoenix cunninghamiana,NA,bangalow palm,not in Flora - recent naturalisation. Info available on Weedbusters website.,NA,tree,13,"Weedbusters: gullies, stream banks, swampy areas. Grows readily in shaded area of canopy cover.",riparian,NA,fleshy,fleshy,0.5682,internal,NA,internal,water,NA,NA,NA,NA,"Weedbusters; Zona & Henderson 1989, cited in Kew SID","Bird spread the seeds long distances. Also spread by water and gravity. (Weedbusters https://www.weedbusters.org.nz/what-are-weeds/weed-list/bangalow-palm/, accessed 15/6/2023","Birds dispersed (Zona & Henderson 1989, cited in SID)",NA,NA,NA,45092,2023-06-15T00:00:00Z,2,1,1
Arctium minus (Hill) Bernh.,Arctium minus,NA,burdock,NA,NA,herb,1.5,"NZ Flora Online:  bank, coast, forest, forest edge, grassland, hill, lowland, margin, open, pasture, riverbed, roadside, sand, slope, stone, terrace, track, wasteland; NZPCN: Forest margins, waste places, roadsides, creek beds.",riparian,achene,dry,pappus; hooked involucral bracts and ready detachment of mature head,0.0089,attachment,NA,attachment,wind.none,internal,water,NA,NA,Esler 1988; Webb et al. 1988; Green 2016; Almeida et al. 2025; NZPCN,"Capitual is desseminal due to hooked involucral bracts and ready detachment of mature head (Esler 1988). Dispersed by wind, water, people (NZPCN); Artium species have hooked tips on the stiff recurved involucral bracts thyat serve in dispersal of capitula at fruiting (Webb et al. 1988). Arctium lappa has adhesion mechanisms and is found in sheeps fleece (Webb et al. 1988).",seeds ingested by waterfowl in North America (Almeida et al. 2025),NA,NA,2022-06-02T00:00:00Z,45033,2022-06-19T00:00:00Z,4,1,3
Aristea ecklonii Baker,Aristea ecklonii,NA,blue-eyed iris,"plant up to 0.8m; flower clusters borne at tips of stems, scapes to 0.45m high",NA,herb,0.45,"NZ Flora Online: bank, clay, coast, dry, hill, lowland, open, pasture, ridge, roadside, wetland; NZPCN: Shrubland, open and disturbed forest (esp Kauri), herbfields, bush margins, gumland, coastline, rocky and bare land, especially in warm areas.",NA,capsule,dry,none,0.0012150000000000002,unspecialised,NA,wind.none,water,NA,NA,NA,NA,"NZPCN website, accessed 11 April 2023","NZPCN: seed dispersed by people, wind, water; ETNZF says unspecialised",NA,NA,NA,2022-06-02T00:00:00Z,45027,2022-06-19T00:00:00Z,2,1,2
Artemisia verlotiorum Lamotte,Artemisia verlotiorum,NA,Chinese mugwort,Peter de Lange pers. comm. 20/7/2022: never seen setting seed,NA,herb,2,NA,NA,achene,dry,none,NA,NA,NA,NA,NA,NA,NA,NA,NA,Mosyakin et al. 2019,NA,"A. verlotiorum is a long-lived rhizomatous perennial forming large colonies by vegetative propagation, sometimes combined with sexual reproduction and seed dispersal; although dispersal by means of fragments of underground parts (rhizomes & stolons) in soil and plant material seems to be the primary mode, at least in Europe (Verloove et al. 2021). Some seeds wind dispersed (Mosyakin 2019)",NA,none,2022-06-02T00:00:00Z,NA,NA,0,0,NA
Arum italicum Mill.,Arum italicum,NA,Italian arum,25–60 cm high,NA,herb,0.6,"NZ Flora Online: bank, cliff, forest, hill, lowland, moist, open, pasture, roadside, rock outcrop, sand, shrubland, silt, terrace, wasteland. NZPCN: Heavily disturbed shrubland and forest, herbfield, damp areas with low cover, regenerating ex-pasture",NA,berry,fleshy,fleshy,0.039,internal,NA,internal,NA,NA,NA,NA,NA,Thompson 1976; Webb et al. 1988; Esler 1988,"""Observations in New Zealand suggest that domestic poultry & wild birds may be agents of dispersal"" (Webb et al. 1988). probably bird-dispersed but this has not been confirmed by direct observation (Esler 1988).",NA,NA,NA,2023-06-15T00:00:00Z,45092,2023-06-15T00:00:00Z,1,1,0
Arundo donax L.,Arundo donax,NA,giant reed,NZPCN: Little or no seed set in New Zealand; NZ Flora Online: Caryopsis not seen,reed,shrub,5,"NZ Flora Online: bank, clay, cliff, coast, dry, gorge, lowland, margin, moist, open, pasture, ridge, riparian, roadside, rock outcrop, sand, scrubland, sheltered, shrubland, silt, slope, stone, tussockland, unstable/eroded, wasteland, wetland; NZPCN: Often aquatic. Emergent. Moist forest communities, lowland and coastal forest, streamside and gully communities, intertidal areas, shrublands, alluvial areas, roadsides, farm hedges, wastelands, domestic gardens, coastal areas in general. Prefers areas where the soil does not dry out completely.",riparian,caryopsis,dry,NA,1.0879999999999999e-4,NA,NA,NA,NA,NA,NA,NA,NA,"Fromont & King 1992; 1.Cook, C.D.K. 1987. Dispersion in aquatic and amphibious vascular plants. In: Plant Life in Aquatic Habitats (Ed. by R.M.M. Crawford), pp. 179-190. Special Publication no 5, British Ecological Society. Blackwell Scientific Publications, Oxford.",NA,NA,NA,rare,2022-06-02T00:00:00Z,45033,NA,0,0,NA
Asparagus aethiopicus L.,Asparagus aethiopicus,NA,bushy asparagus,NA,NA,herb,NA,"NZ Flora Online: bank, cliff, coast, dry, margin, open, pasture, roadside, rock outcrop, sand, shaded, sheltered, shrubland, stone",NA,berry,fleshy,fleshy,0.038340000000000006,internal,NA,internal,NA,NA,NA,NA,NA,Esler 1988,Asparagus spp. have succulent fruits which are dispersed by birds quite effectively (Esler 1988).,NA,NA,NA,2022-06-02T00:00:00Z,NA,2023-06-15T00:00:00Z,1,1,0
Asparagus asparagoides (L.) Druce,Asparagus asparagoides,NA,smilax,low growing creeper or climber,vine,shrub,NA,"NZ Flora online:  bank, clay, cliff, coast, dry, forest, gravel, gully, hill, lava, loam, lowland, margin, open, pasture, roadside, rock outcrop, sand, scrubland, shaded, sheltered, shrubland, slope, stone, terrace, track, wasteland. NZPCN: Thrives in impoverished soils, bare rock and volcanic soils. Likes good drainage. Coastal areas, open rocklands, shrubland, roadsides, hedges, wastelands, inshore and offshore islands. Plants are typically found under tree canopies which is largely due to bird movement but also reflects greater seedling establishment in leaf litter and better growth in shaded or part-shaded environments.",NA,berry,fleshy,fleshy,0.0054,internal,NA,internal,ant,NA,NA,NA,NA,"Esler 1988; Fromont & King 1992; van der Pijl 1982, cited in SID; Higgins et al. 2006",Dispersed by birds (Fromont & King 1992); Asparagus spp. have succulent fruits which are dispersed by birds quite effectively (Esler 1988).,"dispersed by ants (van der Pijl 1982, cited in Kew SID). Seeds in silvereye droppings, Australia (Higgins et al. 2006).",NA,NA,2023-06-15T00:00:00Z,45092,2023-06-15T00:00:00Z,2,1,1
Asparagus scandens Thunb.,Asparagus scandens,NA,climbing asparagus,NA,vine,shrub,NA,"NZ Flora Online: bank, cliff, coast, dry, flat , forest, gully, hill, lava, loam, lowland, margin, open, pasture, roadside, rock outcrop, sand, shaded, sheltered, shrubland, slope, terrace. NZPCN: lowland and coastal forest, shrublands, mature broadleaf/podocarp forests especially those of light to moderate shade, streams, coastal areas, shrublands, epiphytic niches, roadsides, gravel pits/quarries, farm hedges, house gardens and wasteland areas. Can infest unmodified and fully intact forest.",riparian,berry,fleshy,fleshy,NA,internal,NA,internal,NA,NA,NA,NA,NA,Fromont & King 1992; Timmins & Mackenzie 1995; Atkinson 1997,"Spread by birds, especially blackbirds (Fromont & King 1992); Asparagus spp. have succulent fruits which are dispersed by birds quite effectively (Esler 1988).",NA,NA,NA,2023-06-15T00:00:00Z,45092,NA,1,1,0
Asphodelus fistulosus L.,Asphodelus fistulosus,NA,onion weed,NA,NA,herb,0.4,"NZ Flora Online: bank, cliff, coast, dry, gravel, open, roadside, rock outcrop, sand, slope, stone, unstable/eroded, wasteland, wetland; NZPCN: Usually coastal areas",NA,capsule,dry,none,0.0027,unspecialised,NA,unknown,NA,NA,NA,NA,NA,NA,NA,NA,NA,NA,2022-06-02T00:00:00Z,45034,2022-06-22T00:00:00Z,0,1,0
Azolla pinnata R.Br.,Azolla pinnata,NA,ferny azolla,NA,NA,NA,NA,NA,NA,spore,fern,NA,NA,NA,NA,NA,NA,NA,NA,NA,NA,NA,NA,NA,NA,NA,NA,NA,NA,0,0,NA
Baccharis halimifolia L.,Baccharis halimifolia,NA,cotton seed tree,NA,NA,shrub,4,NA,NA,achene,dry,pappus,1e-4,wind,NA,wind,water,internal,NA,NA,"Seeds have been recorded as drifting up to 140 m from a 2 m high plant. However, most seeds fall within a few metres of the parent plant (Sims-Chilton & Panetta 2011)",Sims-Chilton & Panetta 2011; Almeida et al. 2025,NA,seeds are attached to a pappus and are readily dispersed by wind and water (Sims-Chilton & Panetta 2011). Seeds ingested by waterfowl in Noth America (Almeida et al. 2025).,NA,NA,2022-06-03T00:00:00Z,NA,2022-06-22T00:00:00Z,3,1,2
Banksia integrifolia L.f.,Banksia integrifolia,NA,coastal banksia,large shrub or small tree,NA,tree,15,"NZ Flora Online: bank, clay, cliff, coast, dry, forest, hill, loam, lowland, margin, moist, open, pasture, peat, ridge, roadside, rock outcrop, sand, scrubland, sheltered, shrubland, silt, slope, stone, terrace, wasteland, wetland",NA,cone,dry,winged seed,0.01366,wind,NA,wind,NA,NA,NA,NA,300 m,"Australian National Herbarium https://www.anbg.gov.au/banksia/, accessed 1/6/2023; Weedbusters website https://www.weedbusters.org.nz/what-are-weeds/weed-list/coastal-banksia/, accessed 1/6/2023",Spreads locally by seed fall and wind dispersal up to at least 300m from seeding trees.,seeds are released spontaneously upon maturity (Price & Morgan 2003),NA,NA,2022-06-03T00:00:00Z,NA,2023-04-18T00:00:00Z,1,1,0
Bartlettina sordida (Less.) R.M.King & H.Rob.,Bartlettina sordida,NA,Bartlettina,NA,NA,shrub,2,"NZ Flora Online: bank, clay, dry, forest, lowland, margin, open, pasture, ridge, roadside, scrubland, sheltered, slope, wasteland",NA,achene,dry,pappus,NA,wind,NA,wind,NA,NA,NA,NA,NA,"NZPCN website, accessed 11 April 2023",NA,NA,NA,NA,2022-06-03T00:00:00Z,45027,NA,1,1,0
Bellis perennis L.,Bellis perennis,NA,double daisy,peduncle (flower stalk) 3-15 (-25) cm long,NA,herb,0.15,NA,NA,achene,dry,none,1.1999999999999999e-4,unspecialised,NA,internal,NA,NA,NA,NA,NA,Welch 1985; Albert et al. 2015,pappus absent,"Combination: wind+animal+unassisted; Method not stated; (van der Pijl, 1982); Also dispersed by water. Diaspore=achene. Achenes fall beneath/close to the parent plant and are possibly thrown further from the plant by the action of wind on the peduncle and infrutescence. Granivorous birds and rainwash are probably also involved in dispersal; Seeds are dispersed internally by deer (Albert et al. 2015). seeds germinated from cattle & sheep dung (Welch 1985).",NA,NA,2022-06-03T00:00:00Z,NA,2023-04-18T00:00:00Z,1,1,1
Berberis darwinii Hook.,Berberis darwinii,NA,Darwin's barberry,shrub to C. 4 m high,NA,shrub,4,"NZ Flora Online: bank, clay, cliff, coast, dry, forest, forest edge, gully, hill, lake margin, loam, lowland, margin, open, pasture, ridge, roadside, rock outcrop, sand, scrubland, shaded, sheltered, slope, stone, terrace, track, unstable/eroded. NZPCN: low forest, scrub, forest margins and shrublands. Plant found in remnant forest stands, scrub, along forest and plantation margins, roadsides in Chile (Webb, Sykes and Garnock-Jones 1988). Plant found in forest margins, second-growth bush, scrub, plantations and roadsides.",NA,berry,fleshy,fleshy,0.00845,internal,NA,internal,NA,NA,NA,NA,NA,Timmins & Mackenzie 1995; Burrows 1995; Higgins et al. 2006,bird dispersed (Burrows 1995). Silvereyes feed on fruit (Higgins et al. 2006).,"England: fruits much sought after by birds in summer, especially in dry weather & largely by juvenile blackbirds (Snow & Snow 1988).",NA,NA,2023-06-16T00:00:00Z,45093,2023-06-16T00:00:00Z,1,1,0
Berberis glaucocarpa Stapf,Berberis glaucocarpa,NA,barberry,shrub to c. 7 m high,NA,shrub,7,"NZ Flora Online: bank, clay, cliff, coast, dry, forest, forest edge, gorge, gully, hill, loam, lowland, margin, moist, open, pasture, ridge, riparian, roadside, rock outcrop, sand, shaded, sheltered, shrubland, silt, slope, stone, terrace, track, wasteland, wetland",riparian,berry,fleshy,fleshy,0.0422,internal,NA,internal,NA,NA,NA,NA,NA,Williams & Karl 1996; Wyman & Kelly 2017,Intact seeds found in possum droppings (Wyman & Kelly 2017),NA,NA,NA,2023-06-16T00:00:00Z,NA,NA,1,1,0
Betula pendula Roth,Betula pendula,NA,silver birch,NA,NA,tree,25,"NZ Flora Online:  dry, gravel, lowland, margin, montane, open, sand, stone, terrace, wasteland; NZPCN: wetland",NA,catkin,dry,winged seed,6e-4,wind,NA,wind,attachment,internal,NA,NA,NA,Webb et al. 1988; Mouissie et al. 2005; Albert et al. 2015; Almeida et al. 2022,"light, wind-dispersed fruits with bracts (Webb et al. 1988); light nutlet with large wing","Wind; Diaspore is blown by wind; Method not stated; (Young & Young, 1992, cited in Kew SID); Diaspore=nut. The diaspore has wings or wing-like features. Combination: wind+animal; Method not stated; (Bouman et al., 2000, cited in Kew SID); seeds dispersed by deer internally (sometimes) and in fur and hooves (always; Albert et al. 2015); seeds occasionally attached to fleece on experimental sheep dummy but not cattle dummy (Mouissie et al. 2005).  seeds ingested by waterfowl (Almeida et al. 2022).",NA,NA,2022-06-03T00:00:00Z,45034,2022-06-19T00:00:00Z,3,1,2
Bidens frondosa L.,Bidens frondosa,NA,beggars' ticks,NA,NA,herb,2,"NZ Flora Online: bank, clay, coast, dry, forest, gravel, lake margin, lowland, margin, moist, pasture, peat, riparian, roadside, sand, silt, stone, terrace, wasteland; NZPCN: Water body margins, swamps, damp waste places and low-lying areas",riparian,achene,dry,pappus with barbed awns; barbed spines; seeds have two sharp barbs (NZ Flora Online); adhesive burr,0.0049299999999999995,attachment,NA,attachment,water,internal,bird nesting material,NA,NA,"Esler 1988; Couvreur et al. 2004; Kehr et al. 2014; Warren et al. 2017; NZPCN; Almeida et al. 2022, 2025","Bidens spp. have barbed spines which cling to clothing and animal coats (Esler 1988); two barbed teeth easily attaching to clothing and hair (NZPCN, factsheet prepared by Paul Champion and Deborah Hofstra (NIWA))","B. frondosa dispersed by hydrochory, sampled in river (Kehr et al. 2014); seeds dispersed attached to cattle and donkey fur (Couvreur et al. 2004); seeds ingested by waterfowl in Europe (Almeida et al. 2022) and North America (Almeida et al. 2025). Dispersed in bird nesting material (Warren et al. 2017).",NA,NA,2022-06-03T00:00:00Z,45034,2022-06-19T00:00:00Z,4,1,3
Bomarea multiflora (L.f.) Mirb.,Bomarea multiflora,NA,NA,vine; fruit is a capsule that splits to release bright orange or red fleshy seeds,vine,shrub,NA,"NZ Flora Online: bank, dry, forest, gully, hill, lowland, margin, open, pasture, roadside, sheltered, shrubland, slope, terrace",NA,dehiscent capsule with fleshy seeds,fleshy,fleshy,NA,internal,NA,internal,NA,NA,NA,NA,NA,NA,NA,NA,dispersal based on morphology,NA,2022-06-03T00:00:00Z,NA,NA,1,1,0
Bromus tectorum L.,Bromus tectorum,NA,cheat grass,NA,grass,herb,0.8,"NZ Flora Online: bank, coast, dry, grassland, gravel, hill, loam, lowland, montane, open, pasture, ridge, roadside, rock outcrop, sand, slope, terrace, track, wasteland",NA,caryopsis,dry,long awns,0.003,attachment,NA,attachment,wind.none,internal,NA,NA,NA,Cronk & Fuller 1995; Eichberg et al. 2007; Albert et al. 2015; Rutledge & McLendon sine anno,Bromus hordaceaous has no structures directly aiding active seed dispersal and medium-sized seeds (1-10 mg). B. fonkii and B. willdenowii have no structures directly aiding active seed dispersal and large seeds >10 mg (Esler 1988).,"Animal; Diaspore is carried accidentally; Method not stated; (Rutledge & McLendon, sine anno), Mammals (non-bat) Rutledge, C.R. and T. McLendon. sine anno. An Assessment of Exotic Plant Species of Rocky Mountain National Park. Department of Rangeland Ecosystem Science, Colorado State University. Online. Available: http://www.npwrc.usgs.gov/resource/plants/explant/index.htm). 29/10/07; Also dispersed by wind (SID). wind dispersed (Cronk & Fuller 1995); seeds are dispersed in deer fur (always; Albert et al. 2015); seeds germinated from sheep faeces (Eichberg et al. 2007)",NA,NA,2022-06-03T00:00:00Z,NA,2022-06-19T00:00:00Z,3,1,2
Bryonia cretica L.,Bryonia cretica,Bryonia dioica,white bryony,genus not in flora (see NZ Flora Online B. cretica subsp. dioica and NZPCN website); tendril-climbing herbaceous plant; vine to 6 m tall,vine,shrub,6,"NZPCN: Disturbed and open forest and shrubland, stream edges",riparian,berry,fleshy,fleshy,0.02247,internal,NA,internal,NA,NA,NA,NA,NA,NZPCN; Snow & Snow 1988,Seed dispersed by birds (NZPCN),"England: fruits eaten by blackbird, song thrush & other bird species (Snow & Snow 1988). Czechoslovakia: fruits eaten by starling (Snow & Snow 1988).",NA,NA,NA,45093,2023-06-16T00:00:00Z,1,1,0
Buddleja davidii Franch.,Buddleja davidii,NA,buddleia,NA,NA,shrub,3,"NZ Flora Online: bank, clay, cliff, coast, dry, forest, forest edge, gap, gorge, gravel, hill, lava, lowland, margin, open, pasture, ridge, riverbed, roadside, rock outcrop, sand, sheltered, shrubland, slope, stone, terrace, track, tree, unstable/eroded, wasteland; NZPCN: Terrestrial. Occurs in Lowland sites with low-moderate fertility (Timmins & MacKenzie 1995). Colonises new, coarse-textured, nitrogen deficient surfaces (Smale 1990). Colonises stable habitats (Kay & Smale 1990). Thrives on free-draining pumice soils of the central north island (Mike Harre, pers comm.) Found in scrub and forest margins, cliffs, bluffs and riverbeds (Timmins & MacKenzie 1995). Colonises alluvial sites (Smale 1990).Very invasive of forest margins and revegetation areas (Porteus 1993). The plant is invasive of waste spaces, river beds and plantation forests especially following land disturbance i.e. forest harvesting (Golden Bay Gazette, 27/12/96).",riparian,capsule,dry,winged seed,1e-4,wind,NA,wind,water,NA,NA,NA,NA,Timmins & Mckenzie 1995; Tallent-Halsell & Watt 2009,seed dispersed by wind and water (Timmins & Mckenzie 1995),"seeds have long wings; majority dispersed 10 m or more, maximum dispersal distance unknown; also reported to be water dispersed, especially along sea coasts, floodplains and riparian corridors (Tallent-Halsell & Watt 2009).",NA,NA,2022-06-03T00:00:00Z,NA,2022-06-19T00:00:00Z,2,1,1
Buddleja madagascariensis Lam.,Buddleja madagascariensis,NA,Madagascar buddleia,fruit not seen,NA,NA,NA,NA,NA,berry,fleshy,NA,NA,NA,NA,NA,NA,NA,NA,NA,NA,NA,NA,NA,NA,none,2022-06-19T00:00:00Z,NA,NA,0,0,NA
Biancaea decapetala (Roth) O.Deg.,Biancaea decapetala,Caesalpinia decapetala,mysore thorn,scrambling shrub to c. 15 m tall,NA,shrub,15,"NZ Flora Online: cliff, coast, flat , open, pasture, rock outcrop, shrubland",NA,pod,dry,none,1.2449000000000001,unspecialised,NA,water,wind.none,NA,NA,NA,NA,Hosaka & Thistle 1954; West 1996; Starr et al. 2003,Seeds are not dispersed far from parent plants (West 1996). Seeds lie in the open pod until disturbed by rain or wind (West 1996).,"Starr et al. 2003: The medium sized seeds may be dispersed by rodents and granivorous birds, but man is almost certainly the principal dispersal agent in Hawai’i (Smith 1985). Hosaka and Thistle (1954) note that the seed is spread considerable distances by running water. It is thought that the Maui plants may have been the result of seeds in mud on large machinery used to do road work on the Hana Hwy.",NA,NA,2022-06-03T00:00:00Z,NA,2023-04-18T00:00:00Z,2,1,2
Callistachys lanceolata Vent.,Callistachys lanceolata,Oxylobium lanceolatum,oxylobium,tall shrub or tree,NA,tree,7,"Waste places, scrubland, often in sandy coastal sites (Webb et al 1988)",NA,pod,dry,none,NA,unspecialised,NA,unknown,NA,NA,NA,NA,NA,Hopley & Byrne 2018,has no structures directly aiding active seed dispersal and medium-sized seeds (1-10 mg) (Esler 1988).,gravity dispersed seed (Hopley and Byrne 2018),NA,NA,2022-06-03T00:00:00Z,NA,NA,0,1,0
Calluna vulgaris (L.) Hull,Calluna vulgaris,NA,heather,NA,NA,shrub,0.5,"NZ Flora Online: alpine, bank, clay, coast, dry, forest, grassland, gravel, hill, margin, moist, montane, open, pasture, peat, ridge, roadside, rock outcrop, sand, shrubland, slope, stone, terrace, track, tussockland, wasteland; NZPCN: A plant of montane, subalpine and alpine habitats. The plant grows in sites of low - moderate fertility. Plant found in scrub and forest margin, shrubland, tall and short tussockland, herbfields, riverbeds, wetlands, alpine gravel fields, dune slacks and road edges.",riparian,capsule,dry,none,2.9999999999999997e-5,unspecialised,NA,wind.none,internal,attachment,NA,NA,"91.3% of seeds dispersed within 0.8m of plant centre, maximum distance 80m rare events",Welch 1985; Timmins & Mackenzie 1995; Bullock & Clarke 2000; Mouissie et al. 2005; Albert et al. 2015; Almeida et al. 2022,"gravity, wind dispersal; seed dispersal calculated at 100 m in winds of 10 m/s & 250 m in 30-40 m/s (Timmins & Mackenzie 1995)","wind dispersed but no special adaptations, measured dispersal distances using seed traps around isolated plants (Bullock & Clarke 2000); seeds dispersed by deer internally (sometimes) and in fur and on hooves (sometimes; Albert et al. 2015); seeds attached to experimental sheep and cattle dummies (Mouissie et al. 2005). seeds germinated from cattle, red deer, hare and red grouse dung (Welch 1985).  seeds ingested by waterfowl (Almeida et al. 2022).",NA,NA,2022-06-03T00:00:00Z,45034,2022-06-20T00:00:00Z,3,1,3
Calystegia silvatica (Kit.) Griseb.,Calystegia silvatica,Convolvulus silvaticus; Convolvulus sylvestris; Calystegia sylvestris,great bindweed,climbing or scrambling plant,vine,shrub,NA,"NZ Flora Online: bank, clay, dry, gap, loam, lowland, margin, open, pasture, riparian, roadside, sand, sheltered, slope, stone, terrace, track, tree, unstable/eroded, wasteland; NZPCN: Gardens, waste places, forest edges, roadsides etc",riparian,capsule,dry,none,0.021256,unspecialised,NA,unknown,NA,NA,NA,NA,NA,Esler 1988,has no structures directly aiding active seed dispersal and large seeds >10 mg (Esler 1988).,"C. macrostegia: Unassisted and/or methods originating from parent plant; Method not stated; (Keeley, 1991, cited in Kew SID)",NA,NA,2022-06-03T00:00:00Z,45034,2022-06-20T00:00:00Z,0,1,0
Canna indica L.,Canna indica,NA,Indian shot,NA,NA,herb,2,"NZ Flora Online: clay, coast, dry, gravel, lowland, margin, open, ridge, sand, sheltered, silt, stone, terrace, track, wasteland; NZPCN: Damp spots, wetlands, low-growing habitats, disturbed shrubland, streamsides, riversystems",riparian,capsule,dry,none,0.15515,unspecialised,NA,unknown,NA,NA,NA,NA,NA,Esler 1988,has no structures directly aiding active seed dispersal and large seeds >10 mg (Esler 1988).,NA,NA,NA,2022-06-03T00:00:00Z,45034,2023-04-18T00:00:00Z,0,1,0
Carex demissa Hornem.,Carex demissa,NA,European yellow sedge,NA,NA,herb,0.3,"NZPCN: Water body margins, swamps, damp waste places and low-lying areas",riparian,nut,dry,air-filled vesicle,6.9e-4,water,NA,water,NA,NA,NA,NA,NA,Rosenthal 2006,NA,"hydrochorous - air-filled vesicle; dysochorous, lost food (Rosenthal 2006)",NA,NA,2022-06-03T00:00:00Z,45034,2022-06-20T00:00:00Z,1,1,0
Carex divisa Huds.,Carex divisa,NA,divided sedge,NA,NA,herb,0.6,NA,NA,nut,dry,none,0.00136,unspecialised,NA,unknown,NA,NA,NA,NA,NA,NA,NA,NA,NA,NA,2022-06-03T00:00:00Z,NA,2022-06-20T00:00:00Z,0,1,0
Carex divulsa Stokes,Carex divulsa,NA,grey sedge,NA,NA,herb,0.6,NZPCN: Widespread from the coast to subalpine situations. Usually found as a pasture and lawn weed with a distinct preference for calcareous or other base-rich substrates. Will colonise forest especially forest margins and gaps. A serious weed in native vegetation.,NA,nut,dry,none,0.0025099999999999996,unspecialised,NA,internal,NA,NA,NA,NA,NA,Almeida et al. 2022,"Seed dispersed by contaminated machinery or garden discards (NZPCN, factsheet prepared by Paul Champion and Deborah Hofstra (NIWA))",seeds ingested by waterfowl (Almeida et al. 2022).,NA,NA,2022-06-03T00:00:00Z,45034,2022-06-20T00:00:00Z,1,1,1
Carex flacca Schreb.,Carex flacca,NA,blue sedge,NA,NA,herb,0.5,NA,NA,nut,dry,none,9e-4,unspecialised,NA,internal,water,attachment,NA,NA,NA,Healy & Edgar 1980; Albert et al. 2015; Almeida et al. 2022,"""Fruits lack characters assisting dispersal, most falling close to the parent plants: longer distance dispersal sometimes occurs when fruit is carried on animal coats, in mud in hooves, by run-off water on slopes, or in drains and streams"" (Healy & Edgar 1980).",seeds dispersed internally by deer (sometimes; Albert et al. 2015).  seeds ingested by waterfowl (Almeida et al. 2022).,NA,NA,2022-06-03T00:00:00Z,NA,2022-06-20T00:00:00Z,3,1,3
Carex leporina L.,Carex leporina,Carex ovalis,oval sedge,NA,NA,herb,0.6,"NZPCN: Wide variety of wet habitats from lowland to subalpine, especially disturbed habitats, but also a problem weed in short turf wetland where it can completely displace indigenous vegetation",NA,nut,dry,none,6.3e-4,unspecialised,NA,internal,NA,NA,NA,NA,NA,Carroll 1966,Seed dispersed by contaminated machinery or waterfowl (NZPCN factsheet prepared by prepared by Paul Champion and Deborah Hofstra (NIWA)). Seeds recorded in pukeko gizzards (Carroll 1966).,NA,attachment or internal,NA,2022-06-03T00:00:00Z,45034,2022-06-20T00:00:00Z,1,1,1
Carex longibrachiata Boeckeler,Carex longebrachiata,Carex longifolia,Australian sedge,NA,NA,herb,0.9,"NZ Flora Online: bank, clay, coast, dry, flat , hill, lowland, open, pasture, sand, scrubland, sheltered, shrubland, slope, stone, terrace; NZPCN: grassland",NA,nut,dry,none,0.0017,unspecialised,NA,wind.none,attachment,NA,NA,NA,NA,Molloy et al. 1967,has no structures directly aiding active seed dispersal and medium-sized seeds (1-10 mg) (Esler 1988); The seed is dispersed by gravity and livestock (NZPCN); Molloy et al. 1967: The seed of Australian sedge is relatively heavy and the utricle is not endowed with special mechanisms to assist dispersal. Most of the seed shed falls within 12 in. from the edge of the canopy. Some is carried for longer distances by strong gusts of wind or on the feet of livestock.,NA,NA,NA,2022-06-03T00:00:00Z,45034,2022-06-20T00:00:00Z,2,1,2
Carex lurida Wahlenb.,Carex lurida,NA,sallow sedge,NA,NA,herb,0.9,"Lowland swamps, roadside drains",NA,nut,dry,none,0.0011619999999999998,unspecialised,NA,internal,NA,NA,NA,NA,NA,NZPCN,"Seed dispersed by contaminated machinery or waterfowl (NZPCN, factsheet prepared by Paul Champion and Deborah Hofstra (NIWA)) (DMW: could be attachment or internal, but assumed internal as more likely).",NA,dispersal based on morphology,NA,2022-06-03T00:00:00Z,45034,2022-06-20T00:00:00Z,1,1,1
Carex pendula Huds.,Carex pendula,NA,NA,NA,NA,herb,2.5,NA,NA,nut,dry,none,7.5e-4,unspecialised,NA,unknown,NA,NA,NA,NA,NA,NA,NA,NA,dispersal based on morphology,NA,2022-06-03T00:00:00Z,NA,2022-06-20T00:00:00Z,0,1,0
Carex scoparia Schkuhr ex Willd.,Carex scoparia,NA,NA,NA,NA,herb,0.9,NZPCN: Swamps and lake margins,NA,nut,dry,none,4.372e-4,unspecialised,NA,internal,bird nesting material,NA,NA,NA,NA,Warren et al. 2017; Almeida et al. 2025; NZPCN,Seed dispersed by contaminated machinery or waterfowl (NZPCN factsheet prepared by prepared by Paul Champion and Deborah Hofstra (NIWA)),seeds ingested by waterfowl in North America (Almeida et al. 2025). Seeds dispersed in bird nesting material (Warren et al. 2017).,dispersal based on morphology,NA,2022-06-03T00:00:00Z,45034,2022-06-20T00:00:00Z,2,1,2
Carpobrotus chilensis (Molina) N.E.Br.,Carpobrotus chilensis,Carpobrotus aequilaterus,ice plant,Mat-forming trailing perennial herb,NA,herb,NA,"NZ Flora Online: bank, cliff, coast, dry, pasture, roadside, rock outcrop, sand, slope, stone, track",NA,"indehiscent, fleshy, mucilaginous",fleshy,fleshy,3.4e-4,internal,NA,internal,NA,NA,NA,NA,NA,Vila & D'Antonio 1998; Higgins et al. 2006,NA,Seeds dispersed by black-tailed jackrabbit and mule deer (Vila & D'Antonio 1998); fruits eaten by silvereyes in Australia (Higgins et al. 2006).,NA,NA,2023-06-16T00:00:00Z,NA,2023-06-16T00:00:00Z,1,1,0
Carpobrotus edulis (L.) N.E.Br.,Carpobrotus edulis,NA,ice plant,Mat-forming trailing perennial herb,NA,herb,NA,"NZ Flora Online: coast, roadside, sand",NA,"indehiscent, fleshy, mucilaginous",fleshy,fleshy,3.7e-4,internal,NA,internal,NA,NA,NA,NA,NA,Vila & D'Antonio 1998; D'Antonio 1990,NA,"California, USA: dispersed by mammals including  jackrabbit, brush rabbit, mule deer, & California ground squirrel, which ground up more than half of seeds ingested. Seeds found in unidentified rodent droppings damaged & not viable (D'Antonio 1990).",NA,NA,2023-06-16T00:00:00Z,NA,2023-06-16T00:00:00Z,1,1,0
Casuarina glauca Sieber,Casuarina glauca,NA,swamp oak,NA,NA,tree,15,NA,NA,cone,dry,winged seed,0.003,wind,NA,wind,NA,NA,NA,NA,NA,NA,NA,Casuarina equisetifolia: wind likely seed dispersaL vector (Shiels 2011),dispersal based on morphology,NA,2022-06-03T00:00:00Z,NA,2022-06-20T00:00:00Z,1,1,0
Caulerpa brachypus Harv.,Caulerpa brachypus,NA,NA,NA,NA,NA,NA,NA,NA,NA,seaweed,NA,NA,NA,NA,NA,NA,NA,NA,NA,NA,NA,NA,NA,NA,NA,NA,NA,NA,0,0,NA
Celastrus orbiculatus Thunb.,Celastrus orbiculatus,NA,climbing spindle berry,Dehiscent capsule with seeds enclosed entirely in fleshy aril; Seed number is for each of the 3 locules within the capsule. climber up to 12 m high.,vine,tree,12,"NZ Flora Online: bank, clay, dry, forest, gap, gravel, hill, loam, lowland, margin, open, ridge, riparian, roadside, rock outcrop, sand, shaded, sheltered, shrubland, slope, stone, terrace, wasteland. NZPCN: climbs on rocks and trees and sometimes covers the ground and vegetation (Hutchison 2000)",riparian,aril,fleshy,fleshy,0.01048,internal,NA,internal,NA,NA,NA,NA,NA,Williams & Timmins 2003,seed is spread by birds (NZPCN),seeds dispersed by birds in North America.,NA,NA,2023-06-16T00:00:00Z,45093,2023-06-16T00:00:00Z,1,1,0
Cenchrus alopecuroides (L.) Thunb.,Cenchrus alopecuroides,Cenchrus purpurascens; Pennisetum alopecuroides,Chinese fountain grass,"not in Flora or NZ Flora Online, but possible synonym included; Culm 20–40 cm (NZ Flora online, Cenchrus purpurescens)",grass,herb,0.4,NA,NA,caryopsis,dry,barbed bristles,NA,attachment,NA,attachment,wind.none,NA,NA,NA,>600km,McIntyre et al. 1995; Toon et al. 2018,NA,"Pennisetum alopecuroides (synonym) dispersed by attachment and wind, based on morphology (McIntyre et al. 1995); C. purpurascens (synonym): small barbs along the bristles of the floret (Figure 3) that might aid in the attachment of the propagule to animal vectors;  occasional long-distance gene flow via seeds, possibly attached to migratory shore birds (Toon et al. 2018)",NA,NA,2023-04-19T00:00:00Z,NA,2022-06-20T00:00:00Z,2,1,1
Cenchrus caudatus (Schrad.) Kuntze,Cenchrus caudatus,Cenchrus macrourus; Pennisetum macrourum,African feather grass,"Culm 75–120 cm, erect; seeds are shed still surrounded in the finely-barbed feathery bristles.",grass,herb,1.2,"NZPCN: A plant that likes damp situations such as swamps and the borders of streams, but can also tolerate drought and establish on dry shady banks. A plant that prefers light sandy soil. In New Zealand this plant has shown no preference for soil types or locality. A plant that grows in pastures, roadsides, urban areas, wasteland and roadsides, swamps and streambanks. The plant has been found growing in grazing land, cemeteries and private sections and amenity areas.",riparian,caryopsis,dry,rough bristles,0.0015300000000000001,unspecialised,NA,unknown,NA,NA,NA,NA,NA,NA,NA,NA,dispersal based on morphology,NA,2022-06-03T00:00:00Z,NA,2023-04-11T00:00:00Z,0,1,0
Cenchrus clandestinus (Hochst. ex Chiov.) Morrone,Cenchrus clandestinus,Pennisetum clandestinum,kikuyu grass,seeds are rarely formed; leaves up to 25cm long.,NA,NA,NA,NA,NA,caryopsis,dry,NA,NA,NA,NA,NA,NA,NA,NA,NA,NA,NA,NA,NA,NA,rare,2022-06-03T00:00:00Z,NA,NA,0,0,NA
Cenchrus longisetus M.C.Johnst.,Cenchrus longisetus,Pennisetum villosum,feathertop,seeds are shed with the feathery bristles still surrounding them,grass,herb,0.35,NA,NA,caryopsis,dry,feathery bristles,0.0014,unspecialised,NA,unknown,NA,NA,NA,NA,NA,NA,NA,NA,dispersal based on morphology,NA,2022-06-03T00:00:00Z,NA,2023-04-11T00:00:00Z,0,1,0
Cenchrus purpureus (Schumach.) Morrone,Cenchrus purpureus,Pennisetum purpureum in Flora,elephant grass,caryopsis not seen,NA,NA,3,NA,NA,caryopsis,dry,NA,NA,NA,NA,NA,NA,NA,NA,NA,NA,NA,NA,NA,NA,none,2022-06-03T00:00:00Z,NA,NA,0,0,NA
Cenchrus setaceus (Forssk.) Morrone,Cenchrus setaceus,Pennisetum setaceum,NA,seeds are shed with the feathery bristles still surrounding them; no data in Kew SID,grass,herb,1,NA,NA,caryopsis,dry,"feathery bristles, plume of hairs on propagule",0.00164,wind,NA,wind,water,attachment,NA,NA,NA,Toon et al. 2018; NZPCN,"Spikelets with bristles disperse in late spring with wind, water, human activities, and by clinging to animals (NZPCN)","plume of hairs extending from base of propagule, which probably facilitate dispersal by wind (Toon et al. 2018)",NA,NA,2022-06-03T00:00:00Z,45035,NA,3,1,2
Centranthus ruber (L.) DC.,Centranthus ruber,NA,red valerian,"seed mass from Kew SID, 9 June 2022",NA,herb,0.8,NA,NA,NA,dry,plumed seed,0.00177,wind,NA,wind,NA,NA,NA,NA,NA,"Burrows 1986, cited in SID",NA,Wind dispersed - Assumption based upon diaspore morphology,NA,NA,2022-06-03T00:00:00Z,NA,2022-06-20T00:00:00Z,1,1,0
Ceratophyllum demersum L.,Ceratophyllum demersum,NA,hornwort,"possible reproduction by seeds, but unverified in Auckland (Esler 1988). No evidence that seed is set in NZ (NZPCN).",NA,NA,NA,NA,NA,nut,aquatic,NA,NA,NA,NA,NA,NA,NA,NA,NA,NA,NZPCN Factsheet prepared by Paul Champion and Deborah Hofstra (NIWA),NA,seeds dispersed by water bird ectozoochory (Reynolds & Cumming 2016),NA,none,NA,45035,NA,0,0,NA
Cestrum aurantiacum Lindl.,Cestrum aurantiacum,NA,orange cestrum,fruits uncommon,NA,NA,NA,NA,NA,berry,fleshy,fleshy,NA,NA,NA,NA,NA,NA,NA,NA,NA,NA,NA,internal dispersal (Albuquerque et al. 2006),NA,rare,NA,NA,NA,0,0,NA
Cestrum elegans (Brongn. ex Neumann) Schltdl.,Cestrum elegans,NA,red cestrum,fruits uncommon,NA,NA,NA,NA,NA,berry,fleshy,fleshy,NA,NA,NA,NA,NA,NA,NA,NA,NA,NA,NA,"categorised as bird-dispersed, based on fruit size (8-13 mm diam.), colour (red) and shape (Albuquerque et al. 2006)",NA,rare,NA,NA,NA,0,0,NA
Cestrum fasciculatum (Schltdl.) Miers,Cestrum fasciculatum,NA,red cestrum,"shrub 2-4 m high, fruit uncommon",NA,shrub,4,Flora: scrub and secondary forest on hillsides,NA,berry,fleshy,fleshy,0.00191,NA,NA,NA,NA,NA,NA,NA,NA,NA,NA,NA,NA,rare,2022-06-03T00:00:00Z,NA,2023-06-16T00:00:00Z,0,0,NA
Cestrum nocturnum L.,Cestrum nocturnum,NA,queen of the night,"Shrub, generally 1.5–2.5 m high",NA,shrub,2.5,"NZ Flora Online: coast, gully, margin, sheltered, slope, Flora: waste places, sheltered gullies, scrub",NA,berry,fleshy,fleshy,0.0032400000000000003,internal,NA,internal,NA,NA,NA,NA,NA,Higgins et al. 2006,fruits eaten by silvereyes (Higgins et al. 2006),"C. elegans categorised as bird-dispersed, based on fruit size (8-13 mm diam.), colour (red) and shape (Albuquerque et al. 2006)",NA,NA,2022-06-03T00:00:00Z,NA,2023-06-16T00:00:00Z,1,1,0
Chamaecytisus prolifer (L.f.) Link,Chamaecytisus prolifer,Cytisus proliferus; Chamaecytisus palmensis,"tagasaste, tree lucerne",shrub or small tree up to 5m high,NA,tree,5,"NZ Flora Online: bank, clay, cliff, coast, dry, gravel, gully, hill, lowland, margin, open, pasture, riverbed, roadside, rock outcrop, sand, sheltered, shrubland, terrace, track, wasteland; NZPCN: Dry places, river beds, coastal sites, hillsides",riparian,pod,dry,"explosively dehiscent pod, elaiosome",0.023600000000000003,ballistic,ant,ballistic,ant,water,internal,NA,NA,Webb et al. 1988; Pemberton & Irving 1990; Higgins et al. 2006; NZPCN,explosively dehiscent pod (Webb et al. 1988); seeds ingested by silvereyes (Higgins et al. 2006). Dispersed by water and moving gravel (NZPCN),Seed has an elaiosome (Pemberton & Irving 1990),NA,NA,2022-06-15T00:00:00Z,45037,2023-04-21T00:00:00Z,4,2,3
Chlorophytum comosum (Thunb.) Jacques,Chlorophytum comosum,Anthericum comosum,spider plant,"not in Flora; seed mass from Kew SID, 9 June 2022",NA,NA,NA,NA,NA,NA,dry,NA,0.0021619,NA,NA,NA,NA,NA,NA,NA,NA,NA,Appears to be spread by vegetative growth (tuberous roots) only (Ogle & La Cock 2019),NA,NA,none,2022-06-15T00:00:00Z,NA,NA,0,0,NA
Chrysojasminum humile (L.) Banfi,Chrysojasminum humile,Jasminum humile,Italian jasmine,shrub to  c. 2.5 m high,NA,shrub,2.5,"NZ Flora Online:  cliff, forest, hill, margin, open, ridge, roadside, rock outcrop, stone, wasteland",NA,berry,fleshy,fleshy,NA,internal,NA,internal,NA,NA,NA,NA,NA,Meisenburg & Fox 2002,NA,Jasminum spp. verified as vertebrate-dispersed (Meisenburg & Fox 2002),NA,NA,2022-06-15T00:00:00Z,NA,NA,1,1,0
Cirsium arvense (L.) Scop.,Cirsium arvense,NA,californian thistle,NA,NA,herb,1,"NZ Flora Online: alpine, bank, coast, dry, flat , forest, grassland, gravel, hill, loam, log, lowland, margin, moist, montane, open, pasture, roadside, sand, scree, shrubland, silt, slope, stone, terrace, track, tussockland, unstable/eroded, wasteland",NA,achene,dry,pappus; elaiosome,0.00134,wind,ant,wind,internal,water,ant,NA,NA,Pemberton & Irving 1990; Harrington et al. 2011; Soomers et al. 2013; Albert et al. 2015; Almeida et al. 2022,seeds fed to goats viable and germinated after defecation (Harrington et al 2011),"Wind dispersed, moderate floating potential (Soomers et al. 2013); Wind; Diaspore is blown by wind; Method not stated; (Rutledge & McLendon, sine anno); Humans.; Also dispersed by animals. Diaspore=seed. The seed has a pappus. Dispersed by humans as a contaminant of crop seed, manure, straw, and in irrigation water (cited in Kew SID). seeds dispersed internally (sometimes) by deer (Albert et al. 2015). Seed has an elaiosome (Pemberton & Irving 1990).  seeds ingested by waterfowl (Almeida et al. 2022).",NA,NA,2022-06-03T00:00:00Z,NA,2023-04-19T00:00:00Z,4,2,3
Cirsium vulgare (Savi) Ten.,Cirsium vulgare,NA,Scotch thistle,NA,NA,herb,1.5,"NZ Flora Online:  alpine, bank, clay, coast, dry, flat , grassland, gravel, gully, hill, log, moist, montane, open, pasture, riparian, roadside, rock outcrop, sand, sheltered, shrubland, silt, slope, stone, terrace, track, tussockland, wasteland; NZPCN: Wasteland, roadsides, pastures, gardens, cultivated land, disturbed forest (Webb et al., 1988). Track edges, slips, barer ridges, under light gaps in the forest (West, 1996).",riparian,achene,dry,pappus; elaiosome,0.0029100000000000003,wind,ant,wind,internal,attachment,ant,NA,NA,Matlack 1987; Pemberton & Irving 1990; Marchant & Higgins 1990a; Burrows 1995; McIntyre et al. 1995; West 1996; Couvreur et al. 2004; Harrington et al. 2011; Morris et al. 2011; Almeida et al. 2022,wind dispersed (Burrows 1995); seeds fed to goats viable and germinated after defecation (Harrington et al. 2011),wind dispersed (Matlack 1987; McIntyre et al. 1995); seeds dispersed attached to cattle fur (Couvreur et al. 2004); seed has an elaiosome (Pemberton & Irving 1990). Seeds caught in seed trap (Morris et al. 2011).  seeds ingested by waterfowl (Almeida et al. 2022). seeds ingested by grey duck in NSW Australia (Marchant & Higgins 1990a).,NA,NA,2022-06-03T00:00:00Z,NA,2023-04-19T00:00:00Z,4,2,3
Clematis flammula L.,Clematis flammula,NA,fragrant virgin's bower,climber; not in NZ Flora Online,vine,shrub,NA,NA,NA,achene,dry,achenes hairy; style elongated & feathery at fruiting,0.008119999999999999,wind,NA,wind,water,NA,NA,NA,NA,Esler 1988,In Clematis spp. the elongated style is plumose and readily airborne and waterborne at maturity (Esler 1988). C. flammula wind dispersed (Esler 1988).,NA,NA,NA,2022-06-03T00:00:00Z,NA,2023-04-11T00:00:00Z,2,1,1
Clematis terniflora DC.,Clematis terniflora,Clematis maximowicziana,NA,climber,vine,shrub,NA,"NZPCN: Bush margins, shrubland",NA,achene,dry,achenes hairy; style elongated & feathery at fruiting,0.00524,wind,NA,wind,water,NA,NA,NA,NA,Esler 1988,In Clematis spp. the elongated style is plumose and readily airborne and waterborne at maturity (Esler 1988).,NA,NA,NA,2022-06-03T00:00:00Z,45035,2023-04-11T00:00:00Z,2,1,1
Clematis vitalba L.,Clematis vitalba,NA,old man's beard,climber,vine,tree,NA,"NZ Flora Online: bank, clay, coast, dry, forest, forest edge, grassland, gravel, hill, log, lowland, margin, open, pasture, ridge, riparian, river terrace, roadside, rock outcrop, scrubland, shaded, shrubland, slope, terrace, wasteland; NZPCN: A plant of coastal and lowland areas. Plant grows in moderate to high fertile sites with medium to good drainage. The plant is light demanding. Plant grows in tall forest, low forest, scrub and shrubland. Occurs in reserves and forests with well-lit forest margins and wide tracks, waterways or clearings, riparian vegetation, exotic or native. The plant occurs in forest remnants.",riparian,achene,dry,achenes hairy; style elongated & feathery at fruiting,0.00222,wind,NA,wind,water,NA,NA,NA,NA,Williams & Buxton 1995; Esler 1988,In Clematis spp. the elongated style is plumose and readily airborne and waterborne at maturity (Esler 1988). C. vitalba wind dispersed (Esler 1988).,NA,NA,NA,2022-06-03T00:00:00Z,45035,2023-04-11T00:00:00Z,2,1,1
Cobaea scandens Cav.,Cobaea scandens,NA,cathedral bells,liane,vine,shrub,NA,"NZ Flora Online: bank, clay, cliff, coast, dry, forest edge, gap, gravel, lowland, margin, open, riparian, roadside, rock outcrop, sand, sheltered, shrubland, silt, slope, stone, terrace, wasteland; NZPCN: Potential to become a major weed in tall and undisturbed forests, natural open areas, scrub, forest remnants, hedgerows, roadsides, riverbanks, gardens, shelterbelts and undisturbed native forests (ARC, PestFacts).",riparian,capsule,dry,winged seed,0.0723,wind,NA,wind,NA,NA,NA,NA,NA,Esler 1988,NA,NA,NA,NA,2022-06-03T00:00:00Z,45035,2023-04-11T00:00:00Z,1,1,0
Cornus capitata Wall.,Cornus capitata,Dendrobenthamia capitata,strawberry dogwood,"2-seeded drupes united into fleshy syncarp. Small, evergreen tree up to 6–(12) m high",NA,tree,6,"NZ Flora Online: margin, roadside",NA,drupe,fleshy,fleshy,0.036899999999999995,internal,NA,internal,NA,NA,NA,NA,NA,Webb et al. 1988; Higgins et al. 2006; Spurr et al. 2011,has probably become naturalised by spread of bird-dispersed fruits from garden plants (Webb et al. 1988); fruit eaten by bellbirds (Spurr et al. 2011). Fruits eaten by silvereyes (Higgins et al. 2006).,NA,NA,NA,2022-06-03T00:00:00Z,NA,2023-06-16T00:00:00Z,1,1,0
Cortaderia jubata (Lemoine) Stapf,Cortaderia jubata,NA,purple pampas grass,culm to 3.5m; seed heads up to 90cm long,grass,shrub,4.5,"NZ Flora Online:  coast, dry, lowland, open, pasture, roadside, rock outcrop, sand, slope, wasteland; NZPCN: Forest light gaps, slips, margins, disturbed sites, open habitats, riverbeds, cliffs, inshore and offshore islands, tussockland, fernland, herbfield, duneland, coastline, gumlands, salt marsh, estuaries, shrublands.",riparian,caryopsis,dry,lemma awns with long downy hairs,NA,wind,NA,wind,NA,NA,NA,NA,NA,Esler 1988; Timmins & Mackenzie 1995,Wind dispersed (Esler 1988).,NA,NA,NA,2022-06-03T00:00:00Z,45035,NA,1,1,0
Cortaderia selloana  (Schult. & Schult.f.) Asch. & Graebn.,Cortaderia selloana,NA,pampas grass,culm to 6m; inflorescence to 1m,grass,shrub,6,"NZ Flora Online: bank, coast, gully, hill, moist, open, pasture, roadside, rock outcrop, sand, sheltered, shrubland, slope; NZPCN: A coastal and lowland plant found between sea level and 800 metres. Plant grows in sites of all levels of fertility from low to high. The plant grows in a wide variety of soils from pumice and coastal sands to heavy clay (Ford 1993). Coloniser of open ground (West, 1996). A plant that occurs in low or disturbed forest (including plantations), wetlands, grasslands, scrub, cliffs, coastlines, islands, forest margins, riverbanks, shrubland, open areas, roadsides and sand dunes. The plant’s primary habitat is disturbed ground.",riparian,caryopsis,dry,lemma awns with long downy hairs,NA,wind,NA,wind,NA,NA,NA,NA,NA,Esler 1988; Fromont & King 1992; Timmins & Mackenzie 1995; Roldão Almeida et al. 2024,Wind dispersed (Esler 1988).,Roldão Almeida et al. 2024,NA,NA,2022-06-03T00:00:00Z,45035,NA,1,1,0
Cotoneaster coriaceus Franch.,Cotoneaster coriaceus,Cotoneaster lacteus,milk-flower cotoneaster,erect shrub to small tree 2-5 (-6)m tall,shrub-tree,shrub,5,"NZPCN: Dry shrubland, forest margins, wasteland in urban places",NA,pome-like,fleshy,fleshy,0.00777,internal,NA,internal,NA,NA,NA,NA,NA,NZPCN,Seed is widely distributed by birds (NZPCN),NA,NA,NA,2023-06-16T00:00:00Z,45093,2023-06-16T00:00:00Z,1,1,0
Cotoneaster franchetii Boiss.,Cotoneaster franchetii,NA,cotoneaster,Erect shrub 1–2 m tall,NA,shrub,2,"NZ Flora Online: bank, clay, cliff, coast, dry, forest, forest edge, gap, gravel, gully, hill, lowland, margin, moist, open, pasture, riparian, roadside, rock outcrop, sand, shaded, sheltered, shrubland, silt, slope, stone, terrace, unstable/eroded, wasteland. NZPCN: dry forest and shrubland up to 300 m, forest margins, dry rangeland, bluffs, rocky sites, slips, riverbeds",riparian,pome-like,fleshy,fleshy,0.00888,internal,NA,internal,NA,NA,NA,NA,NA,Williams & Karl 1996,NA,NA,NA,NA,2022-06-03T00:00:00Z,45093,2023-06-16T00:00:00Z,1,1,0
Cotoneaster glaucophyllus Franch.,Cotoneaster glaucophyllus,NA,cotoneaster,shrub 1.3–4 m tall,NA,shrub,4,"NZ Flora Online: bank, clay, cliff, coast, dry, forest, gorge, gravel, hill, lava, lowland, margin, moist, open, pasture, riparian, roadside, rock outcrop, sand, scrubland, shaded, sheltered, shrubland, silt, slope, stone, terrace, track, unstable/eroded. NZPCN: Gardens, bushland, wasteland areas and along railway lines. (Ermert and Clapp 1998) Wasteland, scrub in gullies, a garden weed (Webb et al., 1988). Stream banks, riverbeds, coastal and inshore islands, dry shrublands, rocklands, forest steeplands, coastal forest, forest margins and slips, roadside, quarries, wasteland, exotic plantations (Fromont and King, 1992).",riparian,pome-like,fleshy,fleshy,0.00718,internal,NA,internal,NA,NA,NA,NA,NA,Esler 1988; Fromont & King 1992,Dispersed by birds (Fromont & King 1992),NA,NA,NA,2022-06-03T00:00:00Z,45093,2023-06-16T00:00:00Z,1,1,0
Cotoneaster simonsii Baker,Cotoneaster simonsii,NA,khasia berry,"shrub, 1.5–3.5 m tall",NA,shrub,3.5,"NZ Flora Online:  bank, clay, cliff, coast, dry, flat , forest edge, gorge, grassland, hill, margin, open, pasture, riparian, roadside, rock outcrop, sand, scrubland, shaded, sheltered, shrubland, silt, slope, stone, terrace, wasteland. NZPCN: Dry cool forest and shrubland up to 900 m., forest margins, dry rangeland, bluffs, rocky sites, slips, riverbeds.",riparian,pome-like,fleshy,fleshy,0.013179999999999999,internal,NA,internal,NA,NA,NA,NA,NA,Burrows 1995,bird-dispersed (Burrows 1995),NA,NA,NA,2022-06-03T00:00:00Z,45093,2023-06-16T00:00:00Z,1,1,0
Cotyledon orbiculata L.,Cotyledon orbiculata,NA,pig's ear,subshrub; flowering stems to c. 50cm high,NA,shrub,0.5,"NZ Flora Online: bank, cliff, coast, dry, grassland, hill, open, pasture, roadside, rock outcrop, sand, scree, shrubland, slope, wasteland; NZPCN: dry coastal bluffs. Coastal slopes and beaches, often on steep banks, rocky outcrops, cliff faces and bare ledges, sometimes in low scrub and dry depleted grassland (Webb et al 1988).",NA,follicle,dry,dust seeds,2e-5,unspecialised,NA,wind.none,NA,NA,NA,NA,NA,SID,NA,"Wind; Diaspore is blown by wind; Method not stated; (van Rheede van Oudtshoorn & van Rooyen, 1999, cited in SID); Diaspore=seed. The seed is small or very small (dust seeds).",NA,NA,2022-06-03T00:00:00Z,45035,2022-06-20T00:00:00Z,1,1,1
Crassula multicava Lem.,Crassula multicava,NA,fiary crassula,fruits and seeds not seen,NA,herb,NA,NA,NA,NA,dry,NA,NA,NA,NA,NA,NA,NA,NA,NA,NA,NA,NA,NA,NA,none,2022-06-03T00:00:00Z,NA,NA,0,0,NA
Crataegus monogyna Jacq.,Crataegus monogyna,NA,hawthorn,"Snow & Snow (1988) say fruit is a drupe; Shrub or small tree, up to 10 m when mature",shrub-tree,shrub,10,"NZ Flora Online:  bank, clay, coast, dry, gravel, gully, hill, margin, open, pasture, riparian, roadside, rock outcrop, sand, sheltered, shrubland, silt, slope, stone, terrace, track. NZPCH: lowland and montane habitats. Plant occurs in sites with low to low/moderate fertility. A plant that grows in low forest, forest margins, scrub, hill country pasture, pasture, disturbed forest, waste places and roadsides.",riparian,pome-like,fleshy,fleshy,0.09687,internal,NA,internal,attachment,NA,NA,NA,NA,Stidolph 1951; Esler 1988; Timmins & Mackenzie 1995; Cronk & Fuller 1995; Williams & Karl 1996; Albert et al. 2015; Almeida et al. 2022,"Dozens of blackbirds feeding on berries on hawthorn hedges (Stidolph 1951. Summarised Classified Notes, Notornis 4(3), 1951)","bird & mammal dispersed (possums in Australia) (Cronk & Fuller 1995). Spain: intact seeds in carnivorous mammal faeces (Herrera 1989). England: blackbirds primary dispersers, also eaten by song thrush & starling (Snow & Snow 1988). Seeds dispersed on deer hooves (sometimes; Albert et al. 2015).  seeds ingested by waterfowl (Almeida et al. 2022).",NA,NA,2022-06-03T00:00:00Z,45093,2023-06-16T00:00:00Z,2,1,1
Crocosmia ×crocosmiiflora (Lemoine) N.E.Br.,Crocosmia xcrocosmiiflora,NA,montbretia,"NZPCN website (accessed 11 April 2023): produces no seed (Fromont & King 1992); BUT NZ Flora online (accessed 11 April 2023) says disperses by seed. Weedbusters https://www.weedbusters.org.nz/what-are-weeds/weed-list/montbretia/ accessed 19 April 2023: ""produces few seeds…""",NA,NA,0.9,NA,NA,capsule,dry,NA,NA,NA,NA,NA,NA,NA,NA,NA,NA,NA,NA,NA,NA,none,2022-06-03T00:00:00Z,45027,NA,0,0,NA
Cupressus macrocarpa Hartw. ex Gordon,Cupressus macrocarpa,NA,macrocarpa,NA,NA,tree,NA,NZPCN: regenerating bush and scrub near planted trees and hedgerows,NA,cone,dry,winged seed,0.01173,wind,NA,wind,NA,NA,NA,NA,NA,"Ogle 2023, NZPCN","seed dispersal by people, wind, gravity (Ogle, C. (2023): Hesperocyparis macrocarpa Fact Sheet (content continuously updated). New Zealand Plant Conservation Network. https://www.nzpcn.org.nz/flora/species/hesperocyparis-macrocarpa/ (6 June 2023)",NA,NA,NA,2022-06-03T00:00:00Z,45035,2022-06-20T00:00:00Z,1,1,0
Cuscuta campestris Yunck.,Cuscuta campestris,NA,golden dodder,habitat information from DOC website,NA,herb,NA,wetlands,NA,capsule,dry,none,8.399999999999999e-4,unspecialised,NA,internal,water,attachment,NA,NA,NA,"Costea et al. 2016; Oveisi et al. 2020; Zidon et al. 2016; Almeida et al. 2025; DOC: https://www.doc.govt.nz/contentassets/fcebada855be443a89ba27f28b352140/factsheet-golden-dodder.pdf, accessed 14 April 2023.","golden dodder can spread via plant fragments or seeds carried by water, vehicles, equipment, clothing or animals, or by seeds ingested and dispersed by birds (DOC website factsheet).",viable seeds found after passage through gut of wild waterfowl (Costea et al. 2016); viable seeds found in sheep and goat faeces after feeding trials (Oveisi et al. 2020); viable seeds found in Persian fallow deer faeces (Zidon et al. 2016). Seeds ingested by waterfowl in North America (Almeida et al 2025).,dispersal based on morphology,NA,2023-04-14T00:00:00Z,NA,2023-04-14T00:00:00Z,3,1,3
Cynodon dactylon (L.) Pers.,Cynodon dactylon,NA,Indian doab,"mat-forming; inflorescence up to 50cm long, erect",grass,herb,0.5,"NZ Flora Online:  bank, cliff, coast, dry, gravel, lake margin, lava, margin, moist, open, pasture, roadside, rock outcrop, sand, sheltered, wasteland",NA,caryopsis,dry,none,3e-4,unspecialised,NA,internal,bird nesting material,NA,NA,NA,NA,"Esler 1988; Dean et al. 1990; Eichberg et al. 2007; Albert et al. 2015; Jurado et al. 1991; Almeida et al. 2022, 2025",no structures directly aiding active seed dispersal. Small seeds (0.1-1.0 mg) (Esler 1988),"Wind; Diaspore is blown by wind; Assumption based upon diaspore morphology; (McIntyre et al. 1995). Unassisted; Seeds drop to the ground close to or beneath the parent plant; Assumption based upon diaspore morphology; (Jurado et al., 1991); seeds dispersed internally by deer (sometimes; Albert et al. 2015); seeds germinated from sheep faeces (Eichberg et al. 2007). seeds dispersed by birds in nesting material (Dean et al. 1990).  seeds ingested by waterfowl (Almeida et al. 2022. 2025).",NA,NA,2022-06-03T00:00:00Z,NA,2022-06-20T00:00:00Z,2,1,2
Cyperus eragrostis Lam.,Cyperus eragrostis,NA,umbrella sedge,stems 25-90cm high,sedge,herb,0.9,"NZ Flora Online:  bank, coast, forest edge, grassland, gravel, lake margin, lava, lowland, margin, moist, open, pasture, riparian, roadside, sand, shaded, sheltered, silt, stone, terrace, track, wasteland, wetland; NZPCN: Wet areas such as the banks of rivers and streams, swamps, ditches.",riparian,nut,dry,none,1.1999999999999999e-4,unspecialised,NA,internal,NA,NA,NA,NA,NA,McIntyre et al. 1995; Reynolds & Cumming 2016,Seed dispersed by contaminated machinery (NZPCN factsheet prepared by Paul Champion and Deborah Hofstra (NIWA)).,Seeds found in water bird droppings (Reynolds & Cumming 2016); undefined seed dispersal morphology (McIntyre et al. 1995),habitat includes banks of rivers and streams,NA,2022-06-03T00:00:00Z,NA,NA,1,1,1
Cyperus rotundus L.,Cyperus rotundus,NA,purple nut sedge,stems 10-35cm high; nut rarely maturing,NA,NA,2.3999999999999998e-4,NA,NA,nut,dry,NA,NA,NA,NA,NA,NA,NA,NA,NA,NA,NA,NA,"Water; Method not stated; (US Forest Service Institute of Pacific Isl&s Forestry, 2001); Also dispersed via vegetative spread.",NA,rare,2022-06-03T00:00:00Z,NA,2022-06-20T00:00:00Z,0,0,NA
Cyrtomium falcatum (L.f.) C.Presl,Cyrtomium falcatum,NA,NA,NA,NA,NA,NA,NA,NA,NA,fern,NA,NA,NA,NA,NA,NA,NA,NA,NA,NA,NA,NA,NA,NA,NA,NA,NA,NA,0,0,NA
Cytisus multiflorus (L’Hér.) Sweet,Cytisus multiflorus,NA,white broom,explosively dehiscent pod (Webb et al. 1988),NA,shrub,3,NA,NA,pod,dry,explosively dehiscent pod,0.00525,ballistic,NA,ballistic,NA,NA,NA,NA,NA,Webb et al. 1988,explosively dehiscent pod (Webb et al. 1988),NA,NA,NA,2022-06-03T00:00:00Z,NA,2023-04-21T00:00:00Z,1,1,0
Cytisus scoparius (L.) Link,Cytisus scoparius,NA,Scotch broom,NA,NA,shrub,2,"NZ Flora Online:  bank, coast, dry, flat , forest, forest edge, grassland, gravel, hill, lowland, margin, open, pasture, ridge, riverbed, roadside, sand, shrubland, silt, slope, stone, terrace, track, tree, wasteland; NZPCN: A plant of lowland and montane habitats. Plant occurs in sites with low-moderate-high fertility. The plant normally grows in areas of high rainfall, on acid soils but never on chalks. Plant grows in shrubland, tall tussockland, short tussockland, cliff, bluff and riverbed communities (Timmins & MacKenzie 1995). The plant grows in disturbed lowland and montane habits such as pasture, waste ground, riverbeds and poorly grazed areas.",riparian,pod,dry,"explosively dehiscent pod, elaiosome",0.00878,ballistic,ant,ballistic,internal,water,ant,NA,NA,Webb et al. 1988; Pemberton & Irving 1990; Cronk & Fuller 1995; Albert et al. 2015,explosively dehiscent pod (Webb et al. 1988); no structures directly aiding active seed dispersal and large seeds >10 mg (Esler 1988),"explosive dehiscence scatters seed, also dispersed by livestock & water (Cronk & Fuller 1995); seeds dispersed internally by deer (sometimes; Albert et al. 2015); ant-dispersed (Kew SID); seed has an elaiosome (Pemberton & Irving 1990)",NA,NA,2022-06-03T00:00:00Z,45037,2023-04-21T00:00:00Z,4,2,3
Dactylis glomerata L.,Dactylis glomerata,NA,cocksfoot,no dispersal aids (Kew SID),grass,herb,1.2,"NZ Flora Online: alpine, bank, clay, cliff, coast, dry, grassland, gravel, hill, margin, montane, open, pasture, ridge, roadside, rock outcrop, sand, sheltered, shrubland, silt, slope, stone, terrace, track, tussockland, wasteland; NZPCN: A plant of coastal, lowland, montane and subalpine habitats (Timmins & MacKenzie 1995). Plant grows in scrub and forest margin, shrubland, tussockland, herbfields, fernland, sand dune hollows and riverbeds (Timmins & MacKenzie 1995).",riparian,caryopsis,dry,none,8.100000000000001e-4,unspecialised,NA,wind.none,water,internal,attachment,NA,NA,Esler 1988; Welch 1985; Timmins & Mackenzie 1995; Couvreur et al. 2004; Bartuszevige & Endress 2008; Albert et al. 2015; Almeida et al. 2022; SID,"no structures directly aiding active seed dispersal. Small seeds (0.1-1.0 mg) (Esler 1988); seed dispersal by wind, water, humans, vertebrates (Timmins & Mackenzie 1995).","seeds dispersed by deer internally (sometimes) and attached to fur and hooves (sometimes; Albert et al. 2015). Seeds dispersed attached to cattle and donkey fur, unspecialised dispersal (Couvreur et al. 2004). Viable seed dispersed in cattle faeces (Bartuszevige & Endress 2008); undefined seed dispersal morphology (McIntyre et al. 1995). seed germinated from cattle dung (Welch 1985).  seeds ingested by waterfowl (Almeida et al. 2022).",NA,NA,2022-06-07T00:00:00Z,45037,2022-06-21T00:00:00Z,4,1,4
Datura stramonium L.,Datura stramonium,NA,thornapple,NA,NA,herb,1,NA,NA,dehiscent capsule,dry,buoyant capsule and seed,0.0081,water,NA,water,wind.none,NA,NA,NA,NA,"Ridley 1930, cited in SID; Weaver & Warwick 1984",NA,"The capsules and seeds are buoyant in water and can remain floating for 10 days or more, facilitating dispersal. Mature seeds are dispersed from the
dry capsules, by dehiscence, up to a distance of 1-3 m from the parent plant (Weaver & Warwick 1984); 1. Animal; Diaspore is eaten intentionally; Direct or experimental observation; (Vazquez & Givnish, 1998, cited in Kew SID - but paper actually appears to use seed morphology to infer dispersal mechanism - plus the fruits are toxic, and capsules split open when ripe); Vertebrates (unspecified).; Diaspore=fruit. Fruits are fleshy. 2. Wind; Diaspore is propelled by action of wind on the plant structure; Direct or experimental observation; (Ridley, 1930, cited in Kew SID); Diaspore=seed.","NZ unlikely to have animals that would eat spiny fruits (except maybe pigs?), and wind dispersal through shaking capsule is not a particular adaptation.",NA,2022-06-15T00:00:00Z,NA,2022-06-21T00:00:00Z,2,1,1
Delairea odorata Lem.,Delairea odorata,Senecio mikanioides; Delairea mikanoides?,German ivy,"Seeds do not appear to be viable (Esler 1988); BUT NZPCN website (accessed 11 April 2023): ""...will still germinate in the shade of the forest canopy near to its margin"". Seed weight from D. mikanoides, synonym?",vine,shrub,NA,"NZ Flora Online: bank, coast, forest, forest edge, gully, hill, lake margin, margin, moist, pasture, riparian, roadside, sand, shaded, sheltered, shrubland, slope, wasteland; NZPCN: A coastal and lowland plant. Plants grow well in open environments but will still germinate in the shade of the forest canopy near to its margin. The plant occurs in scrub and forest margin communities. A plant of coastal communities and lowland forest margins, shrublands, rocklands, roadsides, quarries, farm hedges, wasteland and house gardens. Areas at risk from the plant are forest margins, coastal communities, swamps and damp areas. A plant of waste places, scrubland and forest margins, especially in coastal areas.",riparian,achene,dry,pappus,8.900000000000001e-4,NA,NA,NA,NA,NA,NA,NA,NA,Timmins & Mackenzie 1995; Fromont & King 1992,"Produces clusters of small yellow flowers in spring-early summer, which culminate into thousands of small wind-blown seeds (Fromont & King 1992); Seed is wind-dispersed (NZPCN website, accessed 11 April 2023).",NA,NA,none,2022-06-07T00:00:00Z,45040,2023-04-24T00:00:00Z,0,0,NA
Digitalis purpurea L.,Digitalis purpurea,NA,foxglove,NA,NA,herb,2.5,NA,NA,capsule,dry,none,8e-5,unspecialised,NA,wind.none,internal,attachment,NA,NA,NA,"Ridley 1930, cited in SID; Couvreur et al. 2004; Albert et al. 2015",NA,"1. Wind; Diaspore is propelled by action of wind on the plant structure; Direct or experimental observation; (Ridley, 1930); Diaspore=seed. 2. Wind; Diaspore is blown by wind; Method not stated; (Bouman et al., 2000); seeds dispersed internally by deer (sometimes; Albert et al. 2015). Seeds dispersed attached to cattle fur, wind-dispersed (small seeds shed from capsule above surrounding vegetation)(Couvreur et al. 2004)",dispersal based on morphology,NA,2022-06-07T00:00:00Z,NA,2022-06-21T00:00:00Z,3,1,3
"Dimorphotheca fruticosa (L.) Less., 1832",Dimorphotheca fruticosa,Osteospermum fruticosum; Calendula fruticosa,dimorphotheca,seeds hairless,NA,herb,NA,"NZ Flora Online: bank, clay, cliff, coast, dry, gravel, lava, open, pasture, ridge, roadside, rock outcrop, sand, scrubland, shaded, sheltered, shrubland, slope, stone, track, wasteland; NZPCN: Sand and coastal sites.",NA,achene,dry,none,NA,unspecialised,NA,unknown,NA,NA,NA,NA,NA,NA,NA,NA,dispersal based on morphology,NA,2022-06-07T00:00:00Z,45040,NA,0,1,0
Dipogon lignosus (L.) Verdc.,Dipogon lignosus,NA,mile-a-minute,climbing plant with wiry stems up to 3m long,vine,shrub,NA,"NZ Flora Online:  bank, clay, coast, dry, hill, lava, lowland, margin, open, pasture, riparian, roadside, rock outcrop, sand, shaded, sheltered, shrubland, silt, slope, stone, track, wasteland; NZPCN: Forest edge, shrublands, track or road sides in open sun.",riparian,pod,dry,none,0.0156,unspecialised,NA,water,NA,NA,NA,NA,NA,Esler 1988; NZPCN,"has no structures directly aiding active seed dispersal and large seeds >10 mg (Esler 1988); NZPCN: Suspected water dispersal and possible spread by birds in nesting material (DoC, 1998). Gravity, water, birds?, humans. (T. McCluggage pers com)",NA,bird nesting material?,NA,2022-06-07T00:00:00Z,45040,2023-04-11T00:00:00Z,1,1,1
Dolichandra unguis-cati (L.) L.G.Lohmann,Dolichandra unguis-cati,Macfadyena unguis-cati,cat's claw creeper,"fruit contain numerous papery, winged seeds",vine,shrub,NA,"NZ Flora Online:  shrubland, wasteland",NA,capsule,dry,winged seed,0.01833,wind,NA,wind,NA,NA,NA,NA,NA,NZPCN,winged seeds dispersed by wind and gravity (NZPCN),NA,NA,NA,2022-06-16T00:00:00Z,45027,2022-06-21T00:00:00Z,1,1,0
Dryopteris affinis (Lowe) Fraser-Jenk.,Dryopteris affinis,NA,NA,NA,NA,NA,NA,NA,NA,NA,fern,NA,NA,NA,NA,NA,NA,NA,NA,NA,NA,NA,NA,NA,NA,NA,NA,NA,NA,0,0,NA
Dryopteris filix-mas (L.) Schott.,Dryopteris filix-mas,NA,male fern,NA,NA,NA,NA,NA,NA,spore,fern,NA,NA,NA,NA,NA,NA,NA,NA,NA,NA,NA,NA,NA,NA,NA,2022-06-07T00:00:00Z,NA,NA,0,0,NA
Eccremocarpus scaber Ruiz & Pav.,Eccremocarpus scaber,NA,Chilean glory creeper,seeds have prominent wing; climber,vine,shrub,NA,"NZ Flora Online: open, roadside",NA,capsule,dry,winged seed,4e-4,wind,NA,wind,NA,NA,NA,NA,NA,NZPCN,seeds have a prominent wing that aids wind dispersal (NZPCN),NA,NA,NA,2022-06-07T00:00:00Z,45040,2022-06-21T00:00:00Z,1,1,0
Echium vulgare L.,Echium vulgare,NA,viper's bugloss,"to c. 90 cm high but often much less, seeds surrounded by five bristly bracts",NA,herb,0.9,"NZ Flora Online: bank, dry, grassland, gravel, loam, lowland, margin, montane, open, pasture, roadside, shrubland, silt, slope, stone, terrace, track, tussockland, unstable/eroded, wasteland; NZPCN: Short tussock grassland, herbfield, bare land, riverbeds, usually in dry, low fertility inland areas.",riparian,nutlet,dry,none,0.00309,unspecialised,NA,wind.none,water,NA,NA,NA,NA,"Ridley 1930, cited in SID; NZPCN","NZPCN: Produces many, long-lived seeds that are dispersed by wind, water, river gravel. Echium plantagineum and E. candicans have no structures directly aiding active seed dispersal and medium-sized seeds (1-10 mg) (Esler 1988).","Wind; Diaspore is rolled along ground surface by wind; Direct or experimental observation; (Ridley, 1930); Diaspore=whole plant. The entire plant breaks off at ground level.",dispersal based on morphology,NA,2022-06-07T00:00:00Z,45040,2022-06-21T00:00:00Z,2,1,2
Elodea densa (Planch.) Casp.,Elodea densa,Egeria densa,dense water weed,Does not produce seeds (Timmins & Mackenzie 1995); dioecious species with only one sex present in NZ (Esler 1988).,NA,NA,NA,NA,NA,NA,aquatic,NA,NA,NA,NA,NA,NA,NA,NA,NA,NA,NA,NA,NA,NA,none,2022-06-07T00:00:00Z,NA,NA,0,0,NA
Ehrharta erecta Lam.,Ehrharta erecta,NA,veld grass,NA,grass,herb,0.8,"NZ Flora Online: bank, clay, cliff, coast, dry, forest, forest edge, grassland, gravel, gully, hill, lowland, margin, moist, open, pasture, ridge, roadside, rock outcrop, sand, scrubland, shaded, sheltered, shrubland, silt, slope, stone, terrace, track, tree, wasteland; NZPCN: A plant of coastal and lowland habitats (Timmins & MacKenzie 1995). Plant grows in sites of low fertility (Timmins & MacKenzie 1995). A plant of sand dunes, cliffs and bluff communities (Timmins & MacKenzie 1995).",NA,caryopsis,dry,none,8.456000000000001e-4,unspecialised,NA,wind.none,water,attachment,bird nesting material,NA,NA,Dean et al. 1990; Timmins & McKenzie 1995,"seed dispersal by wind, water and birds (Timmins & McKenzie 1995).","seeds dispersed by birds as nesting material (Dean et al. 1990). E. stipoides dispersed by animals via attachment, awned fruits easily dispersed on animal fur",NA,NA,2022-06-07T00:00:00Z,45040,2022-06-21T00:00:00Z,4,1,4
Ehrharta villosa Schult.f.,Ehrharta villosa,NA,pyp grass,NA,grass,herb,2,"NZ Flora Online: coast, dry, open, roadside, sand, shaded, sheltered, slope, track, unstable/eroded; NZPCN: Short tussockland, herbfield, bare land, wetland, mainly on coastline, sand dunes.",NA,caryopsis,dry,none,NA,unspecialised,NA,wind.none,NA,NA,NA,NA,5,Hilton et al. 2007,Dispersal of these seeds was limited to within 5m of the source population and no seeds were discovered in the soil seed bank (Hodder 1997),"Hilton et al. 2007: Seed is wind dispersed; however, pyp grass probably does not rely on seed production for reproduction and seed dispersal is not critical to plant survival and spread. The species is able to regenerate from rhizome after being detached from the parent plant.",dispersal based on morphology,NA,2022-06-07T00:00:00Z,45040,NA,1,1,1
Elaeagnus ×reflexa E.Morr. & Decne.,Elaeagnus xreflexa,NA,elaeagnus,achene enclosed by fleshy hypanthium (Webb et al. 1988); Normally produces only a low number of fruit (Fromont & King 1992),NA,NA,NA,NA,NA,hypanthium; berry (Esler 1988),fleshy,fleshy,NA,NA,NA,NA,NA,NA,NA,NA,NA,NA,Dispersed by birds and vertebrate animals (Fromont & King 1992); Has succulent fruits which are dispersed by birds quite effectively (Esler 1988). Bird dispersed (Timmins & Mackenzie 1995; Atkinson 1997 ),NA,NA,rare,2022-06-07T00:00:00Z,NA,NA,0,0,NA
Elodea canadensis Michx.,Elodea canadensis,NA,Canadian pondweed,Does not produce seeds (Healy & Edgar 1980); dioecious species with only one sex present in NZ (Esler 1988). Capsules not present in NZ (Healy and Edgar 1980),NA,NA,NA,NA,NA,capsule,aquatic,NA,NA,NA,NA,NA,NA,NA,NA,NA,NA,NA,NA,NA,NA,none,2022-06-07T00:00:00Z,NA,NA,0,0,NA
Embothrium coccineum J.R.Forst. & G.Forst.,Embothrium coccineum,NA,chilean fire bush,shrub or tree,NA,tree,10,"NZ Flora Online: bank, clay, dry, hill, margin, open, pasture, ridge, roadside, shrubland, slope, terrace",NA,follicle,dry,winged seed,0.01526,wind,NA,wind,NA,NA,NA,NA,NA,NZPCN,"reproduces exclusively by seed, seeds dispersed by wind and gravity (NZPCN)",NA,NA,NA,2022-06-07T00:00:00Z,45040,2022-06-21T00:00:00Z,1,1,0
Epilobium hirsutum L.,Epilobium hirsutum,NA,great willowherb,not in Flora or NZ Flora Online; NZPCN: semi-aquatic,NA,herb,2,NZPCN: Wetlands margins and damp ground in wasteland and urban areas.,NA,capsule,dry,plumed seed,1e-4,wind,NA,wind,water,internal,NA,NA,NA,Soomers et al. 2013; Albert et al. 2015; Almeida et al. 2022; NZPCN,wind dispersed seeds (NZPCN),"seeds dispersed internally by deer (Albert et al. 2015); wind dispersed, moderate floating potential (Soomers et al. 2013); Seeds have white tufts of hair that aid in their dispersal by wind (https://plants.ces.ncsu.edu/plants/epilobium-hirsutum/, 21/6/2022). seeds ingested by waterfowl (Almeida et al. 2022).",NA,NA,2022-06-07T00:00:00Z,45040,2022-06-21T00:00:00Z,3,1,2
Equisetum arvense L.,Equisetum arvense,NA,field horsetail,NA,NA,NA,NA,NA,NA,spore,fern,NA,NA,NA,NA,NA,NA,NA,NA,NA,NA,NA,NA,NA,NA,NA,2022-06-07T00:00:00Z,NA,NA,0,0,NA
Eragrostis curvula (Schrad.) Nees,Eragrostis curvula,NA,African love grass,NA,grass,herb,0.7,"NZ Flora Online: bank, dry, grassland, hill, pasture, roadside, sand, slope, wasteland; NZPCN: Dry steep sites, short and tall tussock grassland, coastal areas, riverbeds, cliffs, herbfields.",riparian,caryopsis,dry,none,2e-4,unspecialised,NA,wind.none,NA,NA,NA,NA,NA,McIntyre et al. 1995; NZPCN,Can be dispersed short distances by wind (NZPCN),Undefined seed dispersal morphology (McIntyre et al. 1995),NA,NA,2022-06-07T00:00:00Z,45029,2022-06-21T00:00:00Z,1,1,1
Erica arborea L.,Erica arborea,NA,tree heath,shrub or small tree,NA,tree,5,"NZ Flora Online: bank, margin, open, pasture, roadside, slope, track; NZPCN: Riverbanks and regenerating forest.",riparian,capsule,dry,none,7.000000000000001e-5,unspecialised,NA,unknown,NA,NA,NA,NA,NA,NA,see info for Erica lusitanica,NA,dispersal based on morphology,NA,2022-06-07T00:00:00Z,45040,2022-06-21T00:00:00Z,0,1,0
Erica baccans L.,Erica baccans,NA,berry heath,NA,NA,shrub,2.5,"NZ Flora Online: bank, dry, flat , hill, lowland, margin, open, roadside, sand, shrubland, slope, stone",NA,capsule,dry,none,8e-5,unspecialised,NA,unknown,NA,NA,NA,NA,NA,Atkinson 1997,Dispersed by gravity and humans (Atkinson 1997); see info for Erica lusitanica,NA,NA,NA,2022-06-07T00:00:00Z,45029,2022-06-21T00:00:00Z,0,1,0
Erica caffra L.,Erica caffra,NA,hedge heath,NA,NA,shrub,3,"NZ Flora Online: bank, clay, hill, ridge, roadside, shaded, sheltered, shrubland",NA,capsule,dry,none,1.6e-5,unspecialised,NA,unknown,NA,NA,NA,NA,NA,NZPCN,"People, gravity (NZPCN); see info for Erica lusitanica",NA,NA,NA,2022-06-07T00:00:00Z,45040,2022-06-21T00:00:00Z,0,1,0
Erica cinerea L.,Erica cinerea,NA,bell heather,NA,NA,shrub,0.3,NZPCN: Low stature shrub and tussock communities,NA,capsule,dry,none,0.00013220000000000001,unspecialised,NA,wind.none,attachment,internal,NA,NA,"90.4% of seeds dispersed within 0.8m from centre of plant, maximum distance 80m rare events",Esler 1988; Bullock & Clarke 2000; Albert et al. 2015,Esler 1988 says unspecialised,Although the seeds bear no specialised structures they are wind-dispersed; measured dispersal distances using seed traps around isolated plants (Bullock & Clarke 2000). seeds dispersed by deer internally (sometimes) and attached to fur (always) and hooves (sometimes; Albert et al. 2015).,NA,NA,2022-06-07T00:00:00Z,45040,2022-06-21T00:00:00Z,3,1,3
Erica lusitanica Rudolphi,Erica lusitanica,NA,Spanish heath,NA,NA,shrub,2,"NZ Flora Online: alpine, bank, clay, coast, dry, flat, forest, gap, grassland, gravel, gully, hill, log, lowland, margin, moist, open, pasture, peat, ridge, roadside, sand, shrubland, silt, slope, stone, terrace, track, tussockland, wasteland, wetland",NA,capsule,dry,none,1.2e-5,unspecialised,NA,wind.none,NA,NA,NA,NA,NA,Esler 1988; Mather & Williams 1990; Cronk & Fuller 1995,has no active structures aiding active dispersal and very small (dust) seeds weighing <0.1 mg (Esler 1988); seeds are released gradually as capsules are shaken gently by wind or passing animals (Mather & Williams 1990).,wind dispersed (Cronk & Fuller 1995),NA,NA,2022-06-07T00:00:00Z,45040,2022-06-21T00:00:00Z,1,1,1
Erica vagans L.,Erica vagans,NA,Cornish heath,"capsules not seen (Webb et al. 1988); Seed capsules have not been seen in NZ (NZPCN website, accessed 13 April 2023). Shrub 50 - (70) cm high.",NA,shrub,0.5,NA,NA,capsule,dry,NA,4.8e-5,NA,NA,NA,NA,NA,NA,NA,NA,NA,NA,NA,NA,none,2022-06-07T00:00:00Z,NA,2022-06-21T00:00:00Z,0,0,NA
Erigeron karvinskianus DC.,Erigeron karvinskianus,NA,Mexican daisy,NA,NA,herb,0.4,"NZ Flora Online: bank, clay, cliff, coast, dry, gap, gorge, gravel, hill, lowland, margin, moist, open, pasture, ridge, riparian, roadside, rock outcrop, sand, scrubland, shaded, sheltered, slope, stone, terrace, track, wasteland; NZPCN: Intact and disturbed bush, shrubland, tussockland, fernland, herbfield, bare land, streamsides, cliffs and bluffs, inshore and offshore islands, gumlands, consolidated sand dunes, most coastal areas, riverbeds, epiphyte niches.",riparian,achene,dry,pappus,5.24e-5,wind,NA,wind,water,NA,NA,NA,NA,NZPCN,"Spreads mainly by windblown seeds. Other dispersal methods include roadside mowers, machinery, gravel and water actions. (NZPCN)",NA,NA,NA,2022-06-07T00:00:00Z,45029,2023-04-13T00:00:00Z,2,1,1
Erythranthe guttata (DC.) G.L.Nesom,Erythranthe guttata,Mimulus guttatus,NA,NA,NA,herb,0.6,"NZ Flora Online: bank, forest, forest edge, gravel, lowland, moist, open, pasture, peat, riparian, river terrace, riverbed, roadside, rock outcrop, sand, sheltered, shrubland, silt, slope, terrace, wetland; Lowland to montane regions, alongside streams, rivers, lakes, drains and swamps.",riparian,capsule,dry,none,2.9999999999999997e-5,unspecialised,NA,water,NA,NA,NA,NA,NA,NZPCN,"reproduces from seed and rhizome fragments. Dispersal by water movement and dumped soil (NZPCN website, accessed 13 April 2023, Factsheet prepared by Paul Champion and Deborah Hofstra (NIWA))","M. aurantiacus: Unassisted and/or methods originating from parent plant; Method not stated; (Keeley, 1991, cited in Kew SID)",dispersal based on morphology,NA,2022-06-07T00:00:00Z,45029,2023-04-13T00:00:00Z,1,1,1
Erythrina ×sykesii Barneby & Krukoff,Erythrina xsykesii,NA,coral tree,Pods not formed (Webb et al. 1988).,NA,NA,NA,NA,NA,pod,dry,NA,NA,NA,NA,NA,NA,NA,NA,NA,NA,NA,NA,NA,NA,none,2022-06-07T00:00:00Z,NA,NA,0,0,NA
Eschscholzia californica Cham.,Eschscholzia californica,NA,californian poppy,NA,NA,herb,0.3,NA,NA,capsule,dry,none,0.0015,unspecialised,NA,unknown,NA,NA,NA,NA,NA,SID,NA,"Unassisted and/or methods originating from parent plant; Method not stated; (Keeley 1991, cited in SID)",NA,NA,2022-06-07T00:00:00Z,NA,2022-06-21T00:00:00Z,0,1,0
Eucalyptus delegatensis F.Muell. ex R.T.Baker,Eucalyptus delegatensis,NA,alpine ash,large or very large tree,NA,tree,30,"NZ Flora Online: gravel, track; NZPCN: Regenerating near old plantations.",NA,dehiscent capsule,dry,none,0.00891,unspecialised,NA,wind.none,NA,NA,NA,NA,NA,SID,NA,"1. Wind; Diaspore is blown by wind; Method not stated; (Young & Young, 1992, cited in Kew SID); Diaspore=seed. On the basis of seed morphology it is also likely that unassisted dispersal plays a key role, with seeds dropping to the ground close to the parent plant. 2. Wind; Diaspore is blown by wind; Method not stated; (Cremer, 1977, cited in Kew SID)",NA,NA,2022-06-07T00:00:00Z,45040,2022-06-21T00:00:00Z,1,1,1
Euonymus europaeus L.,Euonymus europaeus,NA,spindle tree,capsule with fleshy aril; shrub or small tree up to 6 m high,shrub-tree,shrub,6,"NZ Flora Online: bank, clay, coast, dry, forest, forest edge, gap, hill, lake margin, lowland, margin, moist, open, pasture, riparian, roadside, sand, shaded, sheltered, shrubland, silt, slope, stone, terrace, wasteland, wetland",riparian,aril,fleshy,fleshy,0.038950000000000005,internal,NA,internal,NA,NA,NA,NA,NA,Webb et al. 1988; Burrows 1995; Williams & Karl 1996; Higgins et al. 2006,"Fruits are bird-dispersed and, as a result, seedlings often appear spontaneously within gardens (Webb et al. 1988). Seeds dispersed by silvereyes (Williams & Karl 1996; Henderson unpubl. data). Bird dispersed (Burrows 1995). Fruits eaten by silvereyes (Higgins et al. 2006).",England: fruits are eaten by blackbird & occasionally song thrush; also eaten by other bird species (Snow & Snow 1988).,NA,NA,2022-06-07T00:00:00Z,NA,2023-06-16T00:00:00Z,1,1,0
Euonymus japonicus Thunb.,Euonymus japonicus,NA,Japanese spindle tree,"capsule with fleshy aril, shrub or small tree up to 7 m high",shrub-tree,shrub,7,"NZ Flora Online: bank, clay, coast, dry, loam, lowland, open, roadside, sand, shaded, sheltered, shrubland, slope, stone, terrace, unstable/eroded",NA,aril,fleshy,fleshy,0.029670000000000002,internal,NA,internal,NA,NA,NA,NA,NA,Ando et al. 2022,Euonymus europaeus seeds dispersed by birds (Webb et al. 1988; Williams & Karl 1996),viable seeds in pigeon faeces in Japan (Ando et al. 2022),NA,NA,2022-06-07T00:00:00Z,NA,2023-06-16T00:00:00Z,1,1,0
Eupatorium cannabinum L.,Eupatorium cannabinum,NA,hemp agrimony,NA,NA,herb,1.8,"NZ Flora Online: bank, clay, coast, dry, forest edge, gap, gully, hill, lowland, margin, moist, open, pasture, peat, roadside, sand, sheltered, shrubland, silt, slope, stone, terrace, tussockland, wasteland, wetland; NZPCN: Wetlands and riparian margins of water bodies, particularly areas that are rich in Nitrogen.",riparian,achene,dry,pappus,2.9e-4,wind,NA,wind,internal,water,attachment,NA,NA,Matlack 1987; Couvreur et al. 2004; Albert et al. 2015; Almeida et al. 2022; NZPCN,"Produces thousands of tiny wind dispersed seeds. Also has the potential to spread by water and contaminated machinery, deliberate planting (NZPCN Factsheet prepared by Paul Champion and Deborah Hofstra (NIWA)).","Wind; Diaspore is blown by wind; Method not stated; Diaspore=achene+pappus (Matlack 1987). Seeds are dispersed internally by deer (sometimes; Albert et al. 2015). Seeds dispersed attached to cattle and donkey fur, wind-dispersed plumed seed (Couvreur et al. 2004).  seeds ingested by waterfowl (Almeida et al. 2022).",NA,NA,2022-06-07T00:00:00Z,45029,2022-06-21T00:00:00Z,4,1,3
Euphorbia paralias L.,Euphorbia paralias,NA,sea spurge,Euphorbia: Fr. usually a 3-celled capsule separating at maturity from the persistent axis,NA,herb,0.7,NZPCN: Coastal - on sandy beaches and sand dunes. A strand-line species.,NA,capsule,dry,buoyant seed,0.0058,water,NA,water,NA,NA,NA,NA,NA,SID,NA,"Water; Method not stated; (Ridley, 1930, cited in Kew SID); Diaspore=seed. The diaspore is buoyant.",NA,NA,2022-06-07T00:00:00Z,45040,2022-06-21T00:00:00Z,1,1,0
Fatsia japonica (Thunb.) Decne. & Planch.,Fatsia japonica,NA,fatsia,shrub or small tree up to 2 (-4)m high; NZPCN: Tree (up to 6 m),NA,shrub,2,"NZ Flora Online:  bank, coast, dry, lowland, moist, pasture, roadside, sand, shaded, sheltered, shrubland, slope, stone, terrace, wasteland",NA,berry-like,fleshy,fleshy,0.0070999999999999995,internal,NA,internal,NA,NA,NA,NA,NA,Rogan 1997,"while naturalised plants are generally found in bush near residential areas they are frequently found with no adult plants in the immediate vicinity, suggesting that the seed is dispersed a reasonable distance, most probably by birds, e.g. starlings, blackbirds, mynas, song thrushes and kereru (Rogan 1997).",NA,NA,NA,2022-06-15T00:00:00Z,NA,2023-06-16T00:00:00Z,1,1,0
Festuca rubra L.,Festuca rubra,NA,Chewing's fescue,inflorescence is up to 45 cm long,grass,herb,0.45,"NZ Flora Online:  alpine, bank, cliff, coast, dry, flat , forest, forest edge, grassland, gravel, gully, hill, lake margin, loam, lowland, margin, moist, montane, open, pasture, peat, ridge, riparian, river terrace, riverbed, roadside, rock outcrop, sand, scree, scrubland, shaded, sheltered, shrubland, silt, slope, stone, terrace, track, tussockland, wasteland",riparian,caryopsis,dry,awn,0.0011,attachment,NA,attachment,internal,NA,NA,NA,NA,Couvreur et al. 2004; Mouissie et al. 2005; Albert et al. 2015; Almeida et al. 2022,Festuca arundinacea has no structures directly aiding active seed dispersal and medium-sized seeds (1-10 mg) (Esler 1988).,"seeds attached to real sheep fleece in considerable numbers, also attached to both sheep and cattle experimental dummies (Mouissie et al. 2005); seeds are dispersed internally by deer (sometimes; Albert et al. 2015). Seeds dispersed attached to cattle and donkey fur, animal-dispersed with awn (Couvreur et al. 2004).  seeds ingested by waterfowl (Almeida et al. 2022).",NA,NA,2022-06-07T00:00:00Z,NA,2022-06-21T00:00:00Z,2,1,1
Ficus macrophylla Desf.,Ficus macrophylla,NA,Moreton Bay fig,"not in flora (see: Heenan et al. 1998 for casual record but no description, NZPCN website and Flora of Australia Online https://profiles.ala.org.au/opus/foa/profile/Ficus%20macrophylla, accessed 16/6/2023)",NA,tree,55,"NZ Flora Online: coast, dry, margin, open, roadside, shaded, sheltered",NA,syncarp,fleshy,fleshy,0.0020299999999999997,internal,NA,internal,NA,NA,NA,NA,NA,Moncrieff 1928; Macdonald 1951; Anderson 2006; Spurr et al. 2011,"house sparrows eat figs (Moncrieff 1928); myna, blackbird, starling, silvereye, house sparrow, and grey warbler all feeding in two fig trees in urban garden, Howick, Auckland, at same time (Macdonald 1951); bellbirds eat Ficus spp. fruits",NA,NA,NA,2022-06-07T00:00:00Z,45093,2023-06-16T00:00:00Z,1,1,0
Fraxinus excelsior L.,Fraxinus excelsior,NA,ash,NA,NA,tree,30,"NZ Flora Online: bank, clay, dry, forest, gap, gravel, gully, hill, loam, lowland, margin, moist, open, pasture, river terrace, rock outcrop, sand, shaded, sheltered, shrubland, silt, slope, stone, terrace, wasteland' NZPCN: riverflats, forest, scrub and waste places.",riparian,samara,dry,winged seed,0.0616,wind,NA,wind,internal,NA,NA,NA,NA,Spurr et al. 2011; SID,bellbirds eat fruits (Spurr et al. 2011),"Wind; Diaspore is blown by wind; Direct or experimental observation; (van der Pijl, 1982, cited in Kew SID); Diaspore=samara. The diaspore has wings or wing-like features.",NA,NA,2022-06-07T00:00:00Z,45040,2022-06-21T00:00:00Z,2,1,1
Fuchsia boliviana Carrière,Fuchsia boliviana,NA,Bolivia fuchsia,shrub to 3m high,NA,shrub,3,"NZ Flora Online: bank, clay, coast, gravel, gully, lowland, margin, roadside, sand, shaded, silt, wasteland",NA,berry,fleshy,fleshy,NA,internal,NA,internal,NA,NA,NA,NA,NA,NA,NA,NA,dispersal based on morphology,NA,2022-06-15T00:00:00Z,NA,NA,1,1,0
Furcraea foetida (L.) Haw.,Furcraea foetida,NA,NA,NA,NA,NA,NA,NA,NA,NA,dry,NA,NA,NA,NA,NA,NA,NA,NA,NA,NA,NA,NA,NA,NA,none,2022-06-07T00:00:00Z,NA,NA,0,0,NA
Furcraea selloa K.Koch,Furcraea selloa,NA,NA,not in Flora; Furcraea: Some spp. reproducing only by bulbils and not forming seed; no data in Kew SID; Wilcox 2005: Flower stem to 5m; Peter de Lange pers. comm. 20/7/2022: never seen setting seed,NA,shrub,5,NA,NA,NA,dry,NA,NA,NA,NA,NA,NA,NA,NA,NA,NA,NA,NA,NA,NA,none,2022-06-07T00:00:00Z,NA,NA,0,0,NA
Genista monspessulana (L.) L.A.S.Johnson,Genista monspessulana,Teline monspessulana; Cytisus monspessulanus,soft broom,seed set rare,NA,shrub,2.5,NA,NA,pod,dry,"explosively dehiscent pod, none",0.0073,NA,NA,NA,NA,NA,NA,NA,NA,Webb et al. 1988,explosively dehiscent (Webb et al. 1988); has no structures directly aiding active dispersal and large seeds >10 mg (Esler 1988).,NA,NA,rare,2022-06-07T00:00:00Z,NA,2022-06-21T00:00:00Z,0,0,NA
Glaucium flavum Crantz,Glaucium flavum,NA,horned poppy,NA,NA,herb,0.3,coastal,NA,capsule,dry,explosively dehiscent capsule,9.599999999999999e-4,ballistic,NA,ballistic,wind.none,water,NA,NA,NA,Solas et al. 2004,NA,"The capsules are erect and dehisce from the top, indicating ballistic dispersal; sometimes the entire stem detaches from the rosette, possibly dispersing the seeds as windblown tumble weeds. Seed dispersal is generally ballistic with fairly restricted local dispersal; diaspore buoyancy and post-buoyancy germination are much more limited than for other beach plants; infructescences may be dispersed as tumbleweeds by wind (Solas et al. 2004).",NA,NA,2022-06-07T00:00:00Z,NA,2022-06-21T00:00:00Z,3,1,2
Glyceria declinata Bréb.,Glyceria declinata,NA,blue sweet grass,emergent aquatic,grass,herb,NA,"NZ Flora Online: bank, clay, coast, forest, gravel, gully, hill, lake margin, lowland, margin, moist, montane, open, pasture, peat, riparian, riverbed, roadside, sand, shaded, silt, slope, stone, terrace, track, tussockland, wasteland, wetland; NZPCN: Aquatic in drains and other slow flowing water bodies. Damp ground in swamps and pastures, drains and river banks.",riparian,caryopsis,aquatic,none,0.00128,unspecialised,NA,internal,water,NA,NA,NA,NA,Simpson 1971; Almeida et al. 2022; NZPCN,seeds found in mallard crop (Simpson 1971); NZPCN Factsheet prepared by Paul Champion and Deborah Hofstra (NIWA): Seed and vegetative fragment spread by water movement. Seed is produced but is probably not viable for more than one season.,seeds ingested by waterfowl (Almeida et al. 2022).,dispersal based on morphology,NA,2022-06-07T00:00:00Z,45040,2023-04-24T00:00:00Z,2,1,2
Glyceria fluitans (L.) R.Br.,Glyceria fluitans,NA,floating sweet grass,emergent aquatic,grass,herb,NA,"NZ Flora Online: bank, coast, lake margin, margin, moist, open, pasture, peat, roadside, sand, silt, slope, wetland; NZPCN: Aquatic in drains and other slow flowing waterbodies. Damp ground in swamps and pastures, drains and river banks.",riparian,caryopsis,aquatic,none,0.0014299999999999998,unspecialised,NA,water,attachment,internal,NA,NA,NA,Carroll 1966; Marchant & Higgins 1990b; Couvreur et al. 2004; Albert et al. 2015; Almeida et al. 2022; NZPCN,"Seed and stem fragments spread within catchment via water flow. Contaminated diggers, livestock, soil movement, dumped vegetation, eel nets boats and trailers all spread seed and rhizomes into new catchments (NZPCN factsheet prepared by Paul Champion and Deborah Hofstra (NIWA)). Seeds ingested by pukeko (Carroll 1966; Marchant & Higgins 1990b).","epichorous, mucilage adhesion (Rosenthal 2006); seeds dispersed internally by deer (Albert et al. 2015). Seeds dispersed attached to cattle fur (Couvreur et al. 2004).  seeds ingested by waterfowl (Almeida et al. 2022).",NA,NA,2022-06-07T00:00:00Z,NA,2023-04-24T00:00:00Z,3,1,3
Glyceria maxima (Hartm.) Holmb.,Glyceria maxima,NA,reed sweet grass,emergent aquatic,grass,herb,NA,NA,NA,caryopsis,aquatic,buoyant seed,9.5e-4,water,NA,water,internal,NA,NA,NA,NA,Carroll 1966; van den Broek et al. 2005; Almeida et al. 2022,seeds in pukeko gizzards (Carroll 1966),experiments show seeds are moderately buoyant (van den Broek et al. 2005); hydrochorous? (Rosenthal 2006).  seeds ingested by waterfowl (Almeida et al. 2022).,NA,NA,2022-06-07T00:00:00Z,NA,2023-04-24T00:00:00Z,2,1,1
Gunnera tinctoria (Molina) Mirb.,Gunnera tinctoria,NA,Chilean rhubarb,Lvs to  c. 2.5 m high,NA,herb,2.5,"NZ Flora Online: bank, clay, cliff, coast, gap, gorge, gravel, hill, lowland, margin, moist, open, pasture, ridge, riparian, roadside, rock outcrop, sand, shaded, sheltered, shrubland, silt, slope, stone, terrace, unstable/eroded, wasteland. NZPCN: Margins of wetlands, damp cliffs and banks, often in light shade.",riparian,drupe,fleshy,fleshy,7.8e-4,internal,NA,internal,NA,NA,NA,NA,NA,Williams et al. 2005,blackbird & white-eye (Zosterops lateralis) have been observed eating the fruit.,NA,NA,NA,2022-06-07T00:00:00Z,NA,2023-06-16T00:00:00Z,1,1,0
Gymnocoronis spilanthoides DC.,Gymnocoronis spilanthoides,NA,Senegal tea,"not in flora (see: NZPCN and Webb et al. 1995); aquatic plant, either forming a rounded bush or a tangled mass of vegetation along waterways",NA,herb,1,"NZPCN: Aquatic: Emergent. The plant grows in wet marshy soils and at water margins, Plant grows in wetland communities in still or flowing water.",riparian,achene,aquatic,none,NA,unspecialised,NA,water,attachment,NA,NA,NA,NA,Panetta 2009; NZPCN,"Seed, stems and root fragments are dispersed in water, on livestock hooves and machinery. Can also be spread by dumped aquaria contents when liberating fish (NZPCN factsheet prepared by Paul Champion and Deborah Hofstra (NIWA)).","Spread via seed dispersal, while occurring, may be less important than that gained through vegetative fragmentation, since seeds do not bear a pappus and most drop near the parent plant (Panetta 2009).",NA,NA,2022-06-07T00:00:00Z,45040,NA,2,1,2
Hakea gibbosa (Sm.) Cav.,Hakea gibbosa,NA,downy hakea,wing extending down both margins of seed (Webb et al. 1988),NA,shrub,NA,"NZ Flora Online: bank, dry, hill, open, ridge, roadside, track; NZPCN: A coastal and lowland plant. Plant grows in low fertility sites. The plant is found in scrub and forest margin, shrubland and gumlands (Timmins & MacKenzie 1995).",NA,capsule,dry,winged seed,0.044899999999999995,wind,NA,wind,NA,NA,NA,NA,NA,Esler 1988; Timmins & Mackenzie 1995; Cronk & Fuller 1995; Atkinson 1997,NA,wind dispersed (Cronk & Fuller 1995),NA,NA,2022-06-08T00:00:00Z,45043,2022-06-21T00:00:00Z,1,1,0
Hakea salicifolia (Vent.) B.L.Burtt,Hakea salicifolia,NA,willow-leaved hakea,large shrub or small tree,NA,tree,NA,"NZ Flora Online:  bank, clay, gully, hill, lowland, open, pasture, peat, ridge, roadside, slope, terrace, track; NZPCN: A coastal and lowland plant (Timmins & MacKenzie 1995). The plant is found at sites with low fertility (Timmins & MacKenzie 1995). A plant confined to very poor soils (Timmins & MacKenzie 1995). The plant is found in low forest, scrub and forest margin, shrubland and fernlands (Timmins & MacKenzie 1995).",NA,capsule,dry,winged seed,0.0202,wind,NA,wind,NA,NA,NA,NA,NA,Esler 1988; Timmins & Mackenzie 1995; Atkinson 1997,NA,NA,NA,NA,2022-06-08T00:00:00Z,45043,2022-06-21T00:00:00Z,1,1,0
Hakea sericea Schrad. & J.C.Wendl.,Hakea sericea,NA,needlebush; prickly hakea,large shrub or small tree,NA,tree,NA,"NZ Flora Online:  bank, coast, hill, lava, open, pasture, roadside, rock outcrop, scree, shrubland, silt; NZPCN: A coastal and lowland plant (Timmins & MacKenzie 1995). The plant grows in low fertility sites (Timmins & MacKenzie 1995). A plant of low forest, scrub and forest margin and shrubland (Timmins & MacKenzie 1995).",NA,capsule,dry,winged seed,0.0317,wind,NA,wind,NA,NA,NA,NA,NA,Esler 1988; Timmins & Mackenzie 1995; Atkinson 1997,Wind dispersed (Esler 1988).,NA,NA,NA,2022-06-08T00:00:00Z,45043,2022-06-21T00:00:00Z,1,1,0
Hedera canariensis Willd.,Hedera canariensis,Hedera helix subsp. canariensis,Canary ivy,climber,vine,shrub,NA,NA,NA,berry-like,fleshy,fleshy,NA,internal,NA,internal,NA,NA,NA,NA,NA,NA,NA,NA,dispersal based on morphology,NA,2022-06-08T00:00:00Z,NA,NA,1,1,0
Hedera helix L.,Hedera helix,NA,ivy,Snow & Snow report 1-5 seeds/fruit and fruit type is berry.,vine,shrub,NA,"NZ Flora Online: bank, clay, cliff, coast, dry, forest, forest edge, grassland, hill, lowland, margin, open, pasture, roadside, rock outcrop, sand, shrubland, slope, stone, terrace, wasteland. NZPCN: Forest understorey, shrubland, rocky cliffs, open areas where there is some support for its scrambling habit. Flora: waste places, riverbeds and stream banks, cliffs",riparian,berry-like,fleshy,fleshy,0.019719999999999998,internal,NA,internal,NA,NA,NA,NA,NA,Webb et al. 1988; Esler 1988; Fromont & King 1992; Burrows 1995; Atkinson 1997,Fruit dispersed by birds (Fromont & King 1992; Burrows 1995; Atkinson 1997); Has succulent fruits which are dispersed by birds quite effectively (Esler 1988).,"fruits eaten by primarily by blackbird, also song thrush & starling (Snow & Snow 1988).",NA,NA,2022-06-08T00:00:00Z,45093,2023-06-16T00:00:00Z,1,1,0
Hedychium flavescens Carey ex Rosc.,Hedychium flavescens,NA,wild ginger,NA,NA,NA,NA,NA,NA,capsule,dry,NA,NA,NA,NA,NA,NA,NA,NA,NA,NA,NA,NA,NA,NA,none,2022-06-08T00:00:00Z,NA,NA,0,0,NA
Hedychium gardnerianum Sheph. ex Ker Gawl.,Hedychium gardnerianum,NA,wild ginger,Stems to 2 m high,NA,herb,2,"NZ Flora Online: bank, clay, dry, forest edge, gorge, gully, lowland, open, ridge, roadside, sand, shaded, sheltered, slope, stone, terrace, track, unstable/eroded, wasteland. NZPCN: Forests, regenerating forest, streamside and alluvial forest, forest light gaps and gullies. Prefers moderate to high fertility, not found in very dry or rocky areas.",riparian,aril,fleshy,fleshy,NA,internal,NA,internal,NA,NA,NA,NA,NA,Esler 1988; Fromont & King 1992; Timmins & Mackenzie 1995,"Dispersed by birds, especially blackbirds, possibly tui and mynas (Fromont & King 1992); the arillate seed is carried in the gut of fruit-eating birds (Esler 1988).",NA,NA,NA,2022-06-08T00:00:00Z,45096,NA,1,1,0
Helichrysum petiolare Hilliard & B.L.Burtt,Helichrysum petiolare,NA,liquorice plant,not in Flora,NA,herb,NA,"NZPCN: sand dunes, the margins of peat bogs, on yellow-brown and yellow-grey earths, cliff faces, and in urban situations. Once established very competitive, even in indigenous shrubland",NA,achene,dry,pappus,NA,wind,NA,wind,NA,NA,NA,NA,NA,NA,NA,"other Helichrysum spp. assumed to be dispersed by wind based on morphology: H. apiculatum (Jurado et al. 1991, cited in Kew SID), H. scorpioides (McIntyre et al. 1995, cited in Kew SID)",dispersal based on morphology,NA,2022-06-08T00:00:00Z,45043,2023-04-27T00:00:00Z,1,1,0
Helosciadium nodiflorum (L.) W.D.J.Koch,Helosciadium nodiflorum,Apium nodiflorum,water celery,sprawling emergent aquatic perennial that can grow over a metre high,NA,herb,1,"NZPCN: Shallow water ponds, drains, and the margins of slow moving streams",riparian,NA,dry,none,8.6e-4,unspecialised,NA,internal,NA,NA,NA,NA,NA,Zidon et al. 2016,NA,"seed germinated from Persian fallow deer faeces (Zidon et al. 2016, as Apium nodiflorum)",dispersal based on morphology,NA,NA,45198,2023-09-29T00:00:00Z,1,1,1
Hieracium levicaule Jord. (GBIF Taxon key: 3135110),Hieracium levicaule,Hieracium lepidulum,tussock hawkweed,flowering stems up to 75 cm tall,NA,herb,0.75,"NZ Flora Online: alpine, bank, cliff, dry, forest, forest edge, grassland, gravel, gully, hill, loam, margin, moist, montane, open, pasture, ridge, riparian, river terrace, riverbed, roadside, rock outcrop, sand, scree, shaded, sheltered, shrubland, silt, slope, stone, terrace, track, tussockland, wasteland; NZPCN: Grassland, roadsides, riverbanks, riverbeds and gold tailings, beech forest, scrub, pine forest",riparian,achene,dry,pappus,NA,wind,NA,wind,water,NA,NA,NA,NA,Miller et al. 2015; French 2021,Water dispersal along creeks may be important (Miller et al 2015),seed dispersed by wind (French 2021),NA,NA,2022-06-08T00:00:00Z,45043,NA,2,1,1
Holcus lanatus L.,Holcus lanatus,NA,Yorkshire fog,NA,grass,herb,1.1,"NZ Flora Online:  alpine, bank, clay, coast, dry, forest, forest edge, grassland, gravel, lowland, margin, moist, open, pasture, peat, riverbed, roadside, rock outcrop, sand, shrubland, silt, slope, track, tussockland, wasteland; NZPCN: A wide range of disturbed wet and dry sites, often in fens",riparian,caryopsis,dry,"hairs, buoyant seeds",3e-4,unspecialised,NA,attachment,internal,water,wind.none,bird nesting material,NA,Carroll 1966; Welch 1985; Esler 1988; McIntyre et al. 1995; Couvreur et al. 2004; van den Broek et al. 2005; Mouissie et al. 2005; Morris et al. 2011; Albert et al. 2015; Warren et al. 2017; Flaherty et al. 2018; Almeida et al. 2022; SID,no structures directly aiding active seed dispersal. Small seeds (0.1-1.0 mg) (Esler 1988). Seeds recorded in pukeko gizzards (Carroll 1966).,"Wind; Diaspore is blown by wind; Method not stated; (Ridley, 1930); Also dispersed by animals; Diaspore=caryopsis+glume; The diaspore is hairy or has hair-like processes; Hairs also serve to attach the diaspore to the fur of animals. Experiments show that seeds are moderately buoyant (van den Broek et al. 2005).  seeds are dispersed by deer internally (sometimes) and attached to fur and hooves (sometimes; Albert et al. 2015). Seeds attached to experimental sheep dummy but not to cattle dummy (Mouissie et al. 2005). Seeds germinated from white-tailed deer faeces (Flaherty et al. 2018); Seeds dispersed attached to cattle, donkey and horse fur, unspecialised (Couvreur et al. 2004); undefined seed dispersal morphology (McIntyre et al. 1995); seeds germinated from cattle dung (Welch 1985). seeds caught in seed trap (Morris et al. 2011).  seeds ingested by waterfowl (Almeida et al. 2022). Dispersed in bird nesting material (Warren et al. 2017).",NA,NA,2022-06-08T00:00:00Z,45043,2022-06-21T00:00:00Z,5,1,5
Homalanthus populifolius Graham,Homalanthus populifolius,NA,Queensland poplar,"green fruits, shrub or small tree up to 5 m high",shrub-tree,shrub,5,"NZ Flora Online: bank, clay, coast, dry, loam, lowland, margin, open, pasture, roadside, sand, shaded, sheltered, shrubland, slope, stone, terrace, wasteland",NA,NA,fleshy,fleshy aril,0.02161,internal,NA,internal,ant,water,NA,NA,NA,Innis 1989; Forester 1996; Berg 1975; NZPCN,"Bird dispersed (Lisa Forester 1996). Other methods of movement include gravity, water and machinery especially roadside mowers (Tony McCluggage pers. comm.).","Dispersed by pigeons in Australia (Innis 1989). The fruit is eaten by a variety of birds, including Brown Cuckoo Dove, Silvereye and Lewin's Honeyeater (Wikipedia). Ant dispersal based on morphology (Berg 1975)",NA,NA,2022-06-08T00:00:00Z,NA,2023-06-19T00:00:00Z,3,1,2
Humulus lupulus L.,Humulus lupulus,NA,hops,NA,vine,shrub,NA,"Webb et al. 1988: waste places, riverbanks, deserted gardens, often scrambling over scrub or trees at forest margins; NZ Flora Online:  bank, clay, coast, dry, forest edge, gap, gravel, hill, lowland, margin, open, pasture, river terrace, roadside, sand, scrubland, sheltered, shrubland, silt, slope, stone, terrace, track, wasteland",riparian,achene,dry,winged seed,0.00262,wind,NA,wind,NA,NA,NA,NA,NA,SID,NA,"bract around achene acts as a wing (Ridley 1930, cited in SID)",NA,NA,2023-10-02T00:00:00Z,NA,2023-10-02T00:00:00Z,1,1,0
Hydrangea macrophylla (Thunb.) Ser.,Hydrangea macrophylla,NA,hydrangea,height from NZPCN as NZ Flora unclear,NA,shrub,2,"NZ Flora Online: bank, clay, coast, dry, loam, lowland, margin, open, ridge, roadside, sand, shaded, sheltered, shrubland, slope, stone, terrace, track, wasteland; NZPCN: Persistent around old homesteads, near water and on forest margins.",riparian?,capsule,dry,none,1.6400000000000002e-5,unspecialised,NA,unknown,NA,NA,NA,NA,NA,NZPCN,dispersed by people & gravity (NZPCN),NA,NA,NA,2022-06-08T00:00:00Z,45043,2022-06-21T00:00:00Z,0,1,0
Hypericum androsaemum L.,Hypericum androsaemum,NA,tutsan,"Shrub, not rhizomatous, up to 1.5 m high",NA,shrub,1.5,"NZ Flora Online: bank, cliff, coast, forest, forest edge, gorge, gravel, gully, hill, lake margin, lowland, margin, moist, open, pasture, riparian, roadside, rock outcrop, sand, shaded, shrubland, slope, stone, terrace, track, wasteland. NZPCN: A plant found in cool damp situations. Forest communities are invaded under light shade. A plant that grows in higher rainfall areas. Prefers full light or light shade. A plant of forest margins in North and South Island (Hilgendorf 1926). The plant grows in rocklands and steep banks. The plant is prevalent in unintensively farmed land, wasteland and road verges. The plant grows in forest margins, scrub and other secondary growth, open forest, waste places and garden surrounds. A plant of low and disturbed forest and open areas. Forest communities which have a high light intensity as well as some alluvial plant communities (Fromont and King, 1992).",riparian,berry-like capsule,fleshy,fleshy,7.000000000000001e-5,internal,NA,internal,NA,NA,NA,NA,NA,Burrows 1995,"bird dispersed (Burrows 1995); presumably dispersed by birds (Webb 1988). Unknown if birds spread seeds but it is suspected (Fromont & King 1992). Dust seeds, lacks structures promoting active dispersal (Esler 1988).",NA,NA,NA,2022-06-08T00:00:00Z,45096,2023-06-19T00:00:00Z,1,1,0
Hypericum perforatum L.,Hypericum perforatum,NA,St John's wort,capsules split when mature,NA,herb,1,"NZ Flora Online: bank, clay, coast, dry, flat , grassland, gravel, hill, lake margin, margin, moist, open, pasture, riparian, roadside, rock outcrop, sand, shrubland, slope, terrace, track, wasteland; NZPCN: Disturbed short tussockland, herbfield, bare land",riparian,capsule,dry,none,2e-4,unspecialised,NA,wind.none,internal,attachment,water,NA,NA,"Couvreur et al. 2004; Albert et al. 2015; Almeida et al. 2022, 2025; Rutledge & McLendon sine anno; NZPCN","NZPCN: Seeds dispersed via wind (minor), possibly livestock. Rhizomes via soil and water movement.","Combination: wind+animal; Method not stated; Also dispersed by water and via vegetative spread. Diaspore=seed (Rutledge & McLendon, sine anno, cited in Kew SID). Seeds are dispersed by deer internally (sometimes) and on fur (sometimes; Albert et al. 2015). Seeds dispersed attached to cattle and horse fur, wind-dispersed seed (seeds small and shed from a capsule above surrounding vegetation) (Couvreur et al. 2004).  seeds ingested by waterfowl in Europe (Almeida et al. 2022) and North America (Almeida et al. 2025).",dispersal based on morphology,NA,2022-06-08T00:00:00Z,45043,2022-06-21T00:00:00Z,4,1,4
Ilex aquifolium L.,Ilex aquifolium,NA,holly,shrub or small tree up to c. 12 m high,shrub-tree,tree,12,"NZ Flora Online: bank, coast, dry, flat , forest, forest edge, hill, log, lowland, margin, open, roadside, sand, shaded, sheltered, stone, terrace",NA,drupe,fleshy,fleshy,0.03227,internal,NA,internal,NA,NA,NA,NA,NA,Webb et al. 1988; Williams & Karl 1996,NA,England: fruits eaten primarily  by blackbird & also song thrush; Spain: fruits eaten by blackbird (Snow & Snow 1988),NA,NA,2022-06-08T00:00:00Z,NA,2023-06-19T00:00:00Z,1,1,0
Impatiens glandulifera Royle,Impatiens glandulifera,NA,Himalayan balsam,capsule opening explosively (Webb et al. 1988),NA,herb,2.5,"NZPCN: Margins of water bodies, especially gullies, wet roadsides and forest margins.",riparian,capsule,dry,explosively dehiscent capsule,0.00983,ballistic,NA,ballistic,water,NA,NA,NA,NA,Webb et al. 1988; NZPCN,"capsule opening explosively (Webb et al. 1988); Seed dispersed by water and contaminated machinery, garden discards (NZPCN factsheet prepared by Paul Champion and Deborah Hofstra (NIWA)).",NA,NA,NA,2022-06-08T00:00:00Z,45043,2022-06-21T00:00:00Z,2,1,1
Impatiens sodenii Engl. & Warb. ex Engl.,Impatiens sodenii,NA,shrub balsam,"subshrub, seed not seen (Webb et al. 1988); Some seed produced (NZPCN website)",NA,shrub,2,NA,NA,capsule,dry,explosive capsule,NA,NA,NA,NA,NA,NA,NA,NA,NA,Webb 1988; Esler 1988,the succulent ovary walls curl inwards violently at maturity (Esler 1988).,NA,NA,rare,2022-06-08T00:00:00Z,NA,NA,0,0,NA
Imperata cylindrica (L.) P.Beauv.,Imperata cylindrica,NA,lalanga bladey grass,NA,NA,NA,NA,NA,NA,caryopsis,dry,NA,NA,NA,NA,NA,NA,NA,NA,NA,NA,NA,NA,"Wind; Diaspore is blown by wind; Direct or experimental observation; (Ridley, 1930); Also dispersed via vegetative spread. Diaspore=spikelet. The seed is plumed.",NA,none,2022-06-08T00:00:00Z,NA,2022-06-21T00:00:00Z,0,0,NA
Ipomoea indica (Burm.) Merr.,Ipomoea indica,NA,blue morning glory,"Climber; Fruit not seen, viable seed is not formed in NZ (Webb et al. 1988); Has occasional seeds which seemingly contribute nothing to the dispersal of the species (Esler 1988). Viable seed was not thought to be formed in New Zealand (Webb et. al. 1988; Department of Conservation 1996). However, in 1996 a plant was found in the Bay of Plenty producing large amounts of seed with seedlings nearby (Ford, 1998, cited in NZPCN website).
",NA,NA,NA,NA,NA,capsule,dry,none,NA,NA,NA,NA,NA,NA,NA,NA,NA,Esler 1988,has no structures directly aiding active seed dispersal and large seeds >10 mg (Esler 1988).,"I. cuernavacensis: Unassisted; Seeds drop to the ground close to or beneath the parent plant; Direct or experimental observation; (Vazquez & Givnish, 1998, cited in Kew SID)",NA,rare,2022-06-08T00:00:00Z,NA,NA,0,0,NA
Iris foetidissima L.,Iris foetidissima,NA,stinking iris,"herb, stems 60–80 cm high, infl. c. 80 cm long with the flowers usually amongst the leaves. Fruit diameter is for seed plus aril (Webb 1988; Snow & Snow 1988); capsules split open to reveal around 30 seeds covered in fleshy arils (Snow & Snow 1988).",NA,herb,0.8,"NZ Flora Online: bank, cliff, coast, dry, forest, lowland, pasture, roadside, rock outcrop, shaded, shrubland, silt, slope, terrace, track, wasteland",NA,arillate,fleshy,fleshy,0.07941,internal,NA,internal,water,NA,NA,NA,NA,Webb et al. 1988; Atkinson 1997; Timmins & Mckenzie 1995,has no structures directly aiding active seed dispersal and large seeds >10 mg (Esler 1988). Seeds are dispersed by birds (Webb et al. 1988; Atkinson 1997). Seed is dispersed by birds and water (Timmins & MacKenzie 1995).,Occasionally eaten by blackbird & song thrush but fruits remain on plants for months. Stinking iris fruit is evidently relatively unpopular with fruit-eaters except when food is scarce (Snow & Snow 1988).,NA,NA,2022-06-08T00:00:00Z,45096,2023-06-19T00:00:00Z,2,1,1
Iris pseudacorus L.,Iris pseudacorus,NA,yellow flag,emergent aquatic,NA,herb,1,"NZ Flora Online: bank, coast, dry, forest, gully, lake margin, margin, moist, pasture, roadside, silt; NZPCN: Still and slow flowing water bodies, wetlands and reported from salt marshes overseas.",riparian,capsule,aquatic,"buoyant seed, hard seed coat, gas space inside seed",0.04279,water,NA,water,internal,NA,NA,NA,NA,Coops & van der Velde 1995; van den Broek et al. 2005; Almeida et al. 2022; NZPCN,"Seeds and rhizome fragments spread by water and contaminated machinery, and deliberate planting (NZPCN Factsheet prepared by Paul Champion and Deborah Hofstra (NIWA)).",experiment show seeds are highly buoyant (van den Broek et al. 2005); seeds can float for 7 months on a calm surface (Coops & van der Velde 1995).  seeds ingested by waterfowl (Almeida et al. 2022).,NA,NA,2022-06-08T00:00:00Z,45043,2023-04-27T00:00:00Z,2,1,1
Jacobaea vulgaris Gaertn.,Jacobaea vulgaris,Senecio jacobaea,ragwort,"seeds from disc florets have pappus (for wind dispersal) and trichomes (possibly for animal dispersal), while those from ray florets have neither (Wardle 1987)",NA,herb,1.2,"NZ Flora Online: bank, coast, dry, forest, forest edge, gap, grassland, gravel, hill, log, lowland, margin, moist, open, pasture, peat, ridge, riparian, river terrace, riverbed, roadside, sand, shaded, slope, stone, terrace, track, wasteland; NZPCN: Especially abundant in areas of higher rainfall (Webb et al.,1988). Plant of open ground and light gaps: wherever there is sufficient bare ground for seeds to germinate and establish. Found mostly in open forests, riverbeds, swamps and pastures. Grows on coastal slopes and along tracks (West, 1996).",riparian,achene,dry,"pappus, none, trichomes",2.0999999999999998e-4,wind,unspecialised,wind,water,attachment,NA,NA,"Most seeds dispersed downwind of the prevailing north-easterly and within a few metres, with rare distances of up to 36.6m",Wardle 1987; West 1996; NZPCN,"Seed dispersal of seeds from disc florest by wind but those from ray florest unspecialised, dispersal by attachment but not internally (Wardle 1987); Dispersal of seed via water, animals, vehicles, clothing, hay, chaff (NZPCN). Numerous small seeds are dispersed widely by the wind (West,1996).",NA,NA,NA,2022-06-08T00:00:00Z,45043,2022-06-21T00:00:00Z,3,2,2
Jasminum polyanthum Franch.,Jasminum polyanthum,NA,jasmine,seed set rare,NA,NA,NA,NA,NA,berry,fleshy,fleshy,NA,NA,NA,NA,NA,NA,NA,NA,NA,NA,NA,Jasminum spp. verified as vertebrate-dispersed (Meisenburg & Fox 2002),NA,rare,2022-06-08T00:00:00Z,NA,NA,0,0,NA
Juglans ailantifolia Carrière,Juglans ailantifolia,NA,Japanese walnut,NA,NA,tree,15,"NZ Flora Online:  bank, coast, hill, open, pasture, riparian, river terrace, roadside, sand, shrubland, silt, stone, terrace, wasteland",riparian,drupe,dry,none,6.767,scatterhoarding,NA,scatterhoarding,water,NA,NA,NA,NA,Esler 1988; Tamura 2001; Weedbusters https://www.weedbusters.org.nz/what-are-weeds/weed-list/japanese-walnut/,"Spreads by water [streams], occasionally dumped nuts, possibly by pigs or possums, favoured habitat of rats (Weedbusters https://www.weedbusters.org.nz/what-are-weeds/weed-list/japanese-walnut/). Seedlings sometimes appear in large numbers in the vicinity of parents (Webb et al. 1988). has no structures directly aiding active dispersal and large seeds (>10 mg) (Esler 1988).",squirrels & wood mice disperse seeds via scatterhoarding in Japan (Tamura 2001); damaged seeds found in bear droppings (Koike et al. 2008).,also possible scatterhoarding by rats in NZ?,NA,2022-06-08T00:00:00Z,NA,2022-06-21T00:00:00Z,2,1,1
Juncus acutus L.,Juncus acutus,NA,sharp rush,NA,rush,herb,1,"NZ Flora Online: coast, dry, gravel, moist, open, roadside, sand, sheltered, silt; NZPCN: Wet and seasonally dry sandy areas",NA,capsule,dry,sticky mucilage,1e-4,attachment,NA,attachment,water,NA,NA,NA,NA,Esler 1988; NZPCN,"Seeds of Juncus spp. become mucilaginous when wet and can be carried long distances adhering to moving objects (Esler 1988); Seed dispersed by animals, water or contaminated machinery (NZPCN Factsheet prepared by Paul Champion and Deborah Hofstra (NIWA)).",Juncus sp. dispersed by water birds via ectozoochory (Reynolds & Cumming 2016); J. articulatus (Albert et al. 2015) and J. canadensis and J. effusus seeds germinated from white-tailed deer faeces (Flaherty et al. 2018),NA,NA,2022-06-08T00:00:00Z,45043,2022-06-21T00:00:00Z,2,1,1
Juncus articulatus L.,Juncus articulatus,NA,jointed rush,NA,rush,herb,0.6,"NZ Flora Online: bank, clay, cliff, coast, flat, grassland, gravel, hill, lake margin, lowland, margin, moist, montane, open, pasture, peat, riverbed, roadside, rock outcrop, sand, silt, slope, stone, terrace, wetland; NZPCN: Margins of flowing and still water bodies, drains and wet pasture, sometimes submerged or floating.",riparian,capsule,dry,sticky mucilage,2e-5,attachment,NA,attachment,water,internal,wind.none,NA,NA,Welch 1985; Esler 1988; Couvreur et al. 2004; Rosenthal 2006; Albert et al. 2015; Almeida et al. 2022; NZPCN,"Seeds of Juncus spp. become mucilaginous when wet and can be carried long distances adhering to moving objects (Esler 1988); Seed dispersed by animals, water or contaminated machinery (NZPCN Factsheet prepared by Paul Champion and Deborah Hofstra (NIWA)).","short distance wind dispersal; epichorous, mucilage adhesion (Rosenthal 2006); seeds are dispersed by deer internally (sometimes; Albert et al. 2015). Seeds dispersed attached to cattle fur (Couvreur et al. 2004); seeds germinated from red deer dung (Welch 1985). seeds ingested by waterfowl (Almeida et al. 2022).",NA,NA,2022-06-08T00:00:00Z,45043,2022-06-21T00:00:00Z,4,1,3
Juncus bulbosus L.,Juncus bulbosus,NA,bulbous rush,NA,rush,herb,0.15,"NZPCN: Mostly peaty sites in wet pastures, water body margins, drains and wetlands, sometimes submerged; NZ Flora Online: alpine, fernland, gravel, margin, moist, open, ridge, roadside, sand, shrubland, silt, wetland",NA,capsule,dry,sticky mucilage,2.405e-4,attachment,NA,attachment,water,NA,NA,NA,NA,Esler 1988; NZPCN,"Seeds of Juncus spp. become mucilaginous when wet and can be carried long distances adhering to moving objects (Esler 1988); Seed dispersed by animals, water or contaminated machinery (NZPCN Factsheet prepared by Paul Champion and Deborah Hofstra (NIWA)).",Juncus sp. dispersed by water birds via ectozoochory (Reynolds & Cumming 2016); J. articulatus (Albert et al. 2015) and J. canadensis and J. effusus seeds germinated from white-tailed deer faeces (Flaherty et al. 2018),NA,NA,2022-06-08T00:00:00Z,45043,2022-06-21T00:00:00Z,2,1,1
Juncus squarrosus L.,Juncus squarrosus,NA,heath rush,NA,rush,herb,0.35,"NZ Flora Online: forest edge, gravel, hill, lake margin, moist, open, pasture, roadside, shrubland, slope, track; NZPCN: Peaty and other low nutrient (acid) sites.",NA,capsule,dry,sticky mucilage,1e-4,attachment,NA,attachment,water,internal,NA,NA,NA,Welch 1985; Esler 1988; Mouissie et al. 2005; Albert et al. 2015; NZPCN,"Seeds of Juncus spp. become mucilaginous when wet and can be carried long distances adhering to moving objects (Esler 1988); Seed dispersed by animals, water or contaminated machinery (NZPCN Facthseet prepared by Paul Champion and Deborah Hofstra (NIWA)).","fruits with seeds attached to fleece of real sheep, also attached to experimental sheep dummy but not cattle dummy (Mouissie et al. 2005); seeds are dispersed by deer internally (sometimes; Albert et al. 2015). seeds germinated from cattle, red deer, hare and red grouse dung (Welch 1985).",NA,NA,2022-06-08T00:00:00Z,45043,2022-06-21T00:00:00Z,3,1,2
Kalanchoe pinnata (Lam.) Pers.,Kalanchoe pinnata,Bryophyllum pinnatum,air plant,Any seed which is formed is unlikely to be fertile (Webb et al. 1988),NA,NA,NA,NA,NA,follicle,dry,NA,NA,NA,NA,NA,NA,NA,NA,NA,NA,NA,NA,NA,NA,none,NA,NA,NA,0,0,NA
Kennedia rubicunda Vent.,Kennedia rubicunda,NA,dusky coral pea,"seed strophiolate (with hard aril-like appendage) (Webb et al. 1988), climbing herb",vine,shrub,NA,"NZ Flora Online: bank, dry. NZPCN: In sun and semi-shade on sandstone soils.",NA,pod,fleshy,"explosively dehiscent pod, arillate seed",0.02541,ballistic,ant,ballistic,ant,NA,NA,NA,NA,Berg 1975,NA,"myrmecochorous (Berg 1975). myrmecochorous (Rice & Westoby 1981, probably based on Berg 1975)",NA,NA,2022-06-08T00:00:00Z,45096,2023-06-19T00:00:00Z,2,2,1
Lagarosiphon major (Ridl.) Moss,Lagarosiphon major,NA,NA,Does not produce seeds (Healy & Edgar 1980); dioecious species with only one sex present in NZ (Esler 1988).,NA,NA,NA,NA,NA,capsule,aquatic,NA,NA,NA,NA,NA,NA,NA,NA,NA,NA,NA,NA,NA,NA,none,2022-06-08T00:00:00Z,NA,NA,0,0,NA
Lagunaria patersonia (Andrews) G.Don,Lagunaria patersonia,NA,norfolk island hibiscus,"not in Flora; NZPCN: Mainly spread by inappropriate coastal plantings, careless discard of garden clippings and down water courses near which it has been planted. The seeds are enclosed in somewhat buoyant pods.",NA,tree,NA,NA,NA,pod,dry,buoyant pod,0.0482,water,NA,water,NA,NA,NA,NA,NA,NZPCN,"Mainly spread by inappropriate coastal plantings, careless discard of garden clippings and down water courses near which it has been planted. The seeds are enclosed in somewhat buoyant pods (NZPCN).",NA,NA,NA,2022-06-08T00:00:00Z,45048,2022-06-21T00:00:00Z,1,1,0
Lamium galeobdolon (L.) L.,Lamium galeobdolon,Galeobdolon luteum,aluminium plant,NA,NA,NA,NA,NA,NA,nutlet,dry,NA,NA,NA,NA,NA,NA,NA,NA,NA,NA,NA,NA,NA,NA,none,2022-06-08T00:00:00Z,NA,NA,0,0,NA
Lantana camara L.,Lantana camara,NA,lantana,"shrub;  stems upright to spreading, or almost scrambling to  c.  2–(3) m high",NA,shrub,2,"NZ Flora Online: bank, clay, coast, dry, grassland, gully, hill, lava, lowland, margin, open, pasture, roadside, sand, shaded, sheltered, shrubland, slope, stone, track, wasteland",NA,drupe,fleshy,fleshy,0.01114,internal,NA,internal,NA,NA,NA,NA,NA,Webb et al. 1988; Fromont & King 1992; Cronk & Fuller 1995; Meisenburg & Fox 2002; Higgins et al. 2006; Green 2016,"Bird dispersed, notably by waxeyes (Fromont & King 1992)","particularly well dispersed by myna, Acridotheres tristis (Cronk & Fuller 1995); vertebrates observed consuming fruits (Meisenburg & Fox 2002); intact seeds found in heron faeces predating lizards (secondary dispersal; Green 2016). Fruits eaten by silvereyes in Australia (Higgins et al. 2006).",NA,NA,2022-06-08T00:00:00Z,NA,2023-06-19T00:00:00Z,1,1,0
Larix decidua Mill.,Larix decidua,NA,European larch,"small or medium sized tree; Seed with large, broad, asymmetric wing",NA,tree,NA,"NZ Flora Online: alpine, bank, margin, open, pasture, ridge, roadside, slope; NZPCN: A plant of montane and subalpine habitats and sites of low fertility (Timmins & MacKenzie 1995). A plant of tussockland (Timmins & MacKenzie 1995).",NA,cone,dry,winged seed,0.0064,wind,NA,wind,NA,NA,NA,NA,NA,Timmins & Mackenzie 1995; SID,NA,"Wind; Diaspore is blown by wind; Method not stated; (Young & Young, 1992, cited in SID); Diaspore=seed. The diaspore has wings or wing-like features.",NA,NA,2022-06-08T00:00:00Z,45048,2022-06-21T00:00:00Z,1,1,0
Lathyrus latifolius L.,Lathyrus latifolius,NA,everlasting pea,scrambling,NA,herb,NA,NA,NA,pod,dry,none,0.040299999999999996,unspecialised,NA,unknown,NA,NA,NA,NA,NA,NA,NA,"L. sp. Dispersal prevented; Seeds are produced below ground level; Direct or experimental observation; (van Rheede van Oudtshoorn & van Rooyen, 1999); The species is amphicarpic, producing some (but not all) diaspores below ground. L. palustrus: no dispersal adaptations (Rosenthal 2006).",dispersal based on morphology,NA,2022-06-08T00:00:00Z,45048,2022-06-21T00:00:00Z,0,1,0
Lathyrus tingitanus L.,Lathyrus tingitanus,NA,Tangier pea,scrambling,NA,herb,NA,NA,NA,pod,dry,none,0.0935,unspecialised,NA,unknown,NA,NA,NA,NA,NA,NA,NA,"L. sp. Dispersal prevented; Seeds are produced below ground level; Direct or experimental observation; (van Rheede van Oudtshoorn & van Rooyen, 1999); The species is amphicarpic, producing some (but not all) diaspores below ground. L. palustrus: no dispersal adaptations (Rosenthal 2006).",dispersal based on morphology,NA,2022-06-08T00:00:00Z,45048,2022-06-21T00:00:00Z,0,1,0
Laurus nobilis L.,Laurus nobilis,NA,bay,Large shrub or small tree to  c. 7 m,shrub-tree,shrub,7,"NZ Flora Online: clay, cliff, coast, dry, gravel, gully, hill, loam, lowland, margin, open, roadside, rock outcrop, sand, shaded, sheltered, silt, stone, terrace, track, wasteland. NZPCN: intact bush, waste land and scrub",NA,berry,fleshy,fleshy,0.51627,internal,NA,internal,NA,NA,NA,NA,NA,NZPCN,Dispersed by birds and people (NZPCN),NA,NA,NA,2022-06-08T00:00:00Z,45096,2023-06-19T00:00:00Z,1,1,0
Leptospermum laevigatum (Gaertn.) F.Muell.,Leptospermum laevigatum,NA,Victorian tea tree,"shrub or small tree 1-2 (-7) m high, fertile seeds with lamellate wings",NA,shrub,2,NA,NA,capsule,dry,winged seed,0.0011200000000000001,wind,NA,wind,NA,NA,NA,NA,NA,Burrell 1981,NA,the seed is wind dispersed (Burrell 1981),NA,NA,2022-06-15T00:00:00Z,NA,2022-06-21T00:00:00Z,1,1,0
Leucanthemum vulgare Lam.,Leucanthemum vulgare,NA,oxeye daisy,"achenes of disc florets pappus absent, achenes of ray florets sometimes with irregular pappus c. 0.3 mm long",NA,herb,1,NA,NA,achene,dry,none,4.1999999999999996e-4,unspecialised,NA,internal,attachment,NA,NA,NA,few seeds dispersed more than 0.6m (Clements et al. 2004 & references therein),McIntyre et al. 1995; Clements et al. 2004; Rosenthal 2006; Albert et al. 2015; Green 2016; McDougall et al. 2018,NA,"No dispersal adaptations (Rosenthal 2006); seeds are dispersed by deer internally (sometimes; Albert et al. 2015). Viable seeds germinated from gull faeces (Green 2016); seeds viable after passage through farm animals including cattle and horses, seeds attached to sheeps fleece on rare occasions (Clements et al. 2004); seeds attached to animal (kangaroo & fox) fur in experiment (McDougall et al. 2018); undefined seed dispersal morphology (McIntyre et al. 1995)",NA,NA,2022-06-15T00:00:00Z,NA,2022-06-21T00:00:00Z,2,1,2
Leycesteria formosa Wall.,Leycesteria formosa,NA,Himalayan honeysuckle,Shrub to 2–(3) m high,NA,shrub,2,"NZ Flora Online: bank, clay, cliff, dry, forest, forest edge, gap, gully, hill, lowland, margin, moist, open, pasture, riparian, roadside, rock outcrop, sand, scrubland, sheltered, shrubland, silt, slope, stone, track, unstable/eroded, wasteland. NZPCN: A plant of coastal and lowland habitats (Timmins & MacKenzie 1995). The plant occurs in streams and favours damper habitats (Veitch 1995; Department of Conservation 1996). A plant of streams, shrublands, light gaps in forests (such as windfall gaps), roadsides, exotic plantations, farm hedges and wasteland habitats (Veitch 1995; Department of Conservation 1996). A plant of scrub and forest margin, shrubland and riverbed communities (Timmins & MacKenzie 1995).",riparian,berry,fleshy,fleshy,3e-4,internal,NA,internal,NA,NA,NA,NA,NA,Webb et al. 1988; Williams & Karl 1996; Atkinson 1997; Spurr et al. 2011,bird-dispersed (Atkinson 1997); bellbirds eat fruits (Spurr et al. 2011),NA,NA,NA,2022-06-08T00:00:00Z,45096,2023-06-19T00:00:00Z,1,1,0
Leymus racemosus (Lam.) Tzvelev,Leymus racemosus,Elymus racemosus,Siberian lyme grass,"inflorescence is up to 1.6 m long, with a stiff erect spike",grass,herb,1.6,"NZ Flora Online:  bank, coast, hill, pasture, roadside, sand, wasteland; NZPCN: coastal dunes, foreshore, sandy places and waste land",NA,caryopsis,dry,none,0.0105884,unspecialised,NA,unknown,NA,NA,NA,NA,NA,NA,NA,"L. triticoides: Dispersal aids: none (RBG Kew, Wakehurst Place, Kew SID)",dispersal based on morphology,NA,2022-06-08T00:00:00Z,45048,2022-06-21T00:00:00Z,0,1,0
Ligustrum lucidum W.T.Aiton,Ligustrum lucidum,NA,tree privet,"small or medium-sized, evergreen tree to  c. 10 m high (taller in cultivation), sometimes a dense shrub",shrub-tree,shrub,10,"NZ Flora Online: clay, flat , gap, gully, hill, margin, open, roadside, sand, scrubland, sheltered, slope, stone, wasteland. NZPCN: A plant of coastal and lowland habitats. The plant occurs in sites of low-high fertility. A plant of scrub and forest margins, roadsides, fencelines and open forest communities. A plant of forest, lowland and coastal, forest fragments, shrublands, roadsides, farm hedges, wastelands, domestic garden sites. The plant has naturalised in waste places, margins of remnant forest stands, coastal cliffs and gardens.",NA,drupe,fleshy,fleshy,0.031,internal,NA,internal,NA,NA,NA,NA,NA,Esler 1988; Fromont & King 1992; Timmins & Mackenzie 1995; Atkinson 1997; Karan 2000; Higgins et al. 2006,"Birds, including pigeons, spread the seeds (Fromont & King 1992). Bird-dispersed (Atkinson 1997)",Ligustrum spp. verified as vertebrate-dispersed (Meisenburg & Fox 2002); Bergquist 1987. Fruits eaten by silvereyes in Australia (Higgins et al. 2006).,NA,NA,2022-06-08T00:00:00Z,45096,2023-06-19T00:00:00Z,1,1,0
Ligustrum ovalifolium Hassk.,Ligustrum ovalifolium,NA,privet,fruits uncommon,NA,NA,NA,NA,NA,drupe,fleshy,fleshy,NA,NA,NA,NA,NA,NA,NA,NA,NA,Esler 1988,NA,Ligustrum spp. verified as vertebrate-dispersed (Meisenburg & Fox 2002),NA,rare,2022-06-08T00:00:00Z,NA,NA,0,0,NA
Ligustrum sinense Lour.,Ligustrum sinense,NA,Chinese privet,Shrub or small tree to  c. 5 m high,shrub-tree,shrub,5,"NZ Flora Online: bank, coast, dry, forest, forest edge, gap, gravel, gully, hill, lowland, margin, open, river terrace, roadside, rock outcrop, sand, scrubland, sheltered, shrubland, slope, stone, terrace, wasteland. NZPCN: A plant of coastal and lowland habitats (Timmins & MacKenzie 1995). The plant occurs in sites of low-high fertility (Timmins & MacKenzie 1995). A plant of scrub and forest margin, roadsides, fencelines, open forest communities (Timmins & MacKenzie 1995). Communities in which the plant occurs are alluvial forest remnants, wasteplaces, shrublands, open stream systems and coastal areas (Department of Conservation 1996).",riparian,drupe,fleshy,fleshy,0.01653,internal,NA,internal,NA,NA,NA,NA,NA,Esler 1988; Fromont & King 1992; Timmins & Mackenzie 1995; Williams & Karl 1996; Atkinson 1997,Dispersed by birds (Fromont & King 1992; Atkinson 1997),Ligustrum spp. verified as vertebrate-dispersed (Meisenburg & Fox 2002),NA,NA,2022-06-08T00:00:00Z,45096,2023-06-19T00:00:00Z,1,1,0
Ligustrum vulgare L.,Ligustrum vulgare,NA,common privet,misidentified as Syringa vulgaris; shrub or occasionally a small tree to 5 m tall,shrub-tree,shrub,5,"Webb et al. 1988: waste land, roadside banks and in and around modified forest remnants",NA,berry,fleshy,fleshy,0.015960000000000002,internal,NA,internal,NA,NA,NA,NA,dispersal distance of >300 m observed,Debussche & Isenmann 1994,NA,"bird dispersed (Debussche & Isenmann 1994). dispersed by birds, direct or experimental observation (Snow & Snow 1988, cited in SID)",NA,NA,NA,NA,2023-10-02T00:00:00Z,1,1,0
Lilium formosanum A.Wallace,Lilium formosanum,NA,formosan lily,"capsule not seen (Webb et al. 1988); photo of capsule by Trevor James on NZ Flora Online; ""...pods had started to split from the top into 3. The
splitting sides remained connected by lace like webbing which allowed the wind to lift the light winged seeds out the open top and also water to drain out. The seeds spun like sycamore seeds when allowed to free fall."" (Cameron 1989)",NA,herb,0.75,"NZ Flora Online:  bank, coast, dry, gap, lowland, open, pasture, roadside, rock outcrop, sand, sheltered, shrubland, slope, stone, track; NZPCN: Disturbed areas, Roadsides, Dunes",NA,capsule,dry,winged seed,0.001648,wind,NA,wind,NA,NA,NA,NA,NA,Cameron 1989,NA,NA,NA,NA,2022-06-08T00:00:00Z,45048,2022-06-21T00:00:00Z,1,1,0
Lolium arundinaceum (Schreb.) Darbysh.,Lolium arundinaceum,"Festuca arundinaceum, Schedonorus arundinaceus",tall fescue,infl. up to 1.5 m long,grass,herb,1.5,"commonly of river beds; NZ Flora Online: bank, coast, dry, forest, forest edge, grassland, gravel, hill, lake margin, lowland, margin, moist, open, pasture, peat, riparian, riverbed, roadside, rock outcrop, sand, sheltered, shrubland, silt, slope, stone, terrace, track, wasteland, wetland",riparian,caryopsis,dry,none,0.0011,unspecialised,NA,bird nesting material,NA,NA,NA,NA,NA,Warren et al. 2017,"ETNZF (attachment, also wind)",Schedonorus arundinaceus (synonym) dispersed in bird nesting material (Warren et al. 2017).,dispersal based on morphology,NA,2022-06-16T00:00:00Z,NA,2023-06-07T00:00:00Z,1,1,1
Lolium perenne L.,Lolium perenne,NA,perennial ryegrass,NA,grass,herb,0.75,"NZ Flora Online: alpine, bank, clay, cliff, coast, dry, forest, forest edge, grassland, gravel, hill, lake margin, lowland, margin, moist, open, pasture, ridge, roadside, rock outcrop, sand, shaded, shrubland, slope, stone, terrace, track, unstable/eroded, wasteland; NZPCN: Roadsides and tracks, pasture, river flats and banks, waste land and sand dunes, lowland to montane",riparian,caryopsis,dry,none,0.002,unspecialised,NA,internal,attachment,wind.none,NA,NA,NA,Welch 1985; Marchant & Higgins 1990b; Harrington et al. 2011; Morris et al. 2011; Couvreur et al. 2004; Albert et al. 2015; Almeida et al. 2022,seeds fed to goats viable and germinated after defecation (Harrington et al 2011); has no structures directly aiding active seed dispersal and medium-sized seeds (1-10 mg) (Esler 1988). Seeds recorded in pukeko gizzards (Marchant & Higgins 1990b).,"wind: flattened seed; endochorous, hard seed coat, without pulp; dysochorous, lost food (Rosenthal 2006); seeds are dispersed internally by deer (sometimes; Albert et al. 2015). Seeds dispersed attached to cattle and horse fur, unspecialised dispersal (Couvreur et al. 2004); undefined seed dispersal morphology (McIntyre et al. 1995); ; seeds germinated from cattle dung (Welch 1985). seeds caught in seed trap (Morris et al. 2011).  seeds ingested by waterfowl (Almeida et al. 2022).",NA,NA,2022-06-08T00:00:00Z,45048,2022-06-21T00:00:00Z,3,1,3
Lomatia fraseri R.Br.,Lomatia fraseri,NA,tree lomatia,not on NZPCN website. See Perrie & Shepherd 2021 for species details. Shrub or small tree to at least 4 m high.,shrub-tree,shrub,4,"Perrie & Shepherd 2021: in disturbed firebreak, under manuka and kanuka and in regenerating forest.",NA,follicle,dry,winged seed,0.0072,wind,NA,wind,NA,NA,NA,NA,NA,Perrie & Shepherd 2021,"has winged seeds, which aid wind dispersal (Perrie & Shepherd 2021)",NA,NA,NA,NA,NA,2023-10-02T00:00:00Z,1,1,0
Lonicera japonica Thunb.,Lonicera japonica,NA,Japanese honeysuckle,Vigorous climber,vine,shrub,NA,"NZ Flora Online: bank, coast, dry, flat , forest, forest edge, gravel, hill, lake margin, lava, loam, lowland, margin, open, pasture, roadside, sand, shaded, sheltered, shrubland, terrace, track, wasteland. NZPCN: A plant of coastal and lowland communities which grows in moderately fertile sites. The plant grows more vigorously in deeper valley soils (Department of Conservation 1996). Grows best on calcerous soils and moist forest soils; it rarely establishes on excessively drained and drought-prone sandy or stony soils (Williams and Timmins, 1997).

Occurs in scrub, forest margins, shrublands, disturbed or secondary forest, coastal areas, modified lowland forest, wetland margins, inshore islands, roadsides, farm hedges, wasteland, rough pasture, open forest, forest, wetlands, streambanks and around margins and in clearings (Webb et. al. 1988).",NA,berry,fleshy,fleshy,0.0018,internal,NA,internal,NA,NA,NA,NA,NA,Esler 1988; Timmins & Mackenzie 1995; Williams & Karl 1996; Atkinson 1997,Has succulent fruits which are dispersed by birds quite effectively (Esler 1988). Bird-dispersed (Atkinson 1997).,vertebrates observed consuming fruits (Meisenburg & Fox 2002),NA,NA,2022-06-08T00:00:00Z,45096,2023-06-19T00:00:00Z,1,1,0
Lophospermum erubescens D.Don ex Sweet,Lophospermum erubescens,NA,creeping gloxinia,climbing,NA,herb,NA,"NZ Flora Online: coast, gully, lava, margin, shaded, sheltered; NZPCN: Forest margins and scrub. Recorded from almost bare rock on Rangitoto Is.",NA,capsule,dry,winged seed,2.665e-4,wind,NA,wind,NA,NA,NA,NA,NA,NZPCN,dispersal by wind and people (NZPCN),NA,NA,NA,2022-06-08T00:00:00Z,45048,2022-06-21T00:00:00Z,1,1,0
Ludwigia peploides (Kunth) P.H.Raven,Ludwigia peploides,NA,water primrose,"stems creeping or floating, rooting at nodes, with pneumatophores sometimes present below water",NA,herb,NA,"NZ Flora Online:  coast, lake margin, lowland, margin, moist, open, pasture, peat, sand, sheltered, shrubland, silt, stone, wetland; NZPCN: Still and slow flowing shallow water bodies.",riparian,capsule,aquatic,none,0.0015436,unspecialised,NA,water,internal,NA,NA,NA,NA,"Marchant & Higgins 1990a; Kehr et al 2014; Almeida et al. 2022, 2025",NA,"dispersed by hydrochory, viable seeds sampled from water (Kehr et al 2014). Ludwigia sp.: Water?; Assumption based upon diaspore morphology; (Foster et al., 1986, cited in Kew SID); one non-viable seed recovered from teal faeces (Reynolds et al. 2015).  seeds ingested by waterfowl in Europe (Almeida et al. 2022) and North America (Almeida et al. 2025). seeds in grey teal gizzard and grey duck in NSW Australia (Marchant & Higgins 1990a).",dispersal based on morphology,NA,2022-06-08T00:00:00Z,45048,2022-06-21T00:00:00Z,2,1,2
Luma apiculata (DC.) Burret,Luma apiculata,Myrtus luma,Chilean myrtle or arrayan,see Sykes 2002 for species details. Small tree to 7 or 8 m high. Seed mass from Lusk & Kelly 2003,NA,tree,8,Sykes 2002: mixed podocarp-hardwood stand,NA,berry,fleshy,fleshy,0.0174,internal,NA,internal,NA,NA,NA,NA,NA,Heenan et al. 2004,fruits are bird dispersed (Heenan et al. 2004),NA,NA,NA,NA,NA,NA,1,1,0
Lupinus arboreus Sims,Lupinus arboreus,NA,tree lupin,dehiscent pod,NA,shrub,3,"NZ Flora Online: bank, clay, cliff, coast, dry, flat , forest, gravel, hill, lake margin, margin, open, pasture, ridge, riparian, riverbed, roadside, rock outcrop, sand, shrubland, slope, wasteland; NZPCN: Short tussockland, bare land, riverbeds, coastal sandy and well drained areas.",riparian,pod,dry,explosively dehiscent pod,0.03276,ballistic,NA,ballistic,NA,NA,NA,NA,NA,NZPCN,Seed pod splits explosively to disperse seeds (NZPCN); no structures directly aiding active seed dispersal and large seeds >10 mg (Esler 1988),"L. angustifolius: Methods originating from parent plant or diaspore; Explosive mechanism; Direct or experimental observation; (Kozlowski, 1972, cited in Kew SID); Diaspore=seed. Legume dehisces explosively. L. nootkatensis: Water; Floating in freshwater currents; Assumption based upon the ecology/distribution of the species; (Ridley, 1930); The diaspore is buoyant.",NA,NA,2022-06-08T00:00:00Z,45049,2022-06-21T00:00:00Z,1,1,0
Lupinus polyphyllus Lindl.,Lupinus polyphyllus,NA,russell lupin,dehiscent pod; Infl. 15–60 cm long,NA,herb,0.6,"NZ Flora Online: bank, clay, coast, dry, gap, gravel, hill, loam, lowland, margin, open, pasture, riverbed, roadside, sand, shrubland, slope, track, wasteland; NZPCN: Establishes in waste places and lowland areas, streams, riverbeds and disturbed montane to subalpine areas.",riparian,pod,dry,explosively dehiscent pod,0.021,ballistic,NA,ballistic,water,NA,NA,NA,NA,Timmins & Mackenzie 1995,"Explosive mechanism, humans, tourists, waterways (particularly in floods) (Timmins & MacKenzie 1995).","L. angustifolius: Methods originating from parent plant or diaspore; Explosive mechanism; Direct or experimental observation; (Kozlowski, 1972, cited in Kew SID); Diaspore=seed. Legume dehisces explosively. L. nootkatensis: Water; Floating in freshwater currents; Assumption based upon the ecology/distribution of the species; (Ridley, 1930); The diaspore is buoyant.",NA,NA,2022-06-08T00:00:00Z,45049,2022-06-21T00:00:00Z,2,1,1
Lycium ferocissimum Miers,Lycium ferocissimum,NA,boxthorn,"shrub, 1–6 m high",NA,shrub,6,"NZ Flora Online: bank, cliff, coast, dry, forest, gravel, gully, hill, lowland, margin, open, pasture, ridge, roadside, rock outcrop, sand, sheltered, shrubland, slope, stone, terrace. NZPCN: A plant of lowland and coastal habitats. A plant of low fertility sites. The plant occurs in sites with stony ground and gravel, as well as ungrazed areas. A plant that occurs in sand dunes. Other sites that the plant occurs are shrublands, coastal scrub (Porteus 1993) and other coastal area as well as scrub on cliffs, banks and roadsides. A plant of coastal shrublands and disturbed waste places.",NA,berry,fleshy,fleshy,0.00254,internal,NA,internal,NA,NA,NA,NA,NA,Marchant & Higgins 1990b; Fromont & King 1992; Timmins & Mackenzie 1995; Atkinson 1997; Higgins et al. 2006,"starlings main disperser of seeds to islands (Cox et al. 1967, cited in Atkinson 1997).",Banded rail recorded feeding on fruits and seeds in Australia (Marchant & Higgins 1990b). Fruits eaten by silvereyes in Australia (Higgins et al. 2006).,NA,NA,2022-06-08T00:00:00Z,45096,2023-06-19T00:00:00Z,1,1,0
Lycopus europaeus L.,Lycopus europaeus,NA,gypsywort,NA,NA,herb,1,"NZPCN: Lake and river margins, drains and swamps, often growing at the base of raupo and tall sedges.",riparian,nutlet,dry,buoyant seed,3e-4,water,NA,water,internal,attachment,NA,NA,NA,Couvreur et al. 2004; van den Broek et al. 2005; Rosenthal 2006; Albert et al. 2015; Almeida et al. 2022; NZPCN,"Seed dispersed by water, footwear or contaminated machinery (NZPCN Factsheet prepared by Paul Champion and Deborah Hofstra (NIWA))","high terminal velocity (Soomers et al. 2013); experiments show seeds are highly buoyant (van den Broek et al. 2005); water - floating tissue, seed specific weight <1; wind - flattened or winged seed (Rosenthal 2006). Seeds are dispersed by deer internally (sometimes; Albert et al. 2015). Seeds dispersed attached to cattle fur (Couvreur et al. 2004). seeds ingested by waterfowl (Almeida et al. 2022).",NA,NA,2022-06-08T00:00:00Z,45049,2022-06-21T00:00:00Z,3,1,2
Lythrum salicaria L.,Lythrum salicaria,NA,purple loosestrife,"NZ Flora Online: 1-2m tall; Normally 60-100 cm tall, but can grow taller (NZPCN)",NA,herb,1,"NZ Flora Online: bank, clay, coast, flat , gap, lake margin, log, lowland, margin, moist, open, pasture, riparian, roadside, sand, shaded, silt, stone, terrace, wasteland, wetland; NZPCN: Lake margins and other wetlands.",riparian,capsule,dry,buoyant seed,7.000000000000001e-5,water,NA,water,attachment,internal,wind.none,NA,NA,"Couvreur et al. 2004; Albert et al. 2015; Almeida et al. 2022; Rutledge & McLendon, sine anno","Dispersed via seed or vegetative fragments. Water dispersed, also deliberate planting (NZPCN Factsheet prepared by Paul Champion and Deborah Hofstra (NIWA))","Water; Floating in freshwater currents; Direct or experimental observation; Also dispersed by animals (livestock and wild animals), wind and via vegetative spread; Diaspore=seed; The diaspore is buoyant; Seed may also attach to clothing of humans (Rutledge & McLendon, sine anno, cited in Kew SID).  Seeds are dispersed by deer internally (sometimes; Albert et al. 2015). Seeds dispersed attached to cattle, donkey and horse fur (Couvreur et al. 2004). seeds ingested by waterfowl (Almeida et al. 2022).",NA,NA,2022-06-08T00:00:00Z,45049,2022-06-21T00:00:00Z,4,1,3
Malva arborea (L.) Webb & Berthel.,Malva arborea,Lavatera arborea,tree mallow,2–(3) m high,NA,herb,2,"NZPCN: Waste places, cultivated land, Coastal sites",NA,mericarp,dry,none,0.01269,unspecialised,NA,unknown,NA,NA,NA,NA,NA,NA,"Lavatera cretica has no structures directly aiding active seed dispersal and large seeds >10 mg (Esler 1988); NZPCN: Spreads by seed, 6-8 seeds produced by each fruit. Dispersed by soil movement.",NA,dispersal based on morphology,NA,2022-06-08T00:00:00Z,45049,2022-06-22T00:00:00Z,0,1,0
Maytenus boaria Molina,Maytenus boaria,NA,Chilean mayten,large shrub or small tree up to 10 m; arils red,shrub-tree,shrub,10,"understorey of open native bush, among scrub and grasses (Heenan et al. 1999)",NA,capsule,fleshy,arillate seed,0.01455,internal,NA,internal,NA,NA,NA,NA,NA,NZPCN,bird dispersed (NZPCN),NA,NA,NA,2022-06-08T00:00:00Z,45096,2023-06-19T00:00:00Z,1,1,0
Medicago lupulina L.,Medicago lupulina,NA,black medick,NA,NA,herb,NA,"mainly confined to stony, lime-containing soils, especially along rocky beaches, rivers and roads, and railway verges; riverbeds (Lammerink 1968)",riparian,pod,dry,none,0.0016,unspecialised,NA,internal,water,NA,NA,NA,NA,"Lammerink 1968; Dunbier 1972; Turkington & Cavers 1979; McIntyre et al. 1995; Bartuszevige & Endress 2008; Albert et al. 2015; Almeida et al. 2022, 2025",seed is readily dispersed by sheep (Lammerink 1968); The seeds of M. lupulina are able to pass through the digestive tract of grazing animals and remain viable (Dunbier 1972),"Seeds are dispersed internally by deer (sometimes) but not on deer fur or hooves (Albert et al. 2015); seeds can be dispersed great distances by birds and grazing animals (Sidhu 1971, cited in Turkington & Cavers 1979); seeds can float in water for up to 5 days (Ridley 1930, cited in Turkington & Cavers 1979); viable seeds dispersed in cattle faeces (Bartuszevige & Endress 2008); undefined seed dispersal morphology (McIntyre et al. 1995);  seeds ingested by waterfowl in Europe (Almeida et al. 2022) and North America (Almeida et al. 2025).",NA,NA,2022-06-15T00:00:00Z,NA,2022-06-22T00:00:00Z,2,1,2
Melianthus major L.,Melianthus major,NA,cape honey flower,NA,NA,shrub,2,"NZ Flora Online: clay, coast, dry, hill, lowland, open, pasture, ridge, sand, shaded, sheltered, shrubland, slope, stone, wasteland",NA,capsule,dry,winged fruit,0.031150999999999998,water,NA,water,wind.none,internal,NA,NA,NA,Simpson 1971; Fromont & King 1992; Burrows 1994; SID,undamaged seeds of cape honeyflower (Melianthus major) were the main component of the gizzard contents of a Northland kiwi (Simpson 1971).,"Fruit is rolled along ground surface by wind; the diaspore is buoyant (Ridley 1930, cited in Kew Seed Information Database)",NA,NA,2022-06-08T00:00:00Z,NA,2022-06-22T00:00:00Z,3,1,2
Miscanthus nepalensis (Trin.) Hack.,Miscanthus nepalensis,NA,Himalayan fairy grass,NA,grass,herb,2,"NZ Flora Online:  bank, clay, coast, dry, forest, forest edge, hill, lowland, open, pasture, roadside, rock outcrop, shaded, slope, stone, wasteland; NZPCN: Waste areas, spreading from roadsides",NA,caryopsis,dry,plumed seed,NA,wind,NA,wind,NA,NA,NA,NA,NA,SID,NA,"Wind; Diaspore is blown by wind; Method not stated; The seed is plumed (Ridley, 1930, cited in Kew Seed Information Database)",NA,NA,2022-06-08T00:00:00Z,45049,2022-06-22T00:00:00Z,1,1,0
Moraea flaccida (Sweet) Steud.,Moraea flaccida,NA,Cape tulip,25-60 cm tall,NA,herb,0.6,NZPCN: Pasture and grassy waste land in scattered localities,NA,capsule,dry,none,0.00311,unspecialised,NA,wind.none,water,attachment,NA,NA,NA,van Kleunen et al. 2008; NZPCN,"Seeds spread by wind, corms and seeds spread by water, and on mud spread by animals, implements and vehicles (NZPCN).",van Kleunen et al. 2008: does not appear to have any specific dispersal syndromes,NA,NA,2022-06-08T00:00:00Z,45049,2022-06-22T00:00:00Z,3,1,3
Myoporum insulare R.Br.,Myoporum insulare,NA,Australian ngaio,Large shrub or small tree,shrub-tree,shrub,NA,"NZ Flora Online:  bank, cliff, coast, dry, hill, lava, margin, open, ridge, rock outcrop, sand, shaded, sheltered, shrubland, slope, terrace, wasteland. NZPCN: Coastal areas, sandy sites behind beaches",NA,drupe,fleshy,fleshy,0.01466,internal,NA,internal,water,NA,NA,NA,NA,Higgins et al. 2006; Guja et al. 2010,NA,"primary dispersal mechanism is zoochory; seeds survived exposure to seawater for 70 days with minimal or no impact on germination, c. 25% of seeds floated initially but % floating declined fairly quickly - maximum floating time was 10 days (Guja et al. 2010). Fruits eaten by silvereyes in Australia (Higgins et al. 2006).",NA,NA,2022-06-08T00:00:00Z,45096,2023-06-19T00:00:00Z,2,1,1
Myricaria germanica (L.) Desv.,Myricaria germanica,NA,false tamarisk,"not in flora (see Heenan et al. 1999); in NZ Flora Online: plumose hairs at seed tip, seed apex feather-like",NA,shrub,1.5,"NZ Flora Online: bank, dry, gravel, hill, margin, moist, montane, open, riverbed, sand, slope, stone, terrace, track; NZPCN: Stony or muddy ground within braided river beds",riparian,capsule,dry,plumed seed,4.7300000000000005e-5,wind,NA,wind,water,NA,NA,NA,"78.3% of seeds trapped within 10m of parent plants, some seeds trapped 50m from parent plants (Fink et al. 2017)",Werth & Scheidegger 2014; Fink et al. 2017; Fink et al. 2022,Appears to have well developed dispersal techniques - probably by wind and possibly vegetatively; May spread downstream during floods (NZPCN).,capable of both wind and water dispersal (Werth & Scheidegger 2014; Fink et al. 2022; Fink et al. 2017),NA,NA,2022-06-08T00:00:00Z,45049,2022-06-22T00:00:00Z,2,1,1
Myriophyllum aquaticum (Vell.) Verdc.,Myriophyllum aquaticum,NA,parrot's feather,Does not produce seeds (Webb et al. 1988),NA,NA,NA,NA,NA,mericarp,aquatic,NA,NA,NA,NA,NA,NA,NA,NA,NA,NA,NA,NA,NA,NA,none,2022-06-08T00:00:00Z,NA,NA,0,0,NA
Nardus stricta L.,Nardus stricta,NA,mat grass,seed has long awns (Mouissie et al. 2005),grass,herb,0.3,"NZ Flora Online: clay, flat , grassland, hill, moist, open, pasture, peat, slope, track; NZPCN: Acid and damp but not permanently wet soils, e.g. edges of tarns, ephemeral wetlands, subalpine bogs, roadside ditches, damp soil and depressions on semi-natural tussock or pastoral land.",NA,caryopsis,dry,long awns,4e-4,attachment,NA,attachment,internal,NA,NA,NA,NA,Welch 1985; Mouissie et al. 2005,NA,"seeds attached to fleece only on the head of sheep (low growing grass species), also attached to both sheep and cattle experimental dummies (Mouissie et al. 2005). Seed germinated from cattle dung (Welch 1985).",dispersal based on morphology,NA,2022-06-08T00:00:00Z,NA,2022-06-22T00:00:00Z,2,1,1
Nassella neesiana (Trin. & Rupr.) Barkworth,Nassella neesiana,Stipa neesiana,Chilean needle grass,"awn at top of panicle seed, cleistogene (hidden seed) lacks awn; sharp seed callus is covered in backward pointing hairs that readily attach to animals, machinery and clothing, aiding dispersal; panicle seed mass = 6.7 mg, cleistogene mass = 2.1 mg (Gardener et al. 2005)",grass,herb,1.2,"NZ Flora Online: dry, lava, margin, open, pasture, roadside, slope",NA,caryopsis,dry,"awn, backward pointing callus hairs",0.0067,attachment,NA,attachment,internal,wind.none,water,NA,NA,Gardener et al. 2003; Humphries & Florentine 2021; NZPCN,"Restricted distribution due to a lack of wind dispersal; localised spread occurs through seed being transported by stock, in hay, on clothing, by machinery and in water (NZPCN)","Seeds dispersed most effectively by attachment to sheep fleece, 25% of seeds picked up on sheep wool after grazing in paddock with this species was still present after 5 months; 2-5% of seeds fed to cattle passed intact and 30-50% were viable; most wind dispersed seeds were within 1m of parent and furthest seeds 2.8m away (Gardener et al. 2003); Humphries & Florentine 2021: ""Attachment to passing animals/human or machinery. Stem seeds are dispersed by disturbances.""",dispersal based on morphology,NA,2022-06-08T00:00:00Z,45051,NA,4,1,3
Nassella tenuissima (Trin.) Barkworth,Nassella tenuissima,Stipa tenuissima,NA,awn at top of seed,grass,herb,0.7,"NZ Flora Online: bank, forest, gravel, margin, open, roadside",NA,caryopsis,dry,light seed,3.1e-4,unspecialised,NA,wind.none,NA,NA,NA,NA,NA,Humphries & Florentine 2021,NA,"""The light seeds are dispersed most effectively by wind"" (Humphries & Florentine 2021).",dispersal based on morphology,NA,2022-06-08T00:00:00Z,NA,2023-05-05T00:00:00Z,1,1,1
Nassella trichotoma (Nees) Hack. ex Arechav.,Nassella trichotoma,Stipa trichotoma,nassella tussock,awn at top of seed,grass,herb,0.7,"NZ Flora Online:  bank, clay, cliff, coast, dry, flat , grassland, gravel, hill, lowland, open, pasture, river terrace, riverbed, roadside, rock outcrop, sand, silt, slope, stone, terrace, wasteland",riparian,caryopsis,dry,panicle detaches easily in wind,NA,wind,NA,wind,attachment,internal,NA,NA,wind dispersed up to 16 km,Hilgendorf & Calder 1967; Cronk & Fuller 1995; Humphries & Florentine 2021; Timmins & Mackenzie 1995; NZPCN,"Reproduces by seed only. Dispersed by wind, up to 16km from the mother plant. The seeds, aided by the roughened seed coat and the tufts of hairs at the base, also cling to wool, bags, clothing etc. Seeds are also spread on machinery, in hay, mud and the droppings of animals (NZPCN); ""flower heads break off easily when ripe and so the seeds are carried long distances, as is shown by the masses of flower heads that sometimes acumulate on fences and telegraph wires"" (Hilgendorf & Calder 1967).","""Panicle detaches in the wind, which carries the panicle containing the seeds great distances"" (Humphries & Florentine 2021); wind dispersed (Cronk & Fuller 1995);",NA,NA,2022-06-08T00:00:00Z,NA,NA,3,1,2
Nephrolepis cordifolia (L.) C.Presl,Nephrolepis cordifolia,NA,tuber sword-fern,NA,NA,NA,NA,NA,NA,spore,fern,NA,NA,NA,NA,NA,NA,NA,NA,NA,NA,NA,NA,NA,NA,NA,2022-06-08T00:00:00Z,NA,NA,0,0,NA
Nymphaea alba L.,Nymphaea alba,NA,water lily,"rarely reproduces by seed (NZPCN Factsheet prepared by Paul Champion and Deborah Hofstra (NIWA)); Nymphaea spp. Fruit berry-like, fleshy and spongy; submergent maturation, irregularly dehiscent. Seeds with inflated arils, numerous, dispersal hydrochory (NZ Flora Online).",NA,herb,NA,"NZ Flora Online: coast, lowland, open, sand, sheltered, silt; NZPCN: Still and slow flowing water bodies, usually found growing in ornamental pools",riparian,aril,aquatic,NA,NA,NA,NA,NA,NA,NA,NA,NA,NA,NZ Flora Online,water,NA,NA,rare,2022-06-08T00:00:00Z,45051,NA,0,0,NA
Nymphaea mexicana Zucc.,Nymphaea mexicana,NA,mexican water lily,"Nymphaea spp. Fruit berry-like, fleshy and spongy; submergent maturation, irregularly dehiscent. Seeds with inflated arils, numerous, dispersal hydrochory (NZ Flora Online).",NA,herb,NA,NZ Flora Online: moist; NZPCN: Still and slow flowing water bodies,riparian,aril,aquatic,mucilage and gas bubbles in aril tissue,NA,water,NA,water,internal,NA,NA,NA,NA,Bonilla-Barbosa et al. 2000; Almeida et al. 2025,"Reproduces by rhizomes, tubers, and seed. Dispersed by water movement and deliberate plantings (NZPCN Factsheet prepared by Paul Champion and Deborah Hofstra (NIWA)).",the presence of mucilage and stored gas bubbles in the aril tissue it is believed that aril aids in seed flotation and dispersal (Bonilla-Barbosa et al. 2000). Seeds ingested by waterfowl in North America (Almeida et al. 2025).,NA,NA,2022-06-08T00:00:00Z,45051,NA,2,1,1
Ochna serrulata (Hochst.) Walp.,Ochna serrulata,NA,mickey mouse plant,not in flora (see Heenan et al. 1999); shrub or small tree 1-3 m tall,NA,shrub,3,an urban weed of gardens and derelict building sites (Heenan et al. 1999). NZPCN: Understorey and edge of forest,NA,NA,fleshy,fleshy,0.055060000000000005,internal,NA,internal,water,NA,NA,NA,NA,Heenan et al. 1999; NZPCN,"probably bird-dispersed as it has fleshy fruits (Heenan et al. 1999). Seeds spread by birds, water, gravity (NZPCN)",NA,NA,NA,2022-06-08T00:00:00Z,45096,2023-06-19T00:00:00Z,2,1,1
Olea europaea L.,Olea europaea,Olea europaea subsp. cuspidata or O. europea subsp. africana,African olive,shrub or small tree to approx. 7m high. see also Heenan et al. 1999,shrub-tree,shrub,7,"NZ Flora Online:  cliff, coast, dry, lowland, pasture, rock outcrop, sand, sheltered, shrubland, slope, stone. NZPCN: open coastal shrub and modified areas near native forest margins",NA,drupe,fleshy,fleshy,0.10778,internal,NA,internal,NA,NA,NA,NA,NA,West 1996; Cameron 2017,"fruits eaten by tui, blackbird, starling, kereru, eastern rosella (green fruits) (Cameron 2017). kereru and tui observed feeding on fruits at Waitangi, July 2006 (Clayson Howell pers. comm. 2013)","silvereyes in Australia recorded voiding intact seeds (Cuneo & Leishman 2006, cited in Cameron 2017)",NA,NA,2022-06-08T00:00:00Z,45096,2023-06-19T00:00:00Z,1,1,0
Opuntia monacantha Haw.,Opuntia monacantha,O. vulgaris,prickly pear,"Plants to 4–5 m high, tree-like",NA,tree,5,NZPCN: Sandy beaches and coastal places,NA,berry,fleshy,"fleshy, aril",0.02416,internal,ant,internal,ant,NA,NA,NA,NA,Humphries et al. 2022,NA,"Opuntia spp. dispersed by a range of animals and ants, presence of arils attracts ants that bury seeds (Humphries et al. 2022). Opuntia ficus-indica dispersed by mammals (baboon) & O. stricta mammal & water dispersed (Cronk & Fuller).",NA,NA,2022-06-08T00:00:00Z,44732,2022-06-20T00:00:00Z,2,2,1
Osmunda regalis L.,Osmunda regalis,NA,royal fern,NA,NA,NA,NA,NA,NA,spore,fern,NA,NA,NA,NA,NA,NA,NA,NA,NA,NA,NA,NA,NA,NA,NA,2022-06-08T00:00:00Z,NA,NA,0,0,NA
Osteospermum moniliferum L.,Osteospermum moniliferum,Chrysanthemoides monilifera,bone-seed,"shrub or small tree, up to  c. 2–(3) m tall",NA,shrub,2,"NZ Flora Online: bank, clay, cliff, coast, dry, forest, gravel, hill, lava, lowland, margin, open, pasture, ridge, roadside, rock outcrop, sand, scrubland, shrubland, silt, slope, stone, terrace, wasteland. NZPCN: mainly coastal areas, coastal cliffs, inshore islands, dry shrublands, shrubland margins, consolidated sand dunes, gumlands, roadsides, quarries, wastelands, exotic plantations",NA,drupe,fleshy,fleshy,0.0312,internal,NA,internal,NA,NA,NA,NA,NA,Esler 1988; Webb et al. 1988; Fromont & King 1992,The fleshy fruit is dispersed by birds (Webb et al. 1988); Fruit is eaten by possums (Fromont & King 1992).,bird dispersed (Cronk & Fuller 1995),NA,NA,2022-06-15T00:00:00Z,45097,2023-06-20T00:00:00Z,1,1,0
Paraserianthes lophantha (Willd.) I.C.Nielsen,Paraserianthes lophantha,Acacia lophantha,brush wattle,"shrub to small tree, 2-8m tall.",shrub-tree,shrub,8,"NZ Flora Onilne: bank, clay, coast, dry, gap, gravel, lowland, margin, ridge, roadside, rock outcrop, shaded, sheltered, shrubland, slope, unstable/eroded; NZPCN: Prefers disturbed open land, especially scrubland, riverbanks and coastal sites, but can persist in low forest for many years.",riparian,pod,dry,explosively dehiscent pod,0.0649,ballistic,NA,ballistic,water,NA,NA,NA,NA,NZPCN,"Seeds are dispersed explosively, transported down water courses (NZPCN).",NA,NA,NA,2022-06-08T00:00:00Z,45055,2022-06-22T00:00:00Z,2,1,1
Paspalum distichum L.,Paspalum distichum,NA,paspalum,inflorescence up to 45cm long (Flora); floating grass (NZPCN),grass,herb,0.45,"NZ Flora Online:  bank, coast, flat , gravel, lake margin, lowland, margin, moist, open, pasture, peat, riparian, roadside, rock outcrop, sand, shaded, shrubland, silt, slope, stone, terrace, wasteland, wetland; NZPCN: Still and slow flowing water bodies and wetland margins.",riparian,caryopsis,aquatic,none,NA,unspecialised,NA,attachment,internal,water,NA,NA,NA,"Esler 1988; Middleton et al. 1991; Almeida et al. 2022, 2025; NZPCN","has no structures directly aiding active seed dispersal and medium-sized seeds (1-10 mg) (Esler 1988); NZPCN (Factsheet prepared by Paul Champion and Deborah Hofstra (NIWA)): Reproduces by seed and stem fragmentation. Seeds freely, seed viability unknown. Dispersed by water, livestock pelts and hooves (possibly seed in dung). Contaminated diggers and dumped vegetation.","Non-viable seeds recovered from waterfowl (teal) faeces, species also included in diet of waterfowl (incl. mallards) (Reynolds et al. 2015); seeds in geese droppings germinated (Middleton et al. 1991); Paspalum sp. dispersed by water birds via ectozoochory (Reynolds & Cumming 2016). seeds ingested by waterfowl in Europe (Almeida et al. 2022) and North America (Almeida et al. 2025).",NA,NA,2022-06-08T00:00:00Z,45055,2022-06-22T00:00:00Z,3,1,3
Paspalum vaginatum Sw.,Paspalum vaginatum,NA,saltwater paspalum,inflorescence up to 30cm long; emergent aquatic,grass,herb,0.3,"NZ Flora Online:  bank, cliff, coast, dry, flat , lowland, margin, open, rock outcrop, sand, sheltered, shrubland, silt, stone; NZPCN: Found in brackish water around the margins of river mouths and estuaries",riparian,caryopsis,dry,none,6.303999999999999e-4,unspecialised,NA,internal,NA,NA,NA,NA,NA,Almeida et al. 2022,dispersal by sand movement (NZPCN),seeds ingested by waterfowl (Almeida et al. 2022).,dispersal based on morphology,NA,2022-06-08T00:00:00Z,45055,2022-06-22T00:00:00Z,1,1,1
Passiflora caerulea L.,Passiflora caerulea,NA,blue passion flower,NA,vine,shrub,NA,"NZ Flora Online: bank, coast, flat , forest, gravel, margin, pasture, roadside, shrubland, slope, stone, wasteland. NZPCN: Coastal areas, lowlands, light gaps, prefers fertile soil (DOC, 1998). Forest margins and scrub, roadsides wastelands, farm and orchard hedges, domestic gardens",NA,berry,fleshy,fleshy,0.01005,internal,NA,internal,NA,NA,NA,NA,NA,NZPCN,"Seed dispersed by blackbirds, fruit is also eaten by possums (NZPCN); not eaten by birds (Esler 1988).",NA,NA,NA,2022-06-08T00:00:00Z,45097,2023-06-20T00:00:00Z,1,1,0
Passiflora edulis Sims,Passiflora edulis,NA,black passionfruit,NA,vine,shrub,NA,"NZ Flora Online:  roadside, slope. NZPCN: Forest margins and shrubland in frost-free areas",NA,berry,fleshy,fleshy,0.015460000000000002,internal,NA,internal,NA,NA,NA,NA,NA,NZPCN,"Tends to be spread by people but birds can also spread seeds to remote sites (NZPCN). fruit leathery when ripe, not eaten by birds (Esler 1988). But Esler (1988) also says soft-skinned P. mollisima & P. caerulea fruits are ignored by birds, although there are records of birds eating both.",NA,NA,NA,2022-06-08T00:00:00Z,45097,2023-06-20T00:00:00Z,1,1,0
Passiflora mixta L.fil.,Passiflora mixta,NA,banana passionfruit,"vine, often high-climbing",vine,tree,NA,NZPCN: forest margins and shrubland,NA,berry,fleshy,fleshy,NA,internal,NA,internal,NA,NA,NA,NA,NA,NZPCN,Birds eat fruit and disperse seed (NZPCN),NA,NA,NA,2022-06-15T00:00:00Z,45097,NA,1,1,0
Passiflora pinnatistipula Cav.,Passiflora pinnatistipula,NA,yellow passionfruit,NA,vine,shrub,NA,NZPCN: scrub and forest margins,NA,berry,fleshy,fleshy,NA,internal,NA,internal,NA,NA,NA,NA,NA,Williams & Buxton 1995,NA,NA,NA,NA,2022-06-08T00:00:00Z,45097,NA,1,1,0
Passiflora ×rosea (H.Karst.) Killip,Passiflora xrosea,Passiflora rosea,banana passionfruit hybrid,"not NZ Flora Online; only very limited distribution on Banks Peninsula, fruit rarely produced - see Webb et al. 1988 and Heenan & Sykes 2003",vine,shrub,NA,NA,NA,berry,fleshy,fleshy,NA,NA,NA,NA,NA,NA,NA,NA,NA,NA,NA,NA,NA,rare,NA,NA,NA,0,0,NA
Passiflora tarminiana Coppens & V.E.Barney,Passiflora tarminiana,NA,banana passionfruit,"vine, often high-climbing",vine,tree,NA,"NZ Flora Online:  bank, clay, dry, hill, loam, lowland, margin, open, roadside, sand, shaded, sheltered, shrubland, slope, stone, track, unstable/eroded. NZPCN: Lowland and coastal shrubland, margins of remnant forest stands, light gaps, roadsides, wasteland, farm and orchard hedges windbreaks, plantations",NA,berry,fleshy,fleshy,NA,internal,NA,internal,NA,NA,NA,NA,NA,Fromont & King 1992,Spread primarily by blackbirds but also eaten by possums (Fromont & King 1992).,NA,NA,NA,2022-06-08T00:00:00Z,45097,NA,1,1,0
Passiflora tripartita (A.Juss.) Poir.,Passiflora tripartita,"P. mollisima, P. tripartita var. mollisima",banana passionfruit,NA,vine,tree,NA,"NZ Flora Online:  bank, clay, cliff, coast, dry, forest, gap, lowland, margin, open, roadside, rock outcrop, sand, shaded, sheltered, shrubland, slope, stone, terrace, wasteland. NZPCN: shrublands, forest margins, roadsides, wastelands, farm and orchard hedges and domestic gardens",NA,berry,fleshy,fleshy,0.029,internal,NA,internal,NA,NA,NA,NA,NA,Williams & Buxton 1995; Williams & Karl 1996; Beavon & Kelly 2015,"No fruits found with peck marks despite hundreds of fruits seen & presence of birds in study area (Beavon 2007). Possums observed eating fruits and hundreds of viable seeds found in pig droppings, although a small percentage of seeds damaged (Beavon 2007). Possums defecated viable seeds but detroyed others (Beavon 2007). Rats consumed fruits but did not defecate any viable seeds (Beavon 2007). Only one mouse seen briefly eating fruit but unlikely to have any effect on seed dispersal (Beavon 2007).","In Hawaii dispersed primarily by feral pigs, which provide a fertile medium for germination (Cronk & Fuller 1995). Long distance dispersal by birds (Cronk & Fuller 1995).",NA,NA,2022-06-08T00:00:00Z,45097,2023-06-20T00:00:00Z,1,1,0
Persicaria capitata (Buch.-Ham. ex D.Don) H.Gross,Persicaria capitata,Polygonum capitatum,pink-headed knotweed,mat-like,NA,herb,NA,"NZ Flora Online: bank, cliff, coast, dry, gravel, hill, loam, lowland, open, pasture, river terrace, roadside, rock outcrop, sand, slope, terrace, wasteland; NZPCN: Favours dry banks in full sun (DoC, 1998). Problem only in open rocky areas; requires full light (Cameron 1996)",riparian,nut,dry,elaiosome,0.0015065999999999999,ant,NA,ant,NA,NA,NA,NA,NA,Pemberton & Irving 1990,NA,"P. capitatum seed has an elaiosome (Pemberton & Irving 1990). P. lapathifolia (both endo- and ectozoochory) & P. senagalensis (ectozoochory) dispersed by water birds, both wetland species (Reynolds & Cumming 2016); P. pensylvanicum seeds germinated from white-tailed deer faeces (Flaherty et al. 2018)",NA,NA,2022-06-08T00:00:00Z,45056,2022-06-22T00:00:00Z,1,1,0
Phalaris arundinacea L.,Phalaris arundinacea,NA,reed canary grass,60-200cm,grass,herb,2,"NZPCN: Swamps. Including under shade of willows and open kahikatea forest, wet grassland, margins of water bodies, wet waste areas and roadsides.",riparian,caryopsis,dry,buoyant seed,8e-4,water,NA,water,wind.none,attachment,internal,NA,NA,"Coops & van der Velde 1995; Couvreur et al. 2004; Almeida et al. 2022, 2025; SID","Seed dispersed by water, animals or contaminated machinery (NZPCN Factsheet prepared by Paul Champion and Deborah Hofstra (NIWA)).","Water; Floating in freshwater currents; Direct or experimental observation; Also dispersed by wind. Diaspore=caryopsis+glume. The diaspore is buoyant (Ridley, 1930, cited in Kew SID). Bouyancy experiment showed seeds can float for 20-38 hours (50% and 90% of seeds, respectively) (Coops & van der Velde 1995). Seeds dispersed attached to cattle fur (Couvreur et al. 2004). seeds ingested by waterfowl in Europe (Almeida et al. 2022) and North America (Almeida et al. 2025).",NA,NA,2022-06-08T00:00:00Z,45056,2022-06-22T00:00:00Z,4,1,3
Phoenix canariensis H.Wildpret,Phoenix canariensis,NA,phoenix palm,up to 6 m tall,NA,tree,6,"NZ Flora Online: bank, coast, dry, roadside, sand, slope",NA,berry,fleshy,fleshy,1.056,internal,NA,internal,NA,NA,NA,NA,NA,Williams 2006,"Blackbirds observed eating phoenix palm fruits in Auckland (J. Sullivan pers. comm., in Williams 2006)",NA,NA,NA,2022-06-08T00:00:00Z,NA,2023-06-20T00:00:00Z,1,1,0
Phragmites karka (Retz.) Trin. ex Steud.,Phragmites karka,Many authors include Phragmites karka in P. australis (NZPCN website); Arundo karka; Arundo vallatoria; Phragmites vallatorius,common reed,not in Flora; NZPCN website: many authors include P. karka in P. australis. Data in NZ Flora Online and Kew SID also taken from P. australis.,grass,herb,3,NZPCN: estuaries and wet grassland,NA,caryopsis,aquatic,none,1e-4,unspecialised,NA,water,wind.none,internal,NA,NA,NA,"Almeida et al. 2022, 2025; SID","P. australis: attachment, also water, wind (ETNZF)","wind dispersed (Cook 1987, cited in Kew SID); P. australis: Combination: water+wind+animal; Method not stated; (Bouman et al., 2000, cited in Kew SID). P. australis:  seeds ingested by waterfowl in Europe (Almeida et al. 2022) and North America (Almeida et al. 2025).",dispersal based on morphology,NA,2022-06-08T00:00:00Z,45084,2022-06-22T00:00:00Z,3,1,3
Phyllostachys aurea (André) Rivière & C.Rivière,Phyllostachys aurea,NA,walking stick bamboo,NA,NA,NA,NA,NA,NA,caryopsis,dry,NA,NA,NA,NA,NA,NA,NA,NA,NA,NA,NA,NA,NA,NA,none,2022-06-08T00:00:00Z,NA,NA,0,0,NA
Phytolacca icosandra L.,Phytolacca icosandra,Phytolacca octandra,inkweed,subshrub to  c. 2 m tall; seed mass for P. octandra: 0.00479 g,NA,shrub,2,"Flora: cutover scrub and forest, open habitats such as waste places, river beds, old pastures, neglected or abandoned fields and gardens",riparian,berry,fleshy,fleshy,0.00532,internal,NA,internal,NA,NA,NA,NA,NA,Moncrieff 1928; Hilgendorf & Calder 1967; Wotton 2002; Higgins 2006; Spurr et al. 2011,"Tui are ""fond of berry of the inkweed, where may be seen in numbers"" (Moncrieff 1928). Seeds occasionally found in common gecko droppings on Mana Island (Wotton 2002).  The seed is eaten by birds; silvereyes, pheasants and turkeys are particularly fond of it (Hilgendorf & Calder 1967). Cattle and sheep also eat the berries and seeds are found in cattle droppings (Hilgendorf & Calder 1967). Bellbirds eat fruit (Spurr et al. 2011).",whole seeds in silvereye droppings (Higgins et al. 2006),NA,NA,2022-06-08T00:00:00Z,NA,2023-06-20T00:00:00Z,1,1,0
Pilosella officinarum Vaill.,Pilosella officinarum,Hieracium pilosella,mouse-ear hawkweed,flowering stems 5-10cm tall,NA,herb,0.1,"NZ Flora Online: alpine, bank, clay, cliff, coast, dry, flat , forest, grassland, gravel, gully, hill, loam, margin, moist, montane, open, pasture, ridge, riparian, river terrace, riverbed, roadside, rock outcrop, sand, scree, shaded, sheltered, shrubland, silt, slope, stone, terrace, track, tussockland, wasteland; NZPCN: A plant of lowland, montane and subalpine habitats. Grows in sites with low to moderate fertility but appears to prefer moderate fertility. Shrubland, tussockland, cliff, bluff, riverbed and herbfield communities.",riparian,achene,dry,pappus,1.85e-4,wind,NA,wind,NA,NA,NA,NA,NA,Esler 1988; Timmins & Mackenzie 1995; Atkinson 1997; SID,Wind dispersed (Esler 1988); Seed is dispersed by gravity and wind (NZPCN),"Wind; Diaspore is blown by wind; Method not stated; Also dispersed via vegetative spread. Diaspore=achene. The seed has a pappus. (Groves 1996, cited in Kew Seed Information Database).",NA,NA,2022-06-08T00:00:00Z,45056,2022-06-22T00:00:00Z,1,1,0
Pilosella piloselloides (Vill.) Soják.,Pilosella piloselloides,Pilosella praealta; Hieracium praealtum; Hieracium piloselloides subsp. praealta; Pilosella piloselloides subsp. praealta,king devil,flowering stems 15-45cm tall,NA,herb,0.45,"NZ Flora Online: alpine, bank, clay, cliff, dry, flat , forest, forest edge, grassland, gravel, hill, lake margin, loam, margin, moist, montane, open, pasture, roadside, rock outcrop, scree, sheltered, shrubland, silt, slope, terrace, track, tussockland, wasteland. NZPCN: A plant of lowland, montane and subalpine habitats, grows in low fertility sites in shrubland, tussockland and riverbeds.",riparian,achene,dry,pappus,2.115385e-4,wind,NA,wind,NA,NA,NA,NA,NA,Timmins & McKenzie 1995,NA,NA,NA,NA,2022-06-08T00:00:00Z,45056,2022-06-22T00:00:00Z,1,1,0
Pinus contorta Douglas ex Loudon,Pinus contorta,NA,contorta pine,large shrub or small to medium sized tree; tree height from Wyse & Hulme 2021,shrub-tree,tree,37,"NZ Flora Online: alpine, bank, dry, forest, grassland, hill, moist, montane, open, pasture, peat, ridge, roadside, rock outcrop, sand, silt, slope, terrace, tussockland; NZPCN: A plant of montane and subalpine habitats. The plant grows in sites with low fertility. A plant of tussocklands. Areas at risk from invasion by the plant are indigenous and introduced scrub, tussock grassland at medium to high altitude, pasture and open forest.",NA,cone,dry,winged seed,0.0040999999999999995,wind,NA,wind,NA,NA,NA,NA,up to 40 km recorded (Ledgard 2002),Timmins & Mackenzie 1995; Wyse & Hulme 2021; SID,wind dispersed (Wyse & Hulme 2021),"Wind; Diaspore is blown by wind; Direct or experimental observation; (Farmer 1997, cited in SID); Diaspore=seed. The diaspore has wings or wing-like features. Pinus sp. dispersed by water birds via ectozoochory (Reynolds & Cumming 2016)",NA,NA,2022-06-08T00:00:00Z,45056,2022-06-22T00:00:00Z,1,1,0
Pinus halepensis Mill.,Pinus halepensis,NA,aleppo pine,tree height (18 m) from Wyse & Hulme 2021,NA,tree,18,"NZ Flora Online: bank, clay, cliff, coast, dry, open, rock outcrop, sand, scrubland, slope, stone",NA,cone,dry,winged seed,0.021,wind,NA,wind,NA,NA,NA,NA,NA,Wyse & Hulme 2021,seed is dispersed by wind (Wyse & Hulme 2021; NZPCN),Pinus sp. dispersed by water birds via ectozoochory (Reynolds & Cumming 2016),NA,NA,2022-06-08T00:00:00Z,45056,2022-06-22T00:00:00Z,1,1,0
Pinus monticola Douglas ex D.Don,Pinus monticola,NA,western white pine,"medium to tall tree usu. to c. 35 m, occasionally to over 60 m in the wild (Miller 2016)",NA,tree,35,NA,NA,cone,dry,winged seed,0.02041,wind,NA,wind,NA,NA,NA,NA,NA,Ledgard 2002; SID,"plants have spread out for up to 5 km from the source, seeds fairly heavy but cones are well positioned for dispersal hanging from tips of branches outside the canopy (Ledgard 2002)","wind dispersed, diaspore has wings (SID)",NA,NA,NA,NA,2023-10-02T00:00:00Z,1,1,0
Pinus mugo Turra,Pinus mugo,NA,mountain pine,small tree or multistemmed shrub; tree height from Wyse & Hulme 2021,shrub-tree,shrub,8,NA,NA,cone,dry,winged seed,0.013699999999999999,wind,NA,wind,attachment,NA,NA,NA,NA,Camarero et al. 2005; Wyse & Hulme 2021; SID,wind dispersed (Wyse & Hulme 2021; NZPCN),"Wind; Diaspore is blown by wind; Direct or experimental observation; (Farmer, 1997, cited in Kew SID); Diaspore=seed; the diaspore has wings or wing-like features. Secondary seed dispersal by birds (Müller-Schneider 1986, cited in Camarero et al. 2005). Pinus sp. dispersed by water birds via ectozoochory (Reynolds & Cumming 2016).","could be either internal or attachment, assigned to attachment",NA,2022-06-08T00:00:00Z,45056,2022-06-22T00:00:00Z,2,1,1
Pinus muricata D.Don,Pinus muricata,NA,bishop pine,small to medium-sized tree (Flora); medium-sized tree up to 25 m (NZPCN); tree height (22 m) from Wyse & Hulme 2021,NA,tree,22,"NZ Flora Online:  bank, coast, hill, open, pasture, roadside, sand, shrubland, slope, track",NA,cone,dry,winged seed,0.013,wind,NA,wind,NA,NA,NA,NA,NA,Wyse & Hulme 2021; SID,dispersed by wind (Wyse & Hulme 2021; NZPCN),"Seed is blown by wind (Ridley 1930, cited in KEW SID) and has wings or wing-like features (Kew Seed Information Database); Pinus sp. dispersed by water birds via ectozoochory (Reynolds & Cumming 2016)",NA,NA,2022-06-08T00:00:00Z,45056,2022-06-22T00:00:00Z,1,1,0
Pinus nigra J.F.Arnold,Pinus nigra,NA,black pine,medium to large tree; tree height from Wyse & Hulme 2021,NA,tree,40,"NZ Flora Online: alpine, clay, dry, gully, hill, lake margin, margin, open, ridge, roadside, rock outcrop, sand, shaded, sheltered, shrubland, slope, stone, terrace, track; NZPCN: Mainly shrubland and grassland",NA,cone,dry,winged seed,0.017,wind,NA,wind,NA,NA,NA,NA,NA,Timmins & Mackenzie 1995; Atkinson 1997; Wyse & Hulme 2021; SID,NA,"P. nigra subsp. nigra: Wind; Diaspore is blown by wind; Direct or experimental observation; (Farmer, 1997, cited in SID); Diaspore=seed. The diaspore has wings or wing-like features; Pinus sp. dispersed by water birds via ectozoochory (Reynolds & Cumming 2016)",NA,NA,2022-06-08T00:00:00Z,45056,2022-06-22T00:00:00Z,1,1,0
Pinus patula Schiede ex Schltdl. & Cham.,Pinus patula,NA,patula pine,small to medium tree (to c. 20m tall in cultivation); tree height (33 m) from Wyse & Hulme 2021; partly serotinous (Cronk & Fuller 1995),NA,tree,33,"NZ Flora Online: bank, roadside",NA,cone,dry,winged seed,0.014,wind,NA,wind,NA,NA,NA,NA,NA,Cronk & Fuller 1995; Wyse & Hulme 2021,wind dispersed (Wyse & Hulme 2021; NZPCN),wind dispersed (Cronk & Fuller 1995); Pinus sp. dispersed by water birds via ectozoochory (Reynolds & Cumming 2016),NA,NA,2022-06-08T00:00:00Z,45056,2022-06-22T00:00:00Z,1,1,0
Pinus pinaster Aiton,Pinus pinaster,NA,maritime pine,medium to large tree; tree height from Wyse & Hulme 2021,NA,tree,37,"NZ Flora Online: bank, cliff, coast, dry, fernland, hill, margin, open, ridge, roadside, rock outcrop, sand, shrubland, slope, stone, terrace, wasteland; NZPCN: A plant of coastal and lowland habitats (Timmins & MacKenzie 1995). The plant grows in sites of low fertility (Timmins & MacKenzie 1995). A plant of shrubland, tussockland, cliff, bluff and coastal communities (Timmins & MacKenzie 1995).",NA,cone,dry,winged seed,0.047,wind,NA,wind,NA,NA,NA,NA,NA,Timmins & Mackenzie 1995; Cronk & Fuller 1995; Atkinson 1997; Wyse & Hulme 2021,wind dispersed (Wyse & Hulme 2021),wind dispersed (Cronk & Fuller 1995); Pinus sp. dispersed by water birds via ectozoochory (Reynolds & Cumming 2016),NA,NA,2022-06-08T00:00:00Z,45056,2022-06-22T00:00:00Z,1,1,0
Pinus ponderosa Douglas ex C.Lawson,Pinus ponderosa,NA,ponderosa pine,medium to large tree (over 30m high in cultivation); tree height from Wyse & Hulme 2021,NA,tree,57,"NZ Flora Online: gravel, margin, montane, open, pasture, ridge, roadside, rock outcrop, scrubland, sheltered, shrubland, slope, terrace",NA,cone,dry,winged seed,0.039,wind,NA,wind,NA,NA,NA,NA,NA,Wyse & Hulme 2021; SID,wind dispersed (Wyse & Hulme 2021; NZPCN),"Seed is blown by wind (Farmer 1997, cited in KEW SID) and has wings or wing-like features (Kew Seed Information Database); Pinus sp. dispersed by water birds via ectozoochory (Reynolds & Cumming 2016)",NA,NA,2022-06-08T00:00:00Z,45056,2022-06-22T00:00:00Z,1,1,0
Pinus radiata D.Don,Pinus radiata,NA,radiata pine,"medium to very large tree (Flora), 40-60 m in cultivation (NZPCN); tree height from Wyse & Hulme 2021",NA,tree,44,"NZ Flora Online: alpine, bank, clay, coast, dry, fernland, hill, lowland, margin, open, pasture, ridge, roadside, rock outcrop, sand, shrubland, slope, stone, terrace, track, tussockland, wasteland; NZPCN: A plant of coastal and lowland habitats (Timmins & MacKenzie 1995). A plant of low fertility sites (Timmins & MacKenzie 1995). The plant occurs in scrub and forest margin, shrubland, short tussockland, sand dunes, cliffs and bluff communities (Timmins & MacKenzie 1995).",NA,cone,dry,winged seed,0.032,wind,NA,wind,NA,NA,NA,NA,NA,Timmins & Mackenzie 1995; Cronk & Fuller 1995; Atkinson 1997; Wyse & Hulme 2021; SID,wind dispersed (Wyse & Hulme 2021),"small, light, winged seeds easily dispersed long distances by wind (Cronk & Fuller 1995 and refs therein); Wind; Diaspore is blown by wind; Direct or experimental observation; (Farmer, 1997); Diaspore=seed. The diaspore has wings or wing-like features; Pinus sp. dispersed by water birds via ectozoochory (Reynolds & Cumming 2016)",NA,NA,2022-06-08T00:00:00Z,45056,2022-06-22T00:00:00Z,1,1,0
Pinus strobus L.,Pinus strobus,NA,strobus pine,"small to large tree (Flora); Medium tree, reaching 50 m (NZPCN)",NA,tree,50,"NZ Flora Online: bank, pasture, roadside, shrubland",NA,cone,dry,winged seed,0.017,wind,NA,wind,internal,bird nesting material,NA,NA,NA,Warren et al. 2017; Almeida et al. 2025; SID; NZPCN,wind dispersed (NZPCN),"Wind; Diaspore is blown by wind; Direct or experimental observation; (Farmer, 1997, cited in Kew SID); Diaspore=seed. The diaspore has wings or wing-like features; Pinus sp. dispersed by water birds via ectozoochory (Reynolds & Cumming 2016). Seeds ingested by waterfowl in North America (Almeida et al. 2025). Dispersed in bird nesting material (Warren et al. 2017).",NA,NA,2022-06-08T00:00:00Z,45056,2022-06-22T00:00:00Z,3,1,2
Pinus sylvestris L.,Pinus sylvestris,NA,Scots pine,medium to large tree (Flora); Medium sized tree reaching about 35 m (NZPCN); tree height from Wyse & Hulme 2021,NA,tree,33,"NZ Flora Online: bank, grassland, open, pasture, roadside, slope, terrace",NA,cone,dry,winged seed,0.006,wind,NA,wind,attachment,NA,NA,NA,NA,Albert et al. 2015; Wyse & Hulme 2021; SID,wind dispersed (Wyse & Hulme 2021; NZPCN),"Wind; Diaspore is blown by wind; Direct or experimental observation; (Farmer, 1997, cited in Kew SID); Diaspore=seed. The diaspore has wings or wing-like features. Seeds dispersed by deer attached to fur (sometimes; Albert et al. 2015); Pinus sp. dispersed by water birds via ectozoochory (Reynolds & Cumming 2016)",NA,NA,2022-06-08T00:00:00Z,45056,2022-06-22T00:00:00Z,2,1,1
Pinus thunbergii Parl.,Pinus thunbergii,NA,Japanese black pine,tree to 30 m tall in native range (http://www.efloras.org/florataxon.aspx?flora_id=2&taxon_id=200005368) but up to 50 ft in non-native range in USA (https://plants.sc.egov.usda.gov/home/plantProfile?symbol=PITH2),NA,tree,15,NA,NA,cone,dry,winged seed,0.01383,wind,NA,wind,NA,NA,NA,NA,NA,NA,NA,NA,dispersal based on morphology,NA,NA,NA,2023-10-02T00:00:00Z,1,1,0
Pinus uncinata Ramond ex DC.,Pinus uncinata,NA,Swiss mountain pine,Not in Flora or NZPCN website. Growth form and height from Julio Camarero et al. 2005; Is this Pinus mugo subsp. uncinata? Seed mass from Pinus mugo subsp. uncinata,NA,tree,5,NA,NA,cone,dry,winged seed,0.007940000000000001,wind,NA,wind,NA,NA,NA,NA,mean 27.2 m estimated from models (Camarero et al. 2005),Camarero et al. 2005,NA,"small, winged seeds primarily dispersed by wind (Camarero et al. 2005)",NA,NA,2022-06-08T00:00:00Z,NA,2022-06-22T00:00:00Z,1,1,0
Pittosporum undulatum Vent.,Pittosporum undulatum,NA,Australian daphne,"shrub or tree usu. 4-14m tall, seeds extremely viscid",NA,tree,14,"Webb et al. 1988: roadside scrub. NZ Flora Online: bank, roadside",NA,capsule,fleshy,sticky seeds,0.00835,internal,NA,internal,NA,NA,NA,NA,NA,Webb et al. 1988; Mullet 2002,likely dispersed by birds (Webb et al. 1988),"dispersed by a wide range of bird species, brushtailed possums and rats in Australia (Mullett 2002)",NA,NA,2022-06-08T00:00:00Z,NA,2023-06-20T00:00:00Z,1,1,0
Plectranthus ciliatus E.Mey.,Plectranthus ciliatus,NA,plectranthus,herb or subshrub; inflorescence stalk up to 30cm long,NA,herb,0.3,"NZ Flora Online: bank, clay, coast, forest, forest edge, hill, lowland, margin, montane, open, pasture, roadside, sand, shaded, sheltered, shrubland, slope, stone, terrace, track, wasteland; NZPCN: A plant that grows in the shade (Forester pers. comm. 1996). Likes some shade and well-drained soils (Anon., 1997: Pestfacts 48, ARC). A plant of forested stream banks (Forester pers. comm. 1996). Shady areas in and around forest margins, plantations, hedges, disturbed or low forest (Webb et al., 1988).",riparian,nutlet,dry,none,5.307692e-4,unspecialised,NA,unknown,NA,NA,NA,NA,NA,NA,"Spreads vegetatively by runners, seed are not adapted for bird, wind or water dispersal therefore are only a minor factor in its spread (NZPCN). Plectranthus ecklonii has no structures directly aiding active seed dispersal and medium-sized seeds (1-10 mg) (Esler 1988).",P. monostachyus has no dispersal aids (Kew SID),dispersal based on morphology,NA,2022-06-08T00:00:00Z,45056,2022-06-22T00:00:00Z,0,1,0
Plectranthus ecklonii Benth.,Plectranthus ecklonii,NA,blue spur flower,erect shrub to nearly 3m high,NA,shrub,2.9,"NZ Flora Online: bank, forest, gully",NA,nutlet,dry,none,NA,unspecialised,NA,unknown,NA,NA,NA,NA,NA,Esler 1988,"has no structures directly aiding active seed dispersal and medium-sized seeds (1-10 mg) (Esler 1988); Mainly spreads vegetatively (Owen 1997, cited in NZPCN).",NA,NA,NA,2022-06-08T00:00:00Z,45057,NA,0,1,0
Poa annua L.,Poa annua,NA,annual poa; winter grass,NA,grass,herb,0.35,NZPCN: A weed of cultivated land and waste places,NA,caryopsis,dry,none,3e-4,unspecialised,NA,attachment,internal,wind.none,water,bird nesting material,NA,"Carroll 1966; Marchant & Higgins 1990b; Couvreur et al. 2004; Albert et al. 2015; Green 2016; Warren et al. 2017; Almeida et al. 2022, 2025; Rutledge & McLendon sine anno",seeds recorded in pukeko gizzards (Carroll 1966; Marchant & Higgins 1990b).,"Seeds dispersed internally and on hooves of deer (Albert et al. 2015). Seeds dispersed attached to cattle and donkey fur, unspecialised dispersal (Couvreur et al. 2004). Malfasi et al. 2020: migratory birds could be the main potential vectors in natural long-distance dispersal events; caryopses are not typically wind-dispersed seeds and we consider this vector is unlikely here; Combination: wind+animal; Method not stated; (Rutledge & McLendon, sine anno, Kew SID); Mammals (incl. bats)+birds.; Also dispersed by water. In mud on feet, or eaten. Also blown by wind. Viable seeds germinated from gull and Canada goose faeces (Green 2016). Unspecialised seed dispersal morphology (McIntyre et al. 1995). seeds ingested by waterfowl in Europe (Almeida et al. 2022) and North America (Almeida et al. 2025). Dispersed in bird nesting material (Warren et al. 2017)",NA,NA,2022-06-08T00:00:00Z,NA,2022-06-22T00:00:00Z,5,1,5
Polygala myrtifolia L.,Polygala myrtifolia,NA,sweet pea shrub,"shrub up to 2m high, strophiolate seed (Webb et al. 1988)",NA,shrub,2,"NZ Flora Online: bank, cliff, coast, dry, lowland, open, ridge, roadside, rock outcrop, sand, scrubland, shrubland, stone, terrace; NZPCN: Coastal areas, forest margins, open land, islands, inland scrub",NA,capsule,dry,arillate seed,0.00965,ant,NA,ant,wind.none,water,NA,NA,NA,Berg 1975; NZPCN,Seeds are dispersed by wind and sometimes water; the majority fall close to the parent plant (NZPCN),Ant dispersal based on morphology (Berg 1975),NA,NA,2022-06-08T00:00:00Z,45057,2023-05-11T00:00:00Z,3,1,2
Polypodium vulgare L.,Polypodium vulgare,NA,NA,NA,NA,NA,NA,NA,NA,NA,fern,NA,NA,NA,NA,NA,NA,NA,NA,NA,NA,NA,NA,NA,NA,NA,2022-06-08T00:00:00Z,NA,NA,0,0,NA
Pomaderris aspera Sieber ex DC.,Pomaderris aspera,NA,hazel pomaderris,NA,NA,shrub,3,NA,NA,dehiscent capsule-like,fleshy,arillate seed,7.790000000000001e-4,ant,NA,ant,NA,NA,NA,NA,NA,Ashton 1979; Rice & Westoby 1981,NA,Seed of Pomaderris aspera was found in one artificial ant nest (Ashton 1979). Myrmecochorous (Rice & Westoby 1981).,NA,NA,2022-06-15T00:00:00Z,NA,2022-06-22T00:00:00Z,1,1,0
Populus alba L.,Populus alba,NA,white poplar,ETNZF says seeds not produced; capsule contains dense cottony hairs,NA,tree,25,"NZ Flora Online: bank, coast, gully, hill, margin, moist, open, riparian, roadside, sheltered, stone, wasteland",riparian,capsule,dry,none,3.2e-4,unspecialised,NA,wind.none,water,NA,NA,NA,NA,Gonzalez et al. 2010,NA,Wind and water dispersed seed (Gonzalez et al. 2010),dispersal based on morphology,NA,2022-06-08T00:00:00Z,NA,2022-06-22T00:00:00Z,2,1,2
Potamogeton crispus L.,Potamogeton crispus,NA,curled pondweed,"entirely submerged aquatic, peduncles above water 3–5 cm long; seed mass estimated from Fig. 3 in Xu et al. 2020",NA,herb,0.05,"NZ Flora Online: bank, coast, flat , gravel, gully, lowland, margin, moist, open, pasture, sand, shaded, sheltered, silt, slope, stone, terrace; NZPCN: Moderately fast flowing to still water bodies",riparian,achene,aquatic,none,0.0025,unspecialised,NA,internal,NA,NA,NA,NA,NA,Almeida et al. 2022,"Spread by seeds, stem fragments, rhizomes, or turions. Birds disperse seed, fragments, rhizomes and turions dispersed by contaminated machinery and water movement (NZPCN Factsheet prepared by Paul Champion and Deborah Hofstra (NIWA))",seeds ingested by waterfowl (Almeida et al. 2022).,dispersal based on morphology,NA,2022-06-08T00:00:00Z,45057,NA,1,1,1
Prunus avium (L.) L.,Prunus avium,NA,sweet cherry,"tree, 5–12–(15) m high when mature",NA,tree,12,"NZ Flora Online: bank, cliff, coast, dry, forest, forest edge, gully, margin, open, pasture, roadside, rock outcrop, sheltered, shrubland, slope, track. NZPCN: Forest margins, roadsides, scrub, hedgerows",NA,drupe,fleshy,fleshy,0.18308000000000002,internal,NA,internal,NA,NA,NA,NA,NA,Burrows 1995; Atkinson 1997,bird dispersed (Burrows 1995; Atkinson 1997; Henderson unpubl. data),"Spain: intact seeds in carnivorous mammal faeces (Herrera 1989). Spain: intact seeds in hedgehog, polecat, marten, fox & badger droppings, fruits also eaten by 16 bird species including blackbird & thrush (Hernandez 2008). England: blackbird primary disperser, thrushes also swallow fruits & disperse seeds but have difficulty in plucking fruits, starling have great difficulty in swallowing fruit whole & usually peck at pulp (Snow & Snow 1988). Czechoslovakia: blackbird & song thrush most important dispersers (Snow & Snow 1988).",NA,NA,2022-06-08T00:00:00Z,45098,2023-06-21T00:00:00Z,1,1,0
Prunus campanulata Maxim.,Prunus campanulata,NA,Taiwan cherry,"small, spreading tree, 3–8 m high when mature",NA,tree,8,"NZ Flora Online: dry, gap, gravel, hill, loam, lowland, open, terrace",NA,drupe,fleshy,fleshy,NA,internal,NA,internal,NA,NA,NA,NA,NA,Webb et al. 1988,"… seedlings and saplings sometimes appear spontaneously in and near gardens at some distance from the parent trees. Presumably, birds distribute the fruits (Webb et al. 1988)",NA,NA,NA,2022-06-08T00:00:00Z,NA,NA,1,1,0
Prunus domestica L.,Prunus domestica,Prunus xdomestica,plum,small tree up to  c. 6–(9) m high when mature,NA,tree,6,"NZ Flora Online: bank, dry, gravel, margin, montane, ridge, riparian, roadside, slope, stone, terrace, tussockland. NZPCN: Near human settlements, waste places and forest margins",riparian,drupe,fleshy,fleshy,0.70417,internal,NA,internal,NA,NA,NA,NA,NA,Gibb 1970; McEwen 1978,NA,Spain: intact seeds in carnivorous mammal faeces (Herrera 1989).,NA,NA,2022-06-08T00:00:00Z,45098,2023-06-21T00:00:00Z,1,1,0
Prunus laurocerasus L.,Prunus laurocerasus,NA,cherry laurel,"fruit diam. is mean. shrub or tree, up to  c. 10 m high when mature",shrub-tree,shrub,10,"NZ Flora Online: bank, clay, cliff, dry, forest, gully, hill, lowland, margin, moist, montane, open, ridge, riparian, roadside, rock outcrop, sand, scrubland, shaded, sheltered, silt, slope, stone, terrace, track. NZPCN: High rainfall or otherwise saturated soils (C. Ogle, pers. comm.). Found in plantations, around shelterbelts, roadsides, wastelands and in lowland areas (Webb et al., 1988). Relics of cultivation are very common in settled areas especially around old homesteads, domains and parks (Webb et al., 1988). Riverine forest (C. Ogle, pers. comm.). On an alluvial terraca (J. Barkle, pers. comm.).",riparian,drupe,fleshy,fleshy,0.26730000000000004,internal,NA,internal,NA,NA,NA,NA,NA,Ridley 1998; Spurr et al. 2011,bellbirds eat fruits (Spurr et al. 2011),NA,NA,NA,2022-06-08T00:00:00Z,45098,2023-06-21T00:00:00Z,1,1,0
Prunus lusitanica L.,Prunus lusitanica,NA,Portugese laurel,large shrub or small tree to c. 7 m high in wild,shrub-tree,shrub,7,"Webb et al. 1988: coastal forest, plantations, windbreaks, shrubberies",NA,drupe,fleshy,fleshy,0.04271,internal,NA,internal,NA,NA,NA,NA,NA,Webb et al. 1988,seeds are spread by birds (Webb et al. 1988),NA,NA,NA,NA,NA,2023-10-03T00:00:00Z,1,1,0
Prunus serotina Ehrh.,Prunus serotina,NA,wild black cherry,"not in Flora. medium-sized tree, up to 15 m high",NA,tree,15,NA,NA,drupe,fleshy,fleshy,0.0839,internal,NA,internal,NA,NA,NA,NA,NA,Deckers et al. 2008,NA,"dispersed mainly by blackbirds and pigeons, but also by other birds, in Belgium (Deckers et al. 2008)",NA,NA,2022-06-08T00:00:00Z,NA,2023-06-21T00:00:00Z,1,1,0
Prunus serrulata Lindl.,Prunus serrulata,NA,Japanese hill cherry,"fruit < 15 mm diam. tree, 4–12–(15) m high when mature",NA,tree,12,"NZ Flora Online: bank, coast, dry, gully, hill, margin, open, roadside, scrubland, shrubland, slope, unstable/eroded, wasteland",NA,drupe,fleshy,fleshy,0.05291,internal,NA,internal,NA,NA,NA,NA,NA,Esler 1988,bird dispersed (Esler 1988),NA,NA,NA,2022-06-08T00:00:00Z,NA,2023-06-21T00:00:00Z,1,1,0
Pseudosasa japonica (Siebold & Zucc. ex Steud.) Makino ex Nakai,Pseudosasa japonica,NA,arrow bamboo,"medium-sized, inflorescence 3-5m long; dispersal vegetative - No regeneration from seed so far has been reported, viable seed is uncommon (Edgar and Connor 2000)",NA,NA,5,"NZ Flora Online: bank, clay, cliff, coast, dry, flat , forest edge, gorge, gravel, gully, hill, lowland, margin, moist, open, pasture, peat, ridge, riparian, river terrace, roadside, rock outcrop, sand, scrubland, shaded, sheltered, shrubland, silt, slope, stone, terrace, track, tree, wasteland; NZPCN: Roadsides, riverbanks, in or around plantations, especially near garden boundaries, in scrub and on forest margins, abandoned garden sites and waste places (Edgar and Connor 2000)",riparian,caryopsis,dry,NA,NA,NA,NA,NA,NA,NA,NA,NA,NA,NA,NA,NA,NA,rare,2022-06-08T00:00:00Z,45057,NA,0,0,NA
Pseudotsuga menziesii (Mirb.) Franco,Pseudotsuga menziesii,NA,Douglas fir,"large or very large tree; height from https://agpest.co.nz/?pesttypes=douglas-fir-douglas-pine, accessed 11/5/2023",NA,tree,60,"NZ Flora Online: bank, clay, dry, gravel, gully, hill, margin, roadside, sand, shaded, sheltered, slope, stone, terrace, track; NZPCN: A plant of lowland, montane and subalpine habitats growing in sites with low-moderate fertility (Timmins & MacKenzie 1995). A plant of scrub and forest margin communities, shrublands, tussockland and light wells in forest (Timmins & MacKenzie 1995).",NA,cone,dry,winged seed,0.0107,wind,NA,wind,NA,NA,NA,NA,NA,Timmins & Mackenzie 1995; SID,Seed is dispersed in autumn and winter by wind and gravity and remains viable for a few weeks to many years (NZPCN).,"P. menziesii subsp. menziesii: Wind; Diaspore is blown by wind; Direct or experimental observation; (Young & Young, 1992, Farmer, 1997, cited in Kew SID); Diaspore=seed. The diaspore has wings or wing-like features.",NA,NA,2022-06-08T00:00:00Z,45057,2022-06-22T00:00:00Z,1,1,0
Psidium cattleianum Afzel. ex Sabine,Psidium cattleianum,Psidium cattleyanum,purple guava,seeds numerous. Large shrub or small tree to 6 m high,shrub-tree,shrub,6,"NZ Flora Online: bank, dry, lowland, roadside, slope, stone",NA,berry-like,fleshy,fleshy,NA,internal,NA,internal,NA,NA,NA,NA,NA,McEwen 1978; West 1996; Atkinson 1997; Karan 2000; Higgins et al. 2006; Spurr et al. 2011,"fruits eaten by sparrow, silvereye, blackbird & kereru; only kereru & blackbird capable of swallowing  fruits (blackbird only small fruits), but the small seeds could be ingested by silvereye & sparrow (Karan 2000). Fruits eaten by bellbirds (Spurr et al. 2011). Fruit eaten by kereru (Powlesland unpubl. data).",feral pigs & non-native birds disperse the seeds (Cronk & Fuller 1995). Vertebrates observed consuming fruits of Psidium spp. (Meisenburg & Fox 2002). Seeds ingested by silvereyes in Australia (Higgins et al. 2006).,NA,NA,2022-06-08T00:00:00Z,NA,NA,1,1,0
Psidium guajava L.,Psidium guajava,NA,yellow guava,produces fruit nearly all year (Cronk & Fuller 1995). Shrub or small tree to  c. 3 m high,shrub-tree,shrub,3,"NZ Flora Online: ridge, roadside, rock outcrop, slope",NA,berry-like,fleshy,fleshy,0.011710000000000002,internal,NA,internal,NA,NA,NA,NA,NA,West 1996; Atkinson 1997; Anderson et al. 2006; Almeida et al. 2025,bird-dispersed (Atkinson 1997). NZPCN: Bird dispersed (Lisa Forester 1996). Rats also eat the fruit but will destroy many of the seeds.,"dispersed by  mammals & birds, often introduced species  (Cronk & Fuller 1995). Vertebrates observed consuming fruits of Psidium spp. (Meisenburg & Fox 2002). Seeds ingested by waterfowl in North America (Almeida et al. 2025).",NA,NA,2022-06-08T00:00:00Z,45098,2023-06-21T00:00:00Z,1,1,0
Psoralea pinnata L.,Psoralea pinnata,NA,dally pine,"shrub to small tree, to c. 5m high",shrub-tree,shrub,5,"NZ Flora Online: bank, clay, coast, dry, flat , gravel, hill, lowland, margin, open, pasture, ridge, roadside, sand, shrubland, slope, stone, terrace, track, wasteland; NZPCN: Shrublands, especially dry slow growing shrublands, coastal areas, tracksides, road verges, dry gullies, and forest margins.",NA,pod,dry,none,0.00698,unspecialised,NA,water,NA,NA,NA,NA,NA,Esler 1988; Stirton et al. 2015,has no structures directly aiding active dispersal and large seeds (>10 mg) (Esler 1988).,"In Australia, P. pinnata reproduces mainly by seed (shed copiously locally then secondarily dispersed by water) (Stirton et al. 2015); P. cinerea: Unassisted; Seeds drop to the ground close to or beneath the parent plant; Assumption based upon diaspore morphology; (Jurado et al., 1991)",NA,NA,2022-06-08T00:00:00Z,45057,2022-06-22T00:00:00Z,1,1,1
Pteris cretica L.,Pteris cretica,NA,NA,NA,NA,NA,NA,NA,NA,NA,fern,NA,NA,NA,NA,NA,NA,NA,NA,NA,NA,NA,NA,NA,NA,NA,2022-06-08T00:00:00Z,NA,NA,0,0,NA
Pueraria montana (Lour.) Merr.,Pueraria montana,Pueraria lobata; Pueraria montana var. lobata,kudzu,"not in Flora; Weedbusters website 16 June 2022: hard oval seeds in flattened, hairy, brown, bean-like pods, Spreads by seed but mostly by vegetative growth; in SID as Pueraria montana var. lobata.",vine,shrub,NA,"Weedbusters: Forest, forest edges, riparian zones, scrub, shrubland, plantations, roadsides and urban areas.",riparian,pod,dry,none,0.012320000000000001,unspecialised,NA,internal,NA,NA,NA,NA,NA,Boyda 2013; Aurambout & Endress 2018,NA,"seed dispersal behavior of kudzu is still not clear (Harron et al. 2020); Aurambout & Endress 2018: The importance of seed dispersal in the spread of kudzu is not clear and while some sources report kudzu seeds disperse less than six meters from the mother plant (Hipps, 1994, Pappert et al., 2000), others note potential dispersal across moderate distance via mammals and birds (EPPO, 2007). Anecdotal evidence indicates kudzu seedlings have been found hundreds of meters away from known source populations, suggesting possible seed dispersal (Boyda, 2013).",attachment or internal,NA,2022-06-16T00:00:00Z,NA,2022-06-22T00:00:00Z,1,1,1
Pultenaea daphnoides J.C.Wendl.,Pultenaea daphnoides,NA,pultenaea,shrub up to 2m high,NA,shrub,2,NA,NA,pod,dry,elaiosome,0.004200000000000001,ant,NA,ant,NA,NA,NA,NA,NA,Berg 1975; O'Dowd & Gill 1986,NA,Animal; Diaspore is carried intentionally; Direct or experimental observation; (O'Dowd & Gill 1986); Ants.; Diaspore=seed. The seed has an elaiosome. Probably myrmecochorous (Berg 1975),NA,NA,2022-06-08T00:00:00Z,NA,2022-06-22T00:00:00Z,1,1,0
Pyracantha angustifolia (Franch.) C.K.Schneid.,Pyracantha angustifolia,NA,orange firethorn,shrub up to 2.5–(5) m high,NA,shrub,2.5,"NZ Flora Online: bank, clay, cliff, coast, dry, hill, loam, lowland, margin, open, pasture, roadside, rock outcrop, sand, shrubland, slope, stone, terrace, tree, wasteland",NA,pome-like,fleshy,fleshy,0.04908,internal,NA,internal,NA,NA,NA,NA,NA,Gibb 2000,"""Pyracantha sp."" dispersed by silvereyes, ""Pyracanthus"" dispersed by blackbirds (Gibb 2000)",NA,NA,NA,2022-06-08T00:00:00Z,NA,2023-06-21T00:00:00Z,1,1,0
Quercus robur L.,Quercus robur,NA,English oak,"large tree, to c. 30m tall in cultivation",NA,tree,30,NA,NA,acorn,dry,edible fruit,3.378,scatterhoarding,NA,scatterhoarding,internal,NA,NA,NA,NA,Almeida et al. 2022; SID,NA,"Animal; Diaspore is carried intentionally; Method not stated; (Bouman et al. 2000, cited in Kew SID). seeds ingested by waterfowl (Almeida et al. 2022).",scatterhoarding? (possibly rats in NZ?),NA,2022-06-08T00:00:00Z,NA,2022-06-23T00:00:00Z,2,1,1
Reynoutria ×bohemica (Chrtek & Chrtková) J.P.Bailey,Reynoutria xbohemica,Fallopia ×bohemica,giant knotweed,"hybrid of Reynoutria japonica and R. sachalinensis; herbaceous or shrubby plant growing up to 4m tall, seeds (2-4 mm long) are enclosed in a three-winged fruit; Weedbusters (Fallopia sachalinensis): no seed is produced in NZ (accessed 11/5/2023)",NA,shrub,4,"NZ Flora Online: bank, gravel, roadside",NA,nut,dry,winged fruit,NA,NA,NA,NA,NA,NA,NA,NA,NA,NA,NA,NA,NA,none,2022-06-08T00:00:00Z,NA,NA,0,0,NA
Reynoutria japonica Houtt.,Reynoutria japonica,"Fallopia japonica, Polygonum cuspidatum",Asiatic knotweed; Japanese knotweed,Valves of fr. 7–11 mm long (including broad wing); shrub-like herb,NA,shrub,2,NA,NA,nut,dry,winged fruit,0.002065,wind,NA,wind,NA,NA,NA,NA,NA,Maruta 1976,valves of fruit have broad wing (Webb et al. 1988),seeds abundantly blown by wind (Maruta 1976); Ecological Flora of the Bristish Isles: unspecialised,NA,NA,2022-06-08T00:00:00Z,NA,2022-06-23T00:00:00Z,1,1,0
Reynoutria sachalinensis (F.Schmidt) Nakai,Reynoutria sachalinensis,Fallopia sachalinensis,giant knotweed,"fruit valves prominantly winged, nut not seen; does not produce mature fruit in NZ (Webb et al. 1988)",NA,NA,NA,NA,NA,nut,dry,NA,NA,NA,NA,NA,NA,NA,NA,NA,NA,NA,NA,NA,NA,none,2022-06-08T00:00:00Z,NA,NA,0,0,NA
Rhamnus alaternus L.,Rhamnus alaternus,NA,evergreen buckthorn,shrub to  c. 5 m high,NA,shrub,5,"NZ Flora Online: bank, clay, cliff, coast, dry, gap, gravel, gully, hill, lava, lowland, margin, open, pasture, ridge, roadside, rock outcrop, sand, scrubland, shaded, sheltered, shrubland, slope, stone, terrace, track, wasteland. NZPCN: A plant of coastal and lowland habitats, grows in sites with low - low/moderate fertility. Invades scrub, forest margin, tall forest, low forest, shrubland, fernland, cliff and bare rock and river verge communities.",riparian,drupe,fleshy,fleshy,0.009529999999999999,internal,NA,internal,NA,NA,NA,NA,NA,Timmins & Mackenzie 1995; Atkinson 1997,"birds such as myna, blackbird, thrush, starling spread seed (Timmins & Mackenzie 1995). Bird-dispersed (Atkinson 1997).",NA,NA,NA,2022-06-08T00:00:00Z,45098,2023-06-21T00:00:00Z,1,1,0
Rhaphiolepis bibas (Lour.) Galasso & Banfi,Rhaphiolepis bibas,Eriobotrya japonica,loquat,tree up to 8 m high,NA,tree,8,"NZ Flora Online:  bank, clay, dry, gap, gully, hill, loam, lowland, margin, moist, roadside, sand, shaded, sheltered, shrubland, silt, slope, stone, terrace, wasteland",NA,pome,fleshy,fleshy,1.4468800000000002,internal,NA,internal,NA,NA,NA,NA,NA,Fromont & King 1992; Karan 2000,"Loquat is known to be eaten by pigeons…and may be spread into light forest by this vector (Fromont & King 1992); visited by kereru, blackbird, sparrow (main visitor in Auckland), silvereye, rosella, myna & starling - only kereru capable of swallowing fruits (Karan 2000).",NA,NA,NA,2022-06-07T00:00:00Z,NA,2023-06-16T00:00:00Z,1,1,0
Rhaphiolepis umbellata (Thunb.) Makino,Rhaphiolepis umbellata,Rhaphiolepis indica,sexton's bride,NZPCN website 16 June 2022: shrub,NA,shrub,NA,NA,NA,pome,fleshy,fleshy,NA,internal,NA,internal,NA,NA,NA,NA,NA,Corlett 1996,NA,"Animal; Diaspore is eaten intentionally; Direct or experimental observation; (Corlett, 1996); Birds.; Diaspore=fruit. Fruit is fleshy.",NA,NA,NA,44728,2022-06-21T00:00:00Z,1,1,0
Rhododendron ponticum L.,Rhododendron ponticum,NA,rhododendron,capsule persists for up to 3 yrs (Cronk & Fuller 1995),NA,shrub,6,"NZ Flora Online: bank, clay, dry, fernland, forest, forest edge, hill, lowland, margin, moist, open, ridge, roadside, sand, shaded, sheltered, shrubland, slope, stone",NA,capsule,dry,none,1e-4,unspecialised,NA,wind.none,NA,NA,NA,NA,"97.1% of seeds found up to 10m  from release point, 0.1% of seeds dispersed to at least 100m (Stephenson et al. 2007)",Cronk & Fuller 1995; Stephenson et al. 2007; Harris et al. 2009; SID,NA,"small, light seeds dispersed efficiently by wind (Cronk & Fuller 1995); Seeds dispersed primarily by wind (Stephenson et al. 2007; Harris et al. 2009); Wind; Diaspore is blown by wind; Method not stated; (Ridley, 1930, cited in SID); Diaspore=seed. The diaspore is hairy or has hair-like processes.",dispersal based on morphology,NA,2022-06-08T00:00:00Z,NA,2022-06-23T00:00:00Z,1,1,1
Ribes sanguineum Pursh,Ribes sanguineum,NA,flowering currant,"shrub, 1–2–(3) m high",NA,shrub,2,"NZ Flora Online: bank, grassland, hill, margin, open, pasture, ridge, roadside, shrubland, slope",NA,berry,fleshy,fleshy,0.00172,internal,NA,internal,NA,NA,NA,NA,NA,Burrows 1994,NA,NA,NA,NA,2022-06-08T00:00:00Z,NA,2023-06-21T00:00:00Z,1,1,0
Ribes uva-crispa L.,Ribes uva-crispa,NA,gooseberry,shrub usually 0.5–1.5–(2.5) m high,NA,shrub,1.5,"NZ Flora Online:  bank, forest, gap, hill, lake margin, margin, river terrace, sand, shaded, sheltered, shrubland, silt, stone, terrace. NZPCN: Grass and scrub covered areas, rocky outcrops and forest margins",riparian,berry,fleshy,fleshy,0.00333,internal,NA,internal,NA,NA,NA,NA,NA,Snow & Snow 1988,NA,England: fruits eaten by blackbird. Fruit removal rates very rapid but few observations of bird feeding (Snow & Snow 1988).,NA,NA,2022-06-08T00:00:00Z,45098,2023-06-21T00:00:00Z,1,1,0
Ricinus communis L.,Ricinus communis,NA,castor oil plant,fruits all year round under favourable conditions (Cronk & Fuller 1995),NA,shrub,4,"NZ Flora Online:  bank, cliff, coast, hill, lowland, margin, open, roadside, rock outcrop, sand, shrubland, terrace, wasteland",NA,capsule,dry,"explosively dehiscent capsule, elaiosome, spiny capsule",0.2854,ballistic,ant,ballistic,ant,attachment,internal,NA,NA,Smith 1985; Pemberton & Irving 1990; Cronk & Fuller 1995; Martins et al. 2006,has no structures directly aiding active seed dispersal and large seeds (>10 mg) (Esler 1988).,"Primarily dispersed ballistically, then by ants (Martins et al. 2006); mammal & bird dispersed by attachment (Cronk & Fuller 1995); rodents and granivorous birds may disperse some seeds (Smith 1985). Seed has an elaiosome (Pemberton & Irving 1990).",NA,NA,2022-06-08T00:00:00Z,NA,2022-06-23T00:00:00Z,4,2,3
Robinia pseudoacacia L.,Robinia pseudoacacia,NA,false acacia,NA,NA,tree,25,"NZ Flora Online: bank, coast, dry, hill, lowland, margin, moist, open, riparian, river terrace, roadside, sand, shaded, sheltered, silt, slope, stone, terrace, wasteland",riparian,pod,dry,none,0.0192,unspecialised,NA,water,wind.none,NA,NA,NA,seeds dispersed up to 67 m from nearest adult (Morimoto et al. 2009),Esler 1988; Morimoto et al. 2010; SID,has no structures directly aiding active seed dispersal and large seeds (>10 mg) (Esler 1988).,"Unassisted; Seeds drop to the ground close to or beneath the parent plant; Method not stated; (Young & Young, 1992); Diaspore=seed; seeds are dispersed beneath reproductive trees, while seeds in pods are able to be dispersed far from the reproductive trees by flowing water (Ridley 1930, cited in Morimoto et al. 2010). Most seeds were dispersed as pods, seeds dispersed by wind and streams (Morimoto et al. 2010).",NA,NA,2022-06-08T00:00:00Z,NA,2022-06-23T00:00:00Z,2,1,2
Roldana petasitis (Sims) H.Rob. & Brettell,Roldana petasitis,NA,velvet groundsel,up to  c. 1–(2) m tall,NA,shrub,1,"NZ Flora Online: bank, hill, roadside",NA,achene,dry,pappus,NA,wind,NA,wind,NA,NA,NA,NA,NA,NZPCN,wind borne seeds (NZPCN),NA,NA,NA,2022-06-08T00:00:00Z,45058,NA,1,1,0
Rosa rubiginosa L.,Rosa rubiginosa,NA,sweet brier,shrub 1–3–(5) m high,NA,shrub,3,"NZ Flora Online:  bank, clay, dry, grassland, gravel, hill, open, pasture, river terrace, roadside, rock outcrop, sand, shaded, sheltered, shrubland, slope, stone, terrace, track. NZPCN: A plant of lowland habitats and sites with high fertility. A plant of tussock land, open sites, river flats, banks and terraces and stream sides. A plant of open, well-drained sites on roadsides, stabilised scree, steep open slopes and lakesides from s.l. to about 1000m a.s.l. The plant is often the dominant woody species, in habitats where it occurs and nearly always grows where other woody plants are rather sparse or absent. Areas at risk form the plant are pasture, low and disturbed forest, gullies and roadsides.",riparian,hip,fleshy,fleshy,0.015560000000000001,internal,NA,internal,NA,NA,NA,NA,NA,Esler 1988; Timmins & Mackenzie 1995; Higgins et al. 2006; Rouco & Norbury 2013; NZPCN,dispersed by birds (Esler 1988); seeds in possum droppings (Rouco & Norbury 2013). The plant has a high seed output which is dispersed by birds and domestic stock (NZPCN). Fruits eaten by silvereyes in Australia (Higgins et al. 2006).,Spain: intact seeds of Rosa canina in carnivorous mammal faeces (Herrera 1989).,NA,NA,2022-06-08T00:00:00Z,45098,2023-06-21T00:00:00Z,1,1,0
Rubus armeniacus Focke,Rubus armeniacus,Rubus procerus,Armenian blackberry,Not in NZ Flora Online or NZPCN website. Clayson's notes: the name R. procerus was erroneously applied to NZ material. Used description from R. procerus in Flora.,NA,shrub,NA,"Flora: roadsides, waste places, scrub, forest margins, streamsides",riparian,fleshy aggregate of 1-seeded druplets,fleshy,fleshy,0.00342,internal,NA,internal,NA,NA,NA,NA,NA,Esler 1988,Rubus spp. have succulent fruits which are dispersed by birds quite effectively (Esler 1988).,Rubus sp. dispersed by water birds via both endo- and ectozoochory (Reynolds & Cumming 2016),NA,NA,NA,NA,2023-06-21T00:00:00Z,1,1,0
Rubus cardiophyllus P.J.Müll. & Lefèvre,Rubus cardiophyllus,NA,blackberry,NA,NA,shrub,NA,"Flora: streamsides, riverflats, waste places, scrub",riparian,fleshy aggregate of 1-seeded druplets,fleshy,fleshy,0.0030600000000000002,internal,NA,internal,NA,NA,NA,NA,NA,Esler 1988,Rubus spp. have succulent fruits which are dispersed by birds quite effectively (Esler 1988).,Rubus sp. dispersed by water birds via both endo- and ectozoochory (Reynolds & Cumming 2016),NA,NA,2023-06-21T00:00:00Z,NA,2023-06-21T00:00:00Z,1,1,0
Rubus cissburiensis W.P.C.Barton & Ridd.,Rubus cissburiensis,NA,blackberry,NA,NA,shrub,NA,"Flora: roadsides, forest and scrub margins, riverbanks",riparian,fleshy aggregate of 1-seeded druplets,fleshy,fleshy,0.00209,internal,NA,internal,NA,NA,NA,NA,NA,Esler 1988,Rubus spp. have succulent fruits which are dispersed by birds quite effectively (Esler 1988).,Rubus sp. dispersed by water birds via both endo- and ectozoochory (Reynolds & Cumming 2016),NA,NA,2023-06-21T00:00:00Z,NA,2023-06-21T00:00:00Z,1,1,0
Rubus echinatus Lindl.,Rubus echinatus,NA,blackberry,NA,NA,shrub,NA,"Flora: wasteland, roadsides, river banks and flats, forest margins and clearings, scrub up to c. 800 m.",riparian,fleshy aggregate of 1-seeded druplets,fleshy,fleshy,NA,internal,NA,internal,NA,NA,NA,NA,NA,Esler 1988,Rubus spp. have succulent fruits which are dispersed by birds quite effectively (Esler 1988).,Rubus sp. dispersed by water birds via both endo- and ectozoochory (Reynolds & Cumming 2016),NA,NA,2023-06-21T00:00:00Z,NA,2023-06-21T00:00:00Z,1,1,0
Rubus laciniatus Willd.,Rubus laciniatus,NA,cut-leaved blackberry,NA,NA,shrub,NA,"Flora: roadsides, scrub, fernland, riverbanks, neglected pasture, up to 600 m.",riparian,fleshy aggregate of 1-seeded druplets,fleshy,fleshy,0.00379,internal,NA,internal,NA,NA,NA,NA,NA,Esler 1988,Rubus spp. have succulent fruits which are dispersed by birds quite effectively (Esler 1988).,Rubus laciniatus seed dispersed by mammals and birds (Kew SID). Rubus sp. dispersed by water birds via both endo- and ectozoochory (Reynolds & Cumming 2016),NA,NA,2022-06-08T00:00:00Z,NA,2023-06-21T00:00:00Z,1,1,0
Rubus leptothyrsos G.Braun,Rubus leptothyrsos,NA,blackberry,NA,NA,shrub,NA,"Flora: steep banks, roadsides, scrub, forest margins, river terraces",riparian,fleshy aggregate of 1-seeded druplets,fleshy,fleshy,NA,internal,NA,internal,NA,NA,NA,NA,NA,Esler 1988,Rubus spp. have succulent fruits which are dispersed by birds quite effectively (Esler 1988).,Rubus sp. dispersed by water birds via both endo- and ectozoochory (Reynolds & Cumming 2016),NA,NA,2023-06-21T00:00:00Z,NA,NA,1,1,0
Rubus phoenicolasius Maxim.,Rubus phoenicolasius,NA,Japanese wineberry,shrub up to 4 m high,NA,shrub,4,"NZ Flora Online: bank, clay, coast, dry, flat , forest, gravel, gully, hill, log, lowland, margin, moist, open, pasture, roadside, sand, scrubland, shaded, sheltered, shrubland, silt, slope, stone, terrace, track, wasteland",NA,fleshy aggregate of 1-seeded druplets,fleshy,fleshy,NA,internal,NA,internal,NA,NA,NA,NA,NA,Esler 1988; NZPCN,Rubus spp. have succulent fruits which are dispersed by birds quite effectively (Esler 1988). dispersed by people and birds (NZPCN),"Japan: intact seeds of Rubus spp.  found in mammal droppings - bear, marten, badger, fox & racoon dog (Koike et al. 2008)",NA,NA,2022-06-08T00:00:00Z,45098,NA,1,1,0
Rubus polyanthemus Lindeb,Rubus polyanthemus,NA,blackberry,NA,NA,shrub,NA,"Flora: roadsides, damp pasture and scrub",NA,fleshy aggregate of 1-seeded druplets,fleshy,fleshy,0.0029300000000000003,internal,NA,internal,NA,NA,NA,NA,NA,Esler 1988,Rubus spp. have succulent fruits which are dispersed by birds quite effectively (Esler 1988).,Rubus sp. dispersed by water birds via both endo- and ectozoochory (Reynolds & Cumming 2016),NA,NA,2023-06-21T00:00:00Z,NA,2023-06-21T00:00:00Z,1,1,0
Rubus ulmifolius Schott,Rubus ulmifolius,NA,blackberry,NA,NA,shrub,NA,"Flora: roadsides, streamsides, waste places, neglected pasture, hillsides, margins or forest and scrub",riparian,fleshy aggregate of 1-seeded druplets,fleshy,fleshy,0.00252,internal,NA,internal,wind.none,NA,NA,NA,NA,Esler 1988; Debussche & Isenmann 1994; Mora & Smith-Ramirez 2016,Rubus spp. have succulent fruits which are dispersed by birds quite effectively (Esler 1988).,"seed dispersed by birds and wind (Mora & Smith-Ramirez 2016); R. ulmifolius dispersed by birds in Mediterranean (cited in Kew SID: Debussche, M. & Isenmann, P. 1994. Bird-Dispersed Seed Rain and Seedling Establishment in Patchy Mediterranean Vegetation. Oikos, 69(3):414-426.). Rubus sp. dispersed by water birds via both endo- and ectozoochory (Reynolds & Cumming 2016)",NA,NA,2023-06-21T00:00:00Z,NA,2023-06-21T00:00:00Z,2,1,1
Rubus vestitus Weihe,Rubus vestitus,NA,blackberry,NA,NA,shrub,NA,"Flora: hillsides, roadsides, waste places, damp forest margins, streamsides",riparian,fleshy aggregate of 1-seeded druplets,fleshy,fleshy,NA,internal,NA,internal,NA,NA,NA,NA,NA,Esler 1988,Rubus spp. have succulent fruits which are dispersed by birds quite effectively (Esler 1988).,Rubus sp. dispersed by water birds bia both endo- and ectozoochory (Reynolds & Cumming 2016),NA,NA,NA,NA,NA,1,1,0
Rumex sagittatus Thunb.,Rumex sagittatus,NA,climbing dock,"creeper or low climber; papery, three-winged fruit; keel of nut almost winged",vine,shrub,NA,"NZ Flora Online: bank, clay, cliff, coast, flat , gravel, hill, open, pasture, ridge, riparian, roadside, rock outcrop, sand, shrubland, silt, stone, terrace, wasteland",riparian,nut,dry,winged fruit,0.0018352,wind,NA,wind,NA,NA,NA,NA,NA,"Esler 1988; SID, NZPCN","Wind dispersed (Esler 1988); Seeds are dispersed successfully by wing and germinate easily (Ermert and Clapp 1998, cited in NZPCN)","Wind; Diaspore is blown by wind; Method not stated; (Ridley, 1930, cited in SID); Diaspore=fruit. The diaspore has wings or wing-like features; Rumex sp. dispersed by water birds via endozoochory (Reynolds & Cumming 2016); R. acetosella seeds germinated from white-tailed deer faeces (Flaherty et al. 2018) and sheep faeces (Eichberg et al. 2007)",NA,NA,2022-06-08T00:00:00Z,45058,2022-06-23T00:00:00Z,1,1,0
Sagina procumbens L.,Sagina procumbens,NA,procumbent pearlwort,"stems procument or rarely ascending, 5-10 cm long; seeds not winged",NA,herb,0.1,NZPCN: damp sites,NA,capsule,dry,hard seed coat,2e-5,unspecialised,NA,internal,wind.none,NA,NA,NA,NA,"Welch 1985; Albert et al. 2015; Almeida et al. 2022, 2025",NA,"short distance wind dispersal; endochorous, hard seed coat, without pulp (Rosenthal 2006); seeds dispersal internally by deer (Albert et al. 2015). Seeds germinated from cattle, red deer, sheep, hare, rabbit and red grouse dung (Welch 1985). seeds ingested by waterfowl in Europe (Almeida et al. 2022) and North America (Almeida et al. 2025).",dispersal based on morphology,NA,2022-06-09T00:00:00Z,45058,2022-06-23T00:00:00Z,2,1,2
Salix cinerea L.,Salix cinerea,NA,grey willow,"shrub or small tree to c. 7m high, often only 1-2m; tiny seeds topped with a tuft of silky hairs",NA,tree,7,"NZ Flora Online: stream banks, and in marshes, bogs, and swamps; NZPCN: Swamps, fens, water body margins and disturbed places",riparian,capsule,dry,seeds topped with tufts of silky hairs,1.708e-4,wind,NA,wind,water,attachment,NA,NA,NA,Couvreur et al. 2004; Griffiths et al. 2018; NZPCN,"Seed dispersed by wind, water and contaminated machinery (NZPCN Factsheet prepared by Paul Champion and Deborah Hofstra (NIWA)); wind-dispersed (Griffiths et al. 2018)",seeds dispersed attached to cattle and donkey fur (Couvreur et al. 2004); Salix sp. seeds germinated from sheep faeces (Eichberg et al. 2007),NA,NA,2022-06-09T00:00:00Z,45058,2022-06-23T00:00:00Z,3,1,2
Salix ×fragilis L.,Salix xfragilis,Salix fragilis,crack willow,almost exclusively male in NZ; sometimes only a shrub,NA,tree,25,NZPCN: Riparian margins of water bodies.,riparian,capsule,dry,tiny seeds topped with a tuft of silky hairs; buoyant seed,1.4000000000000001e-4,NA,NA,NA,NA,NA,NA,NA,NA,NA,nearly all the trees are male (Webb et al. 1988); Stem fragments dispersed by water and contaminated machinery (NZPCN Factsheet prepared by Paul Champion and Deborah Hofstra (NIWA)).,"Combination dispersal, wind + water; Method not stated. Diaspore=seed. The diaspore is buoyant (Young & Young 1992, cited by Kew SID); Salix sp. seeds germinated from sheep faeces (Eichberg et al. 2007)",NA,rare,2022-06-09T00:00:00Z,45058,2022-06-23T00:00:00Z,0,0,NA
Salix purpurea L.,Salix purpurea,NA,purple osier,shrub or small tree to about 8 m high (van Kraayenoord et al. 1995),shrub-tree,shrub,8,NZ Flora Online: riparian,riparian,capsule,dry,pappus,2.0999999999999998e-4,wind,NA,wind,water,NA,NA,NA,NA,van Kraayenoord et al. 1995,osier willows …become established easily from wind or water-borne seeds (van Kraayenoord et al. 1995),NA,dispersal based on morphology,NA,NA,NA,2023-10-03T00:00:00Z,2,1,1
Salpichroa origanifolia (Lam.) Baill.,Salpichroa origanifolia,NA,lily of the valley vine,scrambling,vine,shrub,NA,"Flora: disturbed scrub and other modified vegetation, waste places, roadsides, garden surrounds",NA,berry,fleshy,fleshy,NA,internal,NA,internal,NA,NA,NA,NA,NA,Reati et al. 2022,NA,seeds collected from bird faeces and germinated (Reati et al. 2022),NA,NA,2022-06-09T00:00:00Z,NA,NA,1,1,0
Sambucus nigra L.,Sambucus nigra,NA,elder,Shrub or small tree to  c. 6 m high. Snow & Snow report 2-4 seeds/fruit,shrub-tree,shrub,6,"NZ Flora Online: bank, cliff, coast, dry, forest, forest edge, grassland, gully, hill, lake margin, margin, moist, open, pasture, roadside, rock outcrop, sand, sheltered, shrubland, slope, stone, terrace, wasteland. NZPCN: coastal and lowland habitats (Timmins & MacKenzie 1995). The plant occurs in scrub and forest margin and modified plant communities (Timmins & MacKenzie 1995).",NA,drupe,fleshy,fleshy,0.009869999999999999,internal,NA,internal,NA,NA,NA,NA,NA,Webb et al. 1988; Burrows 1995; Williams & Karl 1996; Atkinson 1997; Higgins et al. 2006; Spurr et al. 2011,the fruits are spread by birds (Webb et al. 1988). Bird dispersed (Burrows 1995); Fruits eaten by bellbirds (Spurr et al. 2011).,"England: most fruits eaten by starling, also eaten by blackbird & song thrush & other birds (Snow & Snow 1988). Fruits eaten by silvereyes in Australia (Higgins et al. 2006).",NA,NA,2022-06-09T00:00:00Z,22/6/203,2023-06-22T00:00:00Z,1,1,0
Schinus terebinthifolia Raddi,Schinus terebinthifolia,Schinus terebinthifolius,Christmas berry,Not in Flora. shrub up to 3m high (NZPCN),NA,shrub,3,"NZPCN: currently in waste areas, but a problem weed of wetland and water body margins overseas",NA,drupe,fleshy,fleshy,0.01814,internal,NA,internal,ant,NA,NA,NA,NA,Higgins et al. 2006; Leal et al. 2007; NZPCN,Bird and mammal dispersed seed (NZPCN Factsheet prepared by Paul Champion and Deborah Hofstra (NIWA)).,"seeds dispersed by ants (direct observation) (Leal, I.R., Wirth, R., & Tabarelli, M. 2007. Seed Dispersal by Ants in the Semi-arid Caatinga of North-east Brazil. Annals of Botany, 99:885-894). Fruits eaten by silvereyes in Australia (Higgins et al. 2006).",NA,NA,2022-06-16T00:00:00Z,22/6/203,2023-06-22T00:00:00Z,2,1,1
Schoenoplectus californicus (C.A.Mey.) Soják,Schoenoplectus californicus,NA,Californian bulrush,"not in Flora; 1-3 (-4.2) m tall,  (NZPCN); Seeds of New Zealand plants sampled from Port Waikato, though viable, have not been observed to germinate in the wild (de Lange et al. 1998)",sedge,herb,3,NZPCN: Coastal river banks and estuaries,riparian,nut,aquatic,bristles on seeds,6.8e-4,attachment,NA,attachment,internal,NA,NA,NA,NA,Almeida et al. 2025; NZPCN,"Seed is viable, but seedlings have not been observed in the field. Movement of rhizome fragments by water is likely to be a major dispersal mechanism (de Lange et al. 1998). Seed is long-lived, the surrounding bristles readily attach themselves to feathers, fur and clothing (NZPCN Factsheet prepared by Paul Champion and Deborah Hofstra (NIWA)).",Seeds ingested by waterfowl in North America (Almeida et al. 2025).,NA,NA,2022-06-09T00:00:00Z,45058,2023-05-12T00:00:00Z,2,1,1
Sedum acre L.,Sedum acre,NA,stonecrop,"often mat-forming; infl. terminal, <1.5cm long; < 10 cm high (Weedbusters)",NA,herb,0.09,"NZ Flora online: bank, cliff, coast, dry, gravel, open, ridge, roadside, rock outcrop, slope, stone, track; A plant that grows on gravel, shingle, sand, rocks and most light porous substrates from sea level to nearly 1500m (Webb et. al. 1988). A plant of coastal cliffs, behind beaches, on walls and banks, roadsides, riverbeds, railway tracks and embankments and waste places in and around settlements (Webb et. al. 1988)",riparian,follicle,dry,dust seeds,4e-5,unspecialised,NA,internal,wind.none,NA,NA,NA,NA,Esler 1988; Rosenthal 2006; Eichberg et al. 2007; Albert et al. 2015; Almeida et al. 2022; SID,very small (dust) seed weighing <0.1 mg (Esler 1988),"Water; Wetting by rain or dew; Direct or experimental observation; (van der Pijl, 1982); Unassisted dispersal also occurs. Diaspore=seed. The structure that contains the diaspores opens when wet. Fruits open when wetted by rain, dispersal is then unassisted. Short distance wind dispersal (Rosenthal 2006). Seeds dispersed internally by deer (sometimes; Albert et al. 2015); viable seeds dispersed in sheep faeces (Eichberg et al. 2007). seeds ingested by waterfowl (Almeida et al. 2022).",NA,NA,2022-06-09T00:00:00Z,NA,2022-06-23T00:00:00Z,2,1,2
Sedum praealtum A.DC.,Sedum praealtum,NA,shrubby stonecrop,subshrub; mature seed not seen,NA,shrub,NA,"Herbarium specimens (AKL & WELT): coastal shingle slope; steep, rocky open bank",NA,follicle,dry,NA,2.4e-5,unspecialised,NA,unknown,NA,NA,NA,NA,NA,NA,NA,NA,dispersal based on morphology,NA,2022-06-09T00:00:00Z,NA,2022-06-23T00:00:00Z,0,1,0
Selaginella kraussiana (Kunze) A.Braun,Selaginella kraussiana,NA,NA,NA,NA,NA,NA,NA,NA,spore,fern ally,NA,NA,NA,NA,NA,NA,NA,NA,NA,NA,NA,NA,NA,NA,NA,2022-06-09T00:00:00Z,NA,NA,0,0,NA
Senecio angulatus L.fil.,Senecio angulatus,NA,Cape ivy,Seeds do not appear to be viable (Esler 1988),NA,NA,NA,NA,NA,achene,dry,pappus,NA,NA,NA,NA,NA,NA,NA,NA,NA,NA,ETNZF: wind,NA,NA,none,2022-06-09T00:00:00Z,NA,NA,0,0,NA
Senecio elegans L.,Senecio elegans,NA,purple groundsel,herb 10-60cm tall,NA,herb,0.6,"NZPCN: sand dunes, river terraces",riparian,achene,dry,pappus,NA,wind,NA,wind,NA,NA,NA,NA,NA,NA,NA,"S. congestus: Wind; Diaspore is blown by wind; Direct or experimental observation; (van der Pijl, 1982, cited in Kew SID); Senecio squalidus wind dispersed, Method not stated (Matlack 1987, cited in Kew SID); S. albonervus and S. angulifolius: Diaspore is blown by wind; Direct or experimental observation; Diaspore is plumed (Vazquez & Givnish, 1998, cited in Kew SID); S. jacobaea: viable seeds dispersed attached to cattle, donkey and horse (Couvreur et al. 2004)",dispersal based on morphology,NA,2022-06-09T00:00:00Z,NA,2022-06-27T00:00:00Z,1,1,0
Senecio glastifolius L.fil.,Senecio glastifolius,NA,holly-leaved senecio,NA,NA,herb,1,"NZ Flora Online: bank, clay, cliff, coast, dry, gravel, gully, hill, lowland, margin, open, pasture, riverbed, roadside, rock outcrop, sand, shaded, sheltered, shrubland, silt, slope, stone, terrace, track, wasteland; rocky banks with only interstitial soil, coarse river gravel, coastal scree, sandy substrate, sand dune swales and swamp margins (Williams et al. 1999).",riparian,achene,dry,pappus,4.816e-4,wind,NA,wind,NA,NA,NA,NA,NA,NA,NA,"S. congestus: Wind; Diaspore is blown by wind; Direct or experimental observation; (van der Pijl, 1982, cited in Kew SID); Senecio squalidus wind dispersed, Method not stated (Matlack 1987, cited in Kew SID); S. albonervus and S. angulifolius: Diaspore is blown by wind; Direct or experimental observation; Diaspore is plumed (Vazquez & Givnish, 1998, cited in Kew SID); S. jacobaea: viable seeds dispersed attached to cattle, donkey and horse (Couvreur et al. 2004)",dispersal based on morphology,NA,2022-06-09T00:00:00Z,NA,2022-06-27T00:00:00Z,1,1,0
Senecio skirrhodon DC.,Senecio skirrhodon,NA,gravel groundsel,herb 15-50cm tall,NA,herb,0.5,"Flora: coastal sites, waste sites, railway lines",NA,achene,dry,pappus,NA,wind,NA,wind,NA,NA,NA,NA,NA,NA,NA,"S. congestus: Wind; Diaspore is blown by wind; Direct or experimental observation; (van der Pijl, 1982, cited in Kew SID); Senecio squalidus wind dispersed, Method not stated (Matlack 1987, cited in Kew SID); S. albonervus and S. angulifolius: Diaspore is blown by wind; Direct or experimental observation; Diaspore is plumed (Vazquez & Givnish, 1998, cited in Kew SID); S. jacobaea: viable seeds dispersed attached to cattle, donkey and horse (Couvreur et al. 2004)",dispersal based on morphology,NA,2022-06-09T00:00:00Z,NA,2022-06-27T00:00:00Z,1,1,0
Senna septemtrionalis (Viv.) H.S.Irwin & Barneby,Senna septemtrionalis,NA,buttercup bush,shrub to 2 (-3)m high,NA,shrub,2,"NZ Flora Online:  bank, gap, gully, open, roadside, slope, track, wasteland",NA,pod,dry,explosively dehiscent pod,0.020030000000000003,ballistic,NA,ballistic,NA,NA,NA,NA,NA,West 1996,Senna spp. have no structures directly aiding active seed dispersal and large seeds >10 mg (Esler 1988); ballistic (West 1996),"S. alata: Methods originating from parent plant or diaspore; Dispersal is delayed until some environmental cue; Direct or experimental observation; (van der Pijl, 1982, cited in Kew SID); Also dispersed by wind. The diaspore has wings or wing-like features. Diaspore dehisces explosively and is then wind dispersed. S. planitiicola: Unassisted; Seeds drop to the ground close to or beneath the parent plant; Assumption based upon diaspore morphology; (Jurado et al., 1991, cited in Kew SID)",NA,NA,2022-06-09T00:00:00Z,NA,2022-06-27T00:00:00Z,1,1,0
Setaria palmifolia (J.König) Stapf,Setaria palmifolia,NA,palm grass,culm 80-200cm; caryopsis not seen; very few bristles below spikelets; seed mass from Shiels 2011,grass,herb,2,"NZ Flora Online:  bank, clay, cliff, coast, dry, gorge, hill, lowland, montane, open, pasture, ridge, roadside, rock outcrop, sand, scrubland, shaded, sheltered, shrubland, silt, stone, terrace, track, wasteland; NZPCN: Disturbed and open forest, shrubland, herbfield, bare land",NA,caryopsis,dry,none,0.0015,unspecialised,NA,internal,water,NA,NA,NA,NA,Smith 1985; NZPCN,"Dispersed by dumped garden waste, soil and water movement (NZPCN). Setaria verticillata has barbed awns attached below the spikelet. When these engage in clothing or animal coats the whole inflorescence is carried away (Elser 1988, incl. illustration).","Setaria palmifolia: no obvious dispersal mechanism; black rats destroyed almost all seeds offered in captive trials (Shiels 2011); dispersed passively or by granivorous birds (Smith 1985); S. italica: plant included in waterfowl diet (incl. mallard; Reynolds et al. 2015); Setaria verticillata: Animal; Diaspore is carried accidentally; Direct or experimental observation; Mammals (non-bat).; The diaspore has spiny, spiky, hooked or barbed projections or awns. Diaspores are released as animal brushes infloresecence and many fall close to parent plant, rather than cling to fur (van Rheede van Oudtshoorn & van Rooyen, 1999, cited in Kew SID); ; S. viridis seeds germinated from sheep faeces (Eichberg et al. 2007)",NA,NA,2022-06-09T00:00:00Z,45062,2022-06-27T00:00:00Z,2,1,2
Setaria pumila (Poir.) Roem. & Schult.,Setaria pumila,Setaria helvola,yellow bristle grass,not in Flora or NZ Flora Online; Clayson's notes: mostly an agricultural pest,grass,herb,NA,NA,NA,caryopsis,dry,none,0.00133,unspecialised,NA,internal,NA,NA,NA,NA,NA,"Almeida et al. 2022, 2025",NA,seeds ingested by waterfowl in Europe (Almeida et al. 2022) and North America (Almeida et al. 2025).,dispersal based on morphology,NA,NA,NA,2022-06-27T00:00:00Z,1,1,1
Silybum marianum (L.) Gaertn.,Silybum marianum,NA,variegated thistle,0.5–2 m tall,NA,herb,2,NA,NA,achene,dry,"pappus, elaiosome",0.0242,wind,ant,wind,ant,attachment,internal,water,NA,Pemberton & Irving 1990; Harrington et al. 2011; Almeida et al. 2022; SID; NZPCN,"Most wind dispersal is probably within 10m of the plant. Seed can be spread in hay, by water, in mud, agricultural produce and grain, on machinery or animals (NZPCN). Seeds fed to goats viable and germinated after defecation (Harrington et al. 2011).","Wind; Diaspore is blown by wind; Method not stated; Mammals (non-bat).; Also dispersed by animals. Diaspore=achene; the seed has a pappus; achenes attach to fur of animals (Groves, 1996, cited in Kew SID). Seed has an elaiosome (Pemberton & Irving 1990). seeds ingested by waterfowl (Almeida et al. 2022).",NA,NA,2022-06-09T00:00:00Z,45062,2022-06-27T00:00:00Z,5,2,4
Solanum dulcamara L.,Solanum dulcamara,NA,bittersweet,NA,NA,herb,NA,"NZ Flora Online: bank, clay, coast, dry, hill, log, margin, moist, open, pasture, peat, ridge, riparian, riverbed, roadside, rock outcrop, sand, shaded, sheltered, shrubland, stone, terrace, track, wasteland",riparian,berry,fleshy,fleshy,0.02644,internal,NA,internal,NA,NA,NA,NA,NA,Snow & Snow 1988; Albert et al. 2015; Green 2016; Almeida et al. 2022,NA,"England: fruits eaten by blackbird, song thrush, starling & other bird species (Snow & Snow 1988). Seeds dispersal internally by deer (sometimes; Albert et al. 2015); viable seeds germinated from gull and Canada goose faeces (Green 2016). Seeds ingested by waterfowl (Almeida et al. 2022).",NA,NA,2022-06-09T00:00:00Z,NA,2023-06-22T00:00:00Z,1,1,0
Solanum laxum Spreng.,Solanum laxum,Solanum jasminoides,potato vine,"fruit probably uncommon (Webb et al. 1988); Esler (1988) says fails to set seed but Webb at al. (1988) described fruit and seed from NZ material. Clayson's notes: Fruit rarely produced, but very commonly cultivated. No records in DOC weeds app. Was formerly known as S. jasminoides.",NA,NA,NA,NA,NA,berry,fleshy,fleshy,NA,NA,NA,NA,NA,NA,NA,NA,NA,NA,fruit probably uncommon (Webb et al. 1988),"categorised as bird-dispersed, based on fruit size, colour, and shape  (Albuquerque et al. 2006); S. nigrum seeds dispersed by water birds via both endo- and ectozoochory (Reynolds & Cumming 2016).",NA,rare,2022-06-16T00:00:00Z,NA,NA,0,0,NA
Solanum linnaeanum Hepper & P.-M.L.Jaeger,Solanum linnaeanum,NA,apple of Sodom,shrub or subshrub to 1–(3) m tall,NA,shrub,1,"NZ Flora Online: coast, hill, pasture, roadside, sand, slope, wasteland",NA,berry,fleshy,fleshy,0.004860000000000001,internal,NA,internal,NA,NA,NA,NA,NA,NA,NA,NA,NA,NA,2022-06-09T00:00:00Z,NA,2023-06-22T00:00:00Z,1,1,0
Solanum marginatum L.fil.,Solanum marginatum,NA,white-edged nightshade,"medium-sized to large shrub, occasionally almost a small tree, to c. 5 m tall",NA,shrub,5,"NZ Flora Online: bank, coast, hill, pasture, rock outcrop, sand, shrubland, wasteland. Flora: depleted pastures, poor rough country, forest margins, plantations, gullies, roadsides, waste places, scrub",NA,berry,fleshy,fleshy,0.003,internal,NA,internal,NA,NA,NA,NA,NA,NA,NA,NA,NA,NA,2022-06-09T00:00:00Z,45099,2023-06-22T00:00:00Z,1,1,0
Solanum mauritianum Scop.,Solanum mauritianum,NA,woolly nightshade,shrub or small tree to 10 m tall,shrub-tree,shrub,10,"NZ Flora Online: bank, clay, coast, dry, hill, lowland, margin, open, pasture, roadside, rock outcrop, sand, shaded, shrubland, slope, stone, terrace, tree, wasteland. NZPCN: A lowland plant. The plant occurs in scrub and forest margin and shrubland communities. Invades pastoral land, native forest margins and urban areas.",NA,berry,fleshy,fleshy,0.00115,internal,NA,internal,NA,NA,NA,NA,NA,Esler 1988; Fromont & King 1992; Timmins & Mackenzie 1995; Atkinson 1997; Higgins et al. 2006,"Effectively spread by birds. Pigeons feed on fruit occasionally (Fromont & King 1992). Bird-dispersed; silvereyes peck holes in berries to feed on the pulp, which causes the fruits to collapse and become unattractive to other birds (Esler 1988). Bird-dispersed (Atkinson 1997).",Fruits eaten by silvereyes in Australia (Higgins et al. 2006).,NA,NA,2022-06-09T00:00:00Z,NA,2023-06-22T00:00:00Z,1,1,0
Solanum pseudocapsicum L.,Solanum pseudocapsicum,Solanum diflorum,Jerusalem cherry,"shrub, 40–120–(200) cm tall",NA,shrub,1.2,"NZ Flora Online: bank, coast, dry, forest, forest edge, lowland, margin, pasture, riparian, shrubland, terrace, wasteland",riparian,berry,fleshy,fleshy,0.00278,internal,NA,internal,NA,NA,NA,NA,NA,Webb et al. 1988; Williams & Karl 1996; Higgins et al. 2006,fruits eaten by silvereyes (Higgins et al. 2006),"categorised as bird-dispersed, based on fruit size, colour, and shape  (Albuquerque et al. 2006); S. nigrum seeds dispersed by water birds via both endo- and ectozoochory (Reynolds & Cumming 2016).",NA,NA,2022-06-09T00:00:00Z,NA,2023-06-22T00:00:00Z,1,1,0
Sorbus aucuparia L.,Sorbus aucuparia,NA,rowan,Tree up to 8–(12) m high,NA,tree,8,"NZ Flora Online: gap, hill, margin, open, pasture, sand, sheltered, shrubland, silt, slope, stone, terrace, track",NA,pome,fleshy,fleshy,0.00632,internal,NA,internal,NA,NA,NA,NA,NA,McEwen 1978; Burrows 1995; Almeida et al. 2022,seeds dispersed by kereru (McEwen 1978; Powlesland et al. unpubl. data); bird dispersed (Burrows 1995),"England: blackbird primary disperser, occasionally eaten by song thrush & starling (Snow & Snow 1988). Seeds ingested by waterfowl (Almeida et al. 2022).",NA,NA,2022-06-09T00:00:00Z,NA,2023-06-22T00:00:00Z,1,1,0
Spartium junceum L.,Spartium junceum,NA,Spanish broom,NA,NA,shrub,3,NA,NA,pod,dry,explosively dehiscent pod,0.014539999999999999,ballistic,NA,ballistic,ant,attachment,water,NA,4 m,Geerts et al. 2013,NA,"seed pods burst open to disperse seeds 3-4 m from the parent plant, with secondary dispersal by ants, rain-wash, streams, agricultural products and in mud attached to animals, vehicles and road maintenance machinery (Geerts et al. 2013).",NA,NA,2022-06-09T00:00:00Z,NA,2022-06-27T00:00:00Z,4,1,3
Sphaeropteris cooperi (Hook. ex F.Muell.) R.M.Tryon,Sphaeropteris cooperi,Cyathea cooperi,NA,NA,NA,NA,NA,NA,NA,NA,fern,NA,NA,NA,NA,NA,NA,NA,NA,NA,NA,NA,NA,NA,NA,NA,NA,NA,NA,0,0,NA
Spiraea japonica L.fil.,Spiraea japonica,NA,Japanese spiraea,NA,NA,shrub,1.5,NA,NA,follicle,dry,none,5.4239999999999996e-5,unspecialised,NA,wind.none,water,NA,NA,NA,NA,Feldhaus et al. 2013,NA,"Spiraea japonica seed dispersal via water or wind are common (Feldhaus et al. 2013); Spiraea spp. wind-dispersed (Zasada & Stickney 2009, cited in Pate 2010 thesis); S. alba & S. tomentosa seeds germinated from white-tailed deer faeces (Flaherty et al. 2018)",dispersal based on morphology,NA,2022-06-09T00:00:00Z,NA,2022-06-27T00:00:00Z,2,1,2
Sporobolus ×townsendii (H.Groves & J.Groves) P.M.Peterson & Saarela,Sporobolus xtownsendii,Spartina ×townsendii,spartina,Caryopsis not developed,NA,NA,NA,NA,NA,caryopsis,dry,NA,NA,NA,NA,NA,NA,NA,NA,NA,NA,NA,NA,NA,NA,none,2022-06-16T00:00:00Z,NA,NA,0,0,NA
Sporobolus alterniflorus (Loisel.) P.M.Peterson & Saarela,Sporobolus alterniflorus,Spartina alterniflora,American spartina,emergent aquatic; does not produce seeds (Edgar & Connor 2000),NA,NA,NA,NA,NA,caryopsis,aquatic,NA,NA,NA,NA,NA,NA,NA,NA,NA,NA,NA,NA,NA,NA,none,2022-06-09T00:00:00Z,NA,NA,0,0,NA
Sporobolus anglicus (C.E.Hubb.) P.M.Peterson & Saarela,Sporobolus anglicus,Spartina anglica,cord grass,"emergent aquatic grass, 50-100 cm tall",grass,herb,1,"NZ Flora Online: bank, clay, coast, dry, flat , forest, margin, moist, open, roadside, rock outcrop, sand, shrubland, silt, stone; Estuaries, mangroves and other intertidal areas with soft sediment (NZPCN)",NA,caryopsis,aquatic,none,NA,unspecialised,NA,water,wind.none,NA,NA,NA,NA,Timmins & Mackenzie 1995; NZPCN,"Reproduces from seed and rhizome spreading and fragments. Seed is dispersed by wind and water. Livestock, propellers nets etc dislodge rhizome fragments, tidal and current movement, intentional planting. Rhizomes can survive long time at sea, moves long distances (NZPCN); (ETNZF says attachment, water, wind)",NA,dispersal based on morphology,NA,2022-06-09T00:00:00Z,45062,NA,2,1,2
Stenotaphrum secundatum (Walter) Kuntze,Stenotaphrum secundatum,NA,buffalo grass,"culm to 25cm, caryopsis not seen",grass,herb,0.25,"NZ Flora Online: bank, clay, cliff, coast, dry, flat , grassland, lowland, moist, open, pasture, ridge, roadside, rock outcrop, sand, sheltered, shrubland, silt, slope, terrace, wasteland; NZPCN: coastal areas and occasionally young plants are found along tracks through the forest and even in the wet forest (West, 1996)",NA,caryopsis,dry,buoyant seed,0.0017748,water,NA,water,wind.none,attachment,NA,NA,NA,Sauer 1972; West 1996,"Seeds are mostly dispersed over short distances by wind and over larger distances carried on animals (fur, feathers) and by human activity (West, 1996)","seashore pioneers, and their inflorescences seem to show adaptations for dispersal of seed by ocean currents. Caryopses...retained within the spikelets
attached to disarticulating segments of the inflorescence axis; these segments are buoyant until gradually waterlogged (Sauer 1972).",NA,NA,2022-06-09T00:00:00Z,45062,2022-06-27T00:00:00Z,3,1,2
Syzygium australe (J.C.Wendl. ex Link) B.Hyland,Syzygium australe,Eugenia biflora,brush cherry,"Webb et al. 1988: Large shrub or small tree to c. 10 m high, fruit berry-like; GBIF 16 June 2022 https://www.gbif.org/species/5417812; plant data from Figueiredo et al. 2019 https://journals.sagepub.com/doi/full/10.1177/1934578X19892439. shrub that can grow to a height of 0.5-3.0 m",shrub-tree,shrub,10,"Webb et al. 1988: roadside banks or in scrub near gardens, or disturbed and rather open forest remnants;",NA,baccate (berry-like),fleshy,fleshy,0.09792000000000001,internal,NA,internal,NA,NA,NA,NA,NA,Webb et al. 1988,fleshy fruits are dispersed by birds (Webb et al. 1988),NA,NA,NA,NA,NA,2022-06-21T00:00:00Z,1,1,0
Syzygium smithii Nied.,Syzygium smithii,Acmena smithii,monkey apple,Tree (6–15 m high in cultivation),NA,tree,15,"Weedbusters (https://www.weedbusters.org.nz/what-are-weeds/weed-list/monkey-apple/, accessed 22/6/2023): Disturbed (occasionally intact) forests, shrublands and fernland",NA,baccate (berry-like),fleshy,fleshy,0.17315,internal,NA,internal,NA,NA,NA,NA,NA,Esler 1988; Fromont & King 1992; Karan 2000,"Produces an abundant crop of fleshy fruit dispersed only by native pigeon (Fromont & King 1992). Dispersal possibly almost entirely by the native pigeon (Esler 1988). Fruits fall to the ground beneath the trees except for a few where the trees are within the feeding range of the native pigeon (Esler 1988). Fruits visited by kereru (main visitor), blackbird, sparrow, silvereye & rosella. Only kereru & blackbird capable of swallowing & dispersing (smaller) fruits (Karan 2000). BUT silvereye & maybe sparrow also probably capable of swallowing smallest fruits (D.M.W.). Kereru observed eating fruits at Waitangi, July 2006  (Clayson Howell, pers. comm. 2013).",NA,NA,NA,2022-06-09T00:00:00Z,NA,2023-06-22T00:00:00Z,1,1,0
Tecomaria capensis (Thunb.) Spach,Tecomaria capensis,Tecoma capensis,Cape honeysuckle,"Semi-erect shrub, tending to ramble (Webb et al. 1988); Forms viable seeds but seedlings have not been seen (Esler 1988). NZPCN website 20/7/2022: Seed capsules are occasionally formed and this some evidence that seed is viable. Capsules are frequently produced but rarely carry viable seed",NA,shrub,4,NA,NA,capsule,dry,NA,0.0021476000000000004,NA,NA,NA,NA,NA,NA,NA,NA,NZPCN,wind dispersed,"T. stans: Wind; Diaspore is blown by wind; Direct or experimental observation; (Vazquez & Givnish, 1998); Diaspore is winged.",NA,rare,2022-06-09T00:00:00Z,NA,2022-06-27T00:00:00Z,0,0,NA
Thinopyrum acutum (DC.) Banfi,Thinopyrum acutum,"Elytrigia pycnantha, Thinopyrum pycnanthum",sea couch,"on NZPCN website as Elytrigia pycnantha; 35–125 cm, infl. Up to 75cm long",grass,herb,1.25,"NZ Flora Online: clay, coast, dry, hill, log, margin, moist, open, pasture, roadside, sand, shrubland, silt, slope, track, wasteland, wetland; NZPCN: Coastal on foreshore waste land, consolidated sand near dunes, mudflats and roadsides",NA,caryopsis,dry,none,NA,water,NA,water,NA,NA,NA,NA,NA,Rafoufi & Esnault 2006,Elytrigia repens has no structures directly aiding active seed dispersal and medium-sized seeds (1-10 mg) (Esler 1988).,"Seeds may be transported over long distances via tidal currents (Rafoufi & Esnault 2006); E. juncea dispersed by wind and water (Bouman et al. 2000, cited in Kew SID)",NA,NA,2023-05-16T00:00:00Z,45062,2023-05-16T00:00:00Z,1,1,0
Thinopyrum obtusiflorum (DC.) Banfi.,Thinopyrum obtusiflorum,"Thinopyrum ponticum, Elytrigia obtusiflora, Elytrigia pontica",tall wheatgrass,"in NZ Flora online as Thinopyrum ponticum; not on NZPCN website; numerous synonyms for this species. 1000 seed weights: Agropyron elongatum = 5.26, Agropyron junceum = 6.20; reaches heights of 1.5-2 m under favourable conditions (Smith 1996).",grass,herb,2,NA,NA,caryopsis,dry,none,NA,unspecialised,NA,internal,NA,NA,NA,NA,NA,"Rob Simons, unpubl. data on notes recorded with herbarium specimen","We suspect that the seed may have been moved around in hay and within the gut of cattle (Rob Simons, Marlborough District Council on notes recorded with herbarium specimen)",NA,dispersal based on morphology,NA,NA,NA,2023-10-03T00:00:00Z,1,1,1
Thunbergia alata Bojer ex Sims,Thunbergia alata,NA,black-eyed Susan,Only brief description in Flora (climbing herb); NZPCN 16 June 2022: herb; Clayson's notes: vine; not on Weedbusters website; morphological & dispersal data from Quijano-Abril et al. 2022,NA,herb,NA,NA,NA,capsule,dry,explosively dehiscent capsule,0.02511,ballistic,NA,ballistic,NA,NA,NA,NA,2-3m,Quijano-Abril et al. 2022,NA,"""...the expulsion of the seeds like a catapult for 2 to 3 m."" (Quijano-Abril et al. 2022)",NA,NA,2022-06-09T00:00:00Z,44728,2022-06-27T00:00:00Z,1,1,0
Thymus vulgaris L.,Thymus vulgaris,NA,common thyme,NA,NA,shrub,0.3,"NZ Flora Online: bank, dry, flat , grassland, gravel, hill, open, pasture, river terrace, riverbed, roadside, rock outcrop, slope, stone, terrace; NZPCN: Forms dominant scrub in cold dry areas.",riparian,nutlet,dry,none,0.00138,unspecialised,NA,water,NA,NA,NA,NA,"seeds have no structures which facilitate dispersal, dispersed up to c. 100 m based on gene flow (Gouyon et al. 1987)",Gouyon et al. 1987,NA,seeds dispersed from plateau to ravines via seasonal water flow,none of the many Thymus species in Kew SID have a dispersal mechanism reported,NA,2022-06-09T00:00:00Z,45062,2022-06-27T00:00:00Z,1,1,1
Toxicodendron succedaneum (L.) Kuntze,Toxicodendron succedaneum,Rhus succedanea,Japanese wax tree,"not in Flora; see Heenan et al. 2008; seed mass from Kew SID, 9 June 2022; small tree, up to 5(-8) m tall",NA,tree,5,"Heenan et al. 2008: Coastal indigenous vegetation, urban gardens, and wasteland",NA,drupe,fleshy,fleshy,0.06308,internal,NA,internal,NA,NA,NA,NA,NA,Heenan et al. 2008,"bird-dispersed, seedling collected under large starling roost on Middle Island (Heenan et al. 2008)","T. diversilobum: Animal; Method not stated; (Keeley, 1991, cited in Kew SID)",NA,NA,2022-06-09T00:00:00Z,NA,2022-06-22T00:00:00Z,1,1,0
Trachycarpus fortunei (Hook.) H.Wendl.,Trachycarpus fortunei,NA,Chinese windmill palm,"4–12 m high. Healy & Edgar (1980) say ""Drupes 1-3"", think it might be a mistake and should say ""Seeds 1-3"" instead.",NA,tree,12,"NZ Flora Online: bank, clay, flat , forest edge, gully, lowland, moist, pasture, roadside, sand, shaded, sheltered, silt, stone, terrace. NZPCN: Disturbed bush and shrubland margins, river and stream edges, wetlands.",riparian,drupe,fleshy,fleshy,0.18128,internal,NA,internal,NA,NA,NA,NA,NA,Esler 1988,The palms reproduce by seeds that are dispersed by birds (Esler 1988).,NA,NA,NA,2022-06-09T00:00:00Z,45100,2023-06-23T00:00:00Z,1,1,0
Tradescantia fluminensis Vell.,Tradescantia fluminensis,NA,wandering willie,NA,NA,herb,NA,NA,NA,capsule,dry,NA,NA,NA,NA,NA,NA,NA,NA,NA,NA,NA,NA,NA,NA,none,2022-06-09T00:00:00Z,NA,NA,0,0,NA
Tropaeolum majus L.,Tropaeolum majus,NA,nasturtium,NA,NA,herb,2,"NZ Flora Online: bank, clay, cliff, coast, dry, forest, forest edge, gap, gully, lowland, open, riparian, roadside, rock outcrop, sand, sheltered, slope, stone, terrace, wasteland; NZPCN: Disturbed sites, especially adjacent to gardens and dumps. Shrubland, herbfield, wetland, streamsides.",riparian,indehiscent carpels,dry,buoyant seed,0.1467,water,NA,water,internal,NA,NA,NA,NA,Webb et al. 1988; West 1996; Chambert & James 2009,has no structures directly aiding active seed dispersal and large seeds >10 mg (Esler 1988); Dispersal is through garden dumping and clonal spread and birds may disperse seeds (NZPCN),seeds are buoyant (Chambert & James 2009),NA,NA,2022-06-09T00:00:00Z,45063,2022-06-27T00:00:00Z,2,1,1
Tropaeolum speciosum Poepp. & Endl.,Tropaeolum speciosum,NA,Chilean flame creeper,measurements and seed numbers are for each individual carpel (three carpels in total): carpels are separate dispersal units,vine,shrub,NA,"NZ Flora Online: bank, coast, dry, forest, forest edge, gap, hill, log, lowland, margin, moist, open, pasture, riparian, roadside, sand, shaded, sheltered, shrubland, slope, stone, terrace, track, wasteland. NZPCN: Mainly remnant stands of forest, also scrub, sometimes found in more remote forest clearings.",riparian,berry-like,fleshy,fleshy,NA,internal,NA,internal,NA,NA,NA,NA,NA,Burrows 1995; Ridley 1998; Spurr et al. 2011,seeds dispersed by birds (Burrows 1995); fruits eaten by bellbirds (Spurr et al. 2011),NA,NA,NA,2022-06-09T00:00:00Z,45100,2023-06-23T00:00:00Z,1,1,0
Tussilago farfara L.,Tussilago farfara,NA,coltsfoot,infl. 5-30cm tall,NA,herb,0.3,"NZ Flora Online:  gravel, moist, roadside, sand, stone",NA,achene,dry,pappus,3e-4,wind,NA,wind,NA,NA,NA,NA,NA,SID,NA,"Diaspore is blown by wind  (Ridley 1930 and Bouman et al. 2000, cited in Kew Seed Information Database) and seed is plumed (Ridley 1930, cited in Kew SID)",NA,NA,2022-06-09T00:00:00Z,NA,2022-06-27T00:00:00Z,1,1,0
Ugni molinae Turcz.,Ugni molinae,NA,strawberry myrtle,"shrub, 1–2 m high",NA,shrub,2,"NZ Flora Online:  coast, fernland, margin, moist, pasture, peat, roadside, shrubland",NA,baccate (berry-like),fleshy,fleshy,9.1e-4,internal,NA,internal,NA,NA,NA,NA,NA,Mora & Smith-Ramirez 2016; NZPCN,"Bird dispersed fruits (NZPCN); seeds dispersed by birds, but wind-dispersed seeds in whole fruits do not germinate under field conditions (Mora & Smith-Ramirez 2016)",NA,NA,NA,2022-06-09T00:00:00Z,45100,2023-06-23T00:00:00Z,1,1,0
Ulex europaeus L.,Ulex europaeus,NA,gorse,NA,NA,shrub,2,"NZ Flora Online: bank, clay, coast, dry, forest, forest edge, gap, grassland, gravel, gully, hill, lake margin, lowland, margin, open, pasture, riverbed, roadside, sand, sheltered, shrubland, silt, slope, stone, terrace, wasteland; NZPCN: coastal and lowland habitats. The plant occurs in sites with low - low/modertate fertility. It is common in disturbed areas and can tolerate a wide range of conditions and soil types allowing it to establish in most areas. It is more abundant in waste places, riverbeds and poorer land than it is in developed and fertile land. It occurs in scrub and forest margin, shrubland, fernland and riverbed communities and grassland, shrubland, forest margins, coastal habitats and waste places. It occurs in rough foothills and less-intensively farmed areas and is often abundant in disturbed lowland and lower montane places. It is a plant that often aggressively invades rough pasture.",riparian,pod,dry,"explosively dehiscent pod, elaiosome",0.00654,ballistic,ant,ballistic,ant,water,internal,attachment,6 m,Smith 1985; Webb et al. 1988; Esler 1988; Pemberton & Irving 1990; Cronk & Fuller 1995; Atkinson 1997; Higgins et al. 2006; Harrington et al. 2011; Reynolds et al. 2015; Roberts & Florentine 2021,"ovary wall propels seeds by the violent parting of valves; has no structures directly aiding active seed dispersal and medium-sized seeds (1-10 mg) (Esler 1988). Explosive seed capsules (Atkinson 1997); Seed is dispersed by an explosive mechanism and gravity, Seed pods disperse seed up to 6 metres from the parent plant, Machinery assists seed dispersal, Some seed is carried by water and shingle and by gravel, soil and birds (NZPCN); seeds fed to goats viable and germinated after defecation (Harrington et al. 2011). Seeds in silvereye alimentary canals (Higgins et al. 2006).","explosively dehiscent (Cronk & Fuller 1995); experimental feeding trials showed viable seeds recovered from duck faeces (Reynolds et al. 2015); Seeds are forcibly ejected up to 3m from the parent plant, long-distance dispersal is effected by man or by capsules attached to branches entangled in mammal pelage [fur, hair or wool of mammal] (Smith 1985). Seeds dispersed by explosively dehiscent pods, zoochory, humans, water and ants (Roberts & Florentine 2021 and refs therein). Seed has an elaiosome (Pemberton & Irving 1990)",NA,NA,2022-06-09T00:00:00Z,45063,2023-05-17T00:00:00Z,5,2,4
Undaria pinnatifida (Harv.) Suringar,Undaria pinnatifida,NA,NA,NA,NA,NA,NA,NA,NA,NA,seaweed,NA,NA,NA,NA,NA,NA,NA,NA,NA,NA,NA,NA,NA,NA,NA,NA,NA,NA,0,0,NA
Utricularia gibba L.,Utricularia gibba,U. biflora,bladderwort,"inflorescence is erect, emergent or submersed, up to 30 cm long",NA,herb,0.3,"NZ Flora Online: coast, moist, sand; NZPCN: Most freshwater habitats, especially acidic and nutrient rich water, Tolerant of clean or nutrient-rich, warm or cold, still or slow-moving water",NA,capsule,aquatic,NA,4.6e-5,unspecialised,NA,water,internal,NA,NA,NA,NA,deWinton et al. 2009; NZPCN,"Seed dispersed by waterfowl (deWinton et al 2009); Reproduces freely by seeds, turions, stem fragments. Forms dense mats. Dispersed by Water movement, dumped aquaria contents, contaminated machinery, eel nets, boats and trailers. Seed spread by water fowl (NZPCN Factsheet prepared by Paul Champion and Deborah Hofstra (NIWA)).",NA,dispersal based on morphology,NA,2022-06-09T00:00:00Z,45063,2023-05-17T00:00:00Z,2,1,2
Vallisneria australis S.W.L.Jacobs & Les,Vallisneria australis,NA,eel grass,"There is no evidence of viable seed production in New Zealand, submerged, flower stem straight (NZPCN)",NA,herb,NA,NZPCN: Moderately fast flowing to still water bodies. Colonises lake-bed sediment in water up to 9m deep.,riparian,NA,aquatic,NA,NA,NA,NA,NA,NA,NA,NA,NA,NA,NA,poor dispersal capacity has limited current spread (NZPCN Factsheet prepared by Paul Champion and Deborah Hofstra (NIWA)),NA,NA,none,2022-06-09T00:00:00Z,45063,NA,0,0,NA
Verbascum thapsus L.,Verbascum thapsus,NA,woolly mullein,"stems to c. 1 m tall, infl. to c. 80cm high",NA,herb,1,"NZPCN: Roadsides, waste places, pasture",NA,capsule,dry,none,1e-4,unspecialised,NA,wind.none,bird nesting material,NA,NA,NA,11 m,Smith 1985; Gross & Werner 1978; Gross 1980; Warren et al. 2017,NA,"seeds have no specialized structures for long-distance dispersal, seed deposition is localised (Gross & Werner 1978; Gross 1980); seeds are wind-dispersed (Smith 1985); seeds dispersed up to 11 m, 93% of seeds fall within 5 m, and 75% within 1 m (Gross & Werner 1978). Undefined seed dispersal morphology (McIntyre et al. 1995). Seeds dispersed in bird nesting material (Warren et al. 2017).",NA,NA,2022-06-09T00:00:00Z,45063,2022-06-27T00:00:00Z,2,1,2
Vinca major L.,Vinca major,NA,periwinkle,forms dense mats; seed mass from V. major subsp. hirsuta,NA,herb,NA,"NZ Flora Online:  bank, clay, cliff, coast, dry, forest, forest edge, hill, lowland, margin, moist, open, pasture, riparian, roadside, rock outcrop, shaded, sheltered, shrubland, stone, wasteland; NZPCN: Waste places, particularly in the shade of trees by riverbanks, roadsides, cemeteries and around gardens",riparian,dehiscent follicle,dry,none,0.0194088,unspecialised,NA,unknown,NA,NA,NA,NA,NA,Esler 1988,has no structures directly aiding active seed dispersal and large seeds >10 mg (Esler 1988).,V. minor ant-dispersed (Honnay et al. 1999),NA,NA,2022-06-09T00:00:00Z,45063,2023-05-17T00:00:00Z,0,1,0
Vitis vinifera L.,Vitis vinifera,NA,grape,"Reproduces mainly by stem layering (Webb et al., 1988). Fruit is freely produced but most wild spread is not by seed. Many of the cultivated grapes are actually hybrids which may affect spread from seed. (NZPCN)",vine,shrub,NA,"NZ Flora Online: bank, clay, coast, dry, forest edge, gravel, gully, loam, lowland, margin, moist, open, roadside, sand, scrubland, sheltered, shrubland, terrace, wasteland. NZPCN: Around old gardens and dump sites, sometimes along roadsides.",NA,berry,fleshy,fleshy,0.0305,internal,NA,internal,NA,NA,NA,NA,NA,Gibb 2000; Anderson et al. 2006; Spurr 2011; Almeida et al. 2022,Vitis spp. fruits eaten by bellbirds (Spurr et al. 2011). Vitis vinifera fruits eaten by silvereyes (Gibb 2000).,Spain: intact seeds in carnivorous mammal faeces (Herrera 1989). Intact seeds found in heron faeces predating lizards (secondary dispersal; Green 2016). Seeds ingested by waterfowl (Almeida et al. 2022).,NA,NA,2022-06-09T00:00:00Z,45100,2023-06-23T00:00:00Z,1,1,0
Watsonia meriana (L.) Mill.,Watsonia meriana,Watsonia meriana var. bulbillifera; Watsonia bulbillifera,watsonia,capsule not seen (Webb et al. 1988); does not form seed (Esler 1988),NA,NA,NA,NA,NA,capsule,dry,NA,NA,NA,NA,NA,NA,NA,NA,NA,NA,NA,NA,NA,NA,none,2022-06-09T00:00:00Z,NA,NA,0,0,NA
Yucca gloriosa L.,Yucca gloriosa,NA,"mound-lily yucca, Spanish dagger","not in Flora; no data in Kew SID; NZPCN: erect shrub, 1.8-2.4 m spike of fragrant flowers; Ogle & La Cock 2019: do not appear to set seed",NA,shrub,2.4,NA,NA,NA,dry,NA,NA,NA,NA,NA,NA,NA,NA,NA,NA,NA,NA,NA,NA,none,2022-06-09T00:00:00Z,NA,NA,0,0,NA
Zantedeschia aethiopica (L.) Spreng.,Zantedeschia aethiopica,NA,arum lily,to 1.5 m high,NA,herb,1.5,"NZ Flora Online: bank, clay, coast, forest edge, lake margin, lowland, margin, moist, open, pasture, roadside, shaded, sheltered, silt, slope, terrace, wasteland. NZPCN: Swampy areas, often under willows and damp pasture and waste land.",NA,berry,fleshy,fleshy,0.02026,internal,NA,internal,water,NA,NA,NA,NA,Esler 1988; Stansbury 2001; NZPCN,"wide distribution of seedlings suggests that it is bird-dispersed (Esler 1988). Seeds dispersed by water movement, birds and other animals, local clonal spread by rhizomes, with longer distance spread by water movement, deliberate planting and garden discards (NZPCN Factsheet prepared by Paul Champion and Deborah Hofstra (NIWA)).",Australia: seed found in silvereye dropping (Stansbury 2001),NA,NA,2022-06-09T00:00:00Z,45100,2023-06-23T00:00:00Z,2,1,1
Zizania latifolia (Griseb.) Stapf,Zizania latifolia,NA,Manchurian wild rice,aquatic reed.,grass,herb,3,"NZ Flora Online: bank, coast, lake margin, margin, pasture, riparian, roadside, sand; NZPCN: Lowland still and slow flowing water bodies (both resh water or moderately saline)",riparian,caryopsis,aquatic,seeds buoyant for about 1 day,NA,water,NA,water,internal,NA,NA,NA,NA,Timmins & Mackenzie 1995; NZPCN,"Water dispersed (Timmins & MacKenzie 1995); Seeds and rhizome fragments spread via water, livestock, machinery, e.g. graders, dumping of green waste, eel nets, boats and trailers, clothing and possibly by birds (NZPCN Factsheet prepared by Paul Champion and Deborah Hofstra (NIWA); (ETNZF says attachment, water, wind)","Zizania spp. water dispersed (Cook 1987, cited in Kew SID); seeds possibly dispersed by waterfowl (Chen et al. 2012)",attachment or internal,NA,2022-06-09T00:00:00Z,45063,2023-05-17T00:00:00Z,2,1,1
