model_number,species,order,family,ds,log10mdd_family,log10mdd_order,log10mdd,log10mdd_best,form,growth.form,height,habitat,riparian,fruit.type,category,dispersal.adaptations,seed.mass,syndrome1,syndrome2,mechanism1,mechanism2,mechanism3,mechanism4,mechanism5,distance,dispersal.ref,NZ.dispersal.notes,overseas.dispersal.notes,DW.dispersal.notes,NZseeds,NZFloraOnline,NZPCN,Kew SID,n_mech,n_synd,n_nonstd_mech
2,Acanthus mollis,Lamiales,Acanthaceae,ballistic,NA,0.14166859298304366,0.08317616115784722,0.14166859298304366,NA,herb,1.2,"Usually found near old settlements, in partial shade and along riverbanks.",riparian,capsule,dry,explosive capsule,0.208,ballistic,NA,ballistic,water,internal,NA,NA,NA,Esler 1988; NZPCN,"Propulsion of seed is achieved by the sudden release of the stout funiculus (retinaculum), which is held under tension in the ripening capsule (Esler 1988). Has no structures directly aiding active dispersal and large seeds >10 mg (Elser 1988). Dispersed by gravity, water and birds (NZPCN website, accessed 13 April 2023).",NA,attachment or internal,NA,2022-06-02T00:00:00Z,45030,2023-04-13T00:00:00Z,3,1,2
2,Acanthus mollis,Lamiales,Acanthaceae,animal,NA,1.7440992780040971,1.5114067011177712,1.7440992780040971,NA,herb,1.2,"Usually found near old settlements, in partial shade and along riverbanks.",riparian,capsule,dry,explosive capsule,0.208,ballistic,NA,ballistic,water,internal,NA,NA,NA,Esler 1988; NZPCN,"Propulsion of seed is achieved by the sudden release of the stout funiculus (retinaculum), which is held under tension in the ripening capsule (Esler 1988). Has no structures directly aiding active dispersal and large seeds >10 mg (Elser 1988). Dispersed by gravity, water and birds (NZPCN website, accessed 13 April 2023).",NA,attachment or internal,NA,2022-06-02T00:00:00Z,45030,2023-04-13T00:00:00Z,3,1,2
2,Schinus terebinthifolia,Sapindales,Anacardiaceae,animal,NA,3.0393729412100248,2.6954389393671776,3.0393729412100248,NA,shrub,3,"NZPCN: currently in waste areas, but a problem weed of wetland and water body margins overseas",NA,drupe,fleshy,fleshy,0.01814,internal,NA,internal,ant,NA,NA,NA,NA,Higgins et al. 2006; Leal et al. 2007; NZPCN,Bird and mammal dispersed seed (NZPCN Factsheet prepared by Paul Champion and Deborah Hofstra (NIWA)).,"seeds dispersed by ants (direct observation) (Leal, I.R., Wirth, R., & Tabarelli, M. 2007. Seed Dispersal by Ants in the Semi-arid Caatinga of North-east Brazil. Annals of Botany, 99:885-894). Fruits eaten by silvereyes in Australia (Higgins et al. 2006).",NA,NA,2022-06-16T00:00:00Z,22/6/203,2023-06-22T00:00:00Z,2,1,1
2,Schinus terebinthifolia,Sapindales,Anacardiaceae,ant,NA,1.9454536217311056,1.982266471201525,1.9454536217311056,NA,shrub,3,"NZPCN: currently in waste areas, but a problem weed of wetland and water body margins overseas",NA,drupe,fleshy,fleshy,0.01814,internal,NA,internal,ant,NA,NA,NA,NA,Higgins et al. 2006; Leal et al. 2007; NZPCN,Bird and mammal dispersed seed (NZPCN Factsheet prepared by Paul Champion and Deborah Hofstra (NIWA)).,"seeds dispersed by ants (direct observation) (Leal, I.R., Wirth, R., & Tabarelli, M. 2007. Seed Dispersal by Ants in the Semi-arid Caatinga of North-east Brazil. Annals of Botany, 99:885-894). Fruits eaten by silvereyes in Australia (Higgins et al. 2006).",NA,NA,2022-06-16T00:00:00Z,22/6/203,2023-06-22T00:00:00Z,2,1,1
2,Toxicodendron succedaneum,Sapindales,Anacardiaceae,animal,NA,2.9890505724555076,2.7948042922336356,2.9890505724555076,NA,tree,5,"Heenan et al. 2008: Coastal indigenous vegetation, urban gardens, and wasteland",NA,drupe,fleshy,fleshy,0.06308,internal,NA,internal,NA,NA,NA,NA,NA,Heenan et al. 2008,"bird-dispersed, seedling collected under large starling roost on Middle Island (Heenan et al. 2008)","T. diversilobum: Animal; Method not stated; (Keeley, 1991, cited in Kew SID)",NA,NA,2022-06-09T00:00:00Z,NA,2022-06-22T00:00:00Z,1,1,0
2,Angelica pachycarpa,Apiales,Apiaceae,wind.special,0.3669842919411853,0.6404172820860101,0.7496356374038299,0.3669842919411853,NA,herb,0.6,"NZ Flora Online: cliff, coast, dry, grassland, gravel, moist, open, pasture, roadside, rock outcrop, shaded, sheltered, shrubland, silt, slope, stone, terrace, wasteland; NZPCN: Mainly coastal, waste places",NA,schizocarp,dry,"flattened fruit with lighter, spongy lateral wings",0.00817,unspecialised,NA,water,wind,NA,NA,NA,NA,NZPCN,"dispersed by humans, wind, water (NZPCN)",Angelica sylvestris dispersed by water (Ecological Flora of the British Isles),dispersal based on morphology,NA,2022-06-02T00:00:00Z,45033,2023-04-17T00:00:00Z,2,1,1
2,Helosciadium nodiflorum,Apiales,Apiaceae,animal,1.857579194279542,2.131012184424367,2.2143608367252985,1.857579194279542,NA,herb,1,"NZPCN: Shallow water ponds, drains, and the margins of slow moving streams",riparian,NA,dry,none,8.6e-4,unspecialised,NA,internal,NA,NA,NA,NA,NA,Zidon et al. 2016,NA,"seed germinated from Persian fallow deer faeces (Zidon et al. 2016, as Apium nodiflorum)",dispersal based on morphology,NA,NA,45198,2023-09-29T00:00:00Z,1,1,0
2,Ilex aquifolium,Aquifoliales,Aquifoliaceae,animal,NA,NA,3.117893325377154,3.117893325377154,shrub-tree,tree,12,"NZ Flora Online: bank, coast, dry, flat , forest, forest edge, hill, log, lowland, margin, open, roadside, sand, shaded, sheltered, stone, terrace",NA,drupe,fleshy,fleshy,0.03227,internal,NA,internal,NA,NA,NA,NA,NA,Webb et al. 1988; Williams & Karl 1996,NA,England: fruits eaten primarily  by blackbird & also song thrush; Spain: fruits eaten by blackbird (Snow & Snow 1988),NA,NA,2022-06-08T00:00:00Z,NA,2023-06-19T00:00:00Z,1,1,0
2,Alocasia brisbanensis,Alismatales,Araceae,animal,NA,2.2747947266611828,2.168914026606915,2.2747947266611828,NA,herb,3,"NZ Flora Online: bank, dry, hill, lowland, margin, moist, open, pasture, riparian, roadside, sand, shrubland, slope, stone, terrace. NZPCN: Wetlands, streamsides, river systems, heavily disturbed shrubland and forest, damp frost-free open areas, regenerating ex-pasture.",riparian,berry,fleshy,fleshy,0.01,internal,NA,internal,NA,NA,NA,NA,NA,West 1996,Widespread distribution throughout Raoul Island and onto the Meyer Islets has probably resulted from birds dispersing the seeds (West 1996). Bird-dispersed (West 1996),NA,NA,NA,2023-06-15T00:00:00Z,45092,2023-06-15T00:00:00Z,1,1,0
2,Arum italicum,Alismatales,Araceae,animal,NA,1.8507039605823072,1.557331385944785,1.8507039605823072,NA,herb,0.6,"NZ Flora Online: bank, cliff, forest, hill, lowland, moist, open, pasture, roadside, rock outcrop, sand, shrubland, silt, terrace, wasteland. NZPCN: Heavily disturbed shrubland and forest, herbfield, damp areas with low cover, regenerating ex-pasture",NA,berry,fleshy,fleshy,0.039,internal,NA,internal,NA,NA,NA,NA,NA,Thompson 1976; Webb et al. 1988; Esler 1988,"""Observations in New Zealand suggest that domestic poultry & wild birds may be agents of dispersal"" (Webb et al. 1988). probably bird-dispersed but this has not been confirmed by direct observation (Esler 1988).",NA,NA,NA,2023-06-15T00:00:00Z,45092,2023-06-15T00:00:00Z,1,1,0
2,Zantedeschia aethiopica,Alismatales,Araceae,animal,NA,2.0801163284379927,1.889107132000368,2.0801163284379927,NA,herb,1.5,"NZ Flora Online: bank, clay, coast, forest edge, lake margin, lowland, margin, moist, open, pasture, roadside, shaded, sheltered, silt, slope, terrace, wasteland. NZPCN: Swampy areas, often under willows and damp pasture and waste land.",NA,berry,fleshy,fleshy,0.02026,internal,NA,internal,water,NA,NA,NA,NA,Esler 1988; Stansbury 2001; NZPCN,"wide distribution of seedlings suggests that it is bird-dispersed (Esler 1988). Seeds dispersed by water movement, birds and other animals, local clonal spread by rhizomes, with longer distance spread by water movement, deliberate planting and garden discards (NZPCN Factsheet prepared by Paul Champion and Deborah Hofstra (NIWA)).",Australia: seed found in silvereye dropping (Stansbury 2001),NA,NA,2022-06-09T00:00:00Z,45100,2023-06-23T00:00:00Z,2,1,1
2,Fatsia japonica,Apiales,Araliaceae,animal,NA,2.843212771372244,2.716666073051863,2.843212771372244,NA,shrub,2,"NZ Flora Online:  bank, coast, dry, lowland, moist, pasture, roadside, sand, shaded, sheltered, shrubland, slope, stone, terrace, wasteland",NA,berry-like,fleshy,fleshy,0.0070999999999999995,internal,NA,internal,NA,NA,NA,NA,NA,Rogan 1997,"while naturalised plants are generally found in bush near residential areas they are frequently found with no adult plants in the immediate vicinity, suggesting that the seed is dispersed a reasonable distance, most probably by birds, e.g. starlings, blackbirds, mynas, song thrushes and kereru (Rogan 1997).",NA,NA,NA,2022-06-15T00:00:00Z,NA,2023-06-16T00:00:00Z,1,1,0
2,Archontophoenix cunninghamiana,Arecales,Arecaceae,animal,NA,NA,2.746486313845154,2.746486313845154,NA,tree,13,"Weedbusters: gullies, stream banks, swampy areas. Grows readily in shaded area of canopy cover.",riparian,NA,fleshy,fleshy,0.5682,internal,NA,internal,water,NA,NA,NA,NA,"Weedbusters; Zona & Henderson 1989, cited in Kew SID","Bird spread the seeds long distances. Also spread by water and gravity. (Weedbusters https://www.weedbusters.org.nz/what-are-weeds/weed-list/bangalow-palm/, accessed 15/6/2023","Birds dispersed (Zona & Henderson 1989, cited in SID)",NA,NA,NA,45092,2023-06-15T00:00:00Z,2,1,1
2,Phoenix canariensis,Arecales,Arecaceae,animal,NA,NA,2.457336942140149,2.457336942140149,NA,tree,6,"NZ Flora Online: bank, coast, dry, roadside, sand, slope",NA,berry,fleshy,fleshy,1.056,internal,NA,internal,NA,NA,NA,NA,NA,Williams 2006,"Blackbirds observed eating phoenix palm fruits in Auckland (J. Sullivan pers. comm., in Williams 2006)",NA,NA,NA,2022-06-08T00:00:00Z,NA,2023-06-20T00:00:00Z,1,1,0
2,Trachycarpus fortunei,Arecales,Arecaceae,animal,NA,NA,2.8816864836728415,2.8816864836728415,NA,tree,12,"NZ Flora Online: bank, clay, flat , forest edge, gully, lowland, moist, pasture, roadside, sand, shaded, sheltered, silt, stone, terrace. NZPCN: Disturbed bush and shrubland margins, river and stream edges, wetlands.",riparian,drupe,fleshy,fleshy,0.18128,internal,NA,internal,NA,NA,NA,NA,NA,Esler 1988,The palms reproduce by seeds that are dispersed by birds (Esler 1988).,NA,NA,NA,2022-06-09T00:00:00Z,45100,2023-06-23T00:00:00Z,1,1,0
2,Ageratina adenophora,Asterales,Asteraceae,wind.special,NA,1.6140807773851857,1.859375940390602,1.6140807773851857,NA,herb,3,"NZPCN: Lightly shaded frost-free areas, e.g. forest edges, shrublands, wetlands, streamsides, open forest, inshore and offshore islands, gumlands, slips, alluvial flats, coast and estuaries; NZ Flora Online: clay, coast, dry, forest, gap, gully, lava, log, margin, moist, open, ridge, roadside, scrubland, shaded, slope, stone, track",riparian,achene,dry,pappus,5.5e-5,wind,NA,wind,NA,NA,NA,NA,NA,Fromont & King 1992; Timmins & Mackenzie 1995; Cronk & Fuller 1995,NA,wind dispersed (Cronk & Fuller 1995),NA,NA,2022-06-02T00:00:00Z,45030,2022-06-19T00:00:00Z,1,1,0
2,Ageratum houstonianum,Asterales,Asteraceae,wind.special,NA,1.3578221443115783,1.4872302248475768,1.3578221443115783,NA,herb,1,"NZ Flora Online: bank, clay, dry, gap, hill, lake margin, margin, open, pasture, ridge, river terrace, roadside, sand, sheltered, slope, stone, terrace, track, wasteland; NZPCN: Prefers open sunny spots along forest edges",riparian,achene,dry,pappus,1e-4,wind,NA,wind,NA,NA,NA,NA,NA,NZPCN,NZPCN 19 June 2022: Dispersed by people and the wind.,"Based on A. conyzoides: Animal; Diaspore is carried accidentally; Assumption based upon diaspore morphology; (Mori & Brown, 1998); Diaspore=fruit. The diaspore has spiny, spiky, hooked or barbed projections or awns. Wind; Assumption based upon diaspore morphology; (Foster et al., 1986)",NA,NA,2022-06-02T00:00:00Z,45033,2022-06-19T00:00:00Z,1,1,0
2,Arctium minus,Asterales,Asteraceae,animal,NA,2.1533428690228704,2.001687555214766,2.1533428690228704,NA,herb,1.5,"NZ Flora Online:  bank, coast, forest, forest edge, grassland, hill, lowland, margin, open, pasture, riverbed, roadside, sand, slope, stone, terrace, track, wasteland; NZPCN: Forest margins, waste places, roadsides, creek beds.",riparian,achene,dry,pappus; hooked involucral bracts and ready detachment of mature head,0.0089,attachment,NA,attachment,wind,internal,water,NA,NA,Esler 1988; Webb et al. 1988; Green 2016; Almeida et al. 2025; NZPCN,"Capitual is desseminal due to hooked involucral bracts and ready detachment of mature head (Esler 1988). Dispersed by wind, water, people (NZPCN); Artium species have hooked tips on the stiff recurved involucral bracts thyat serve in dispersal of capitula at fruiting (Webb et al. 1988). Arctium lappa has adhesion mechanisms and is found in sheeps fleece (Webb et al. 1988).",seeds ingested by waterfowl in North America (Almeida et al. 2025),NA,NA,2022-06-02T00:00:00Z,45033,2022-06-19T00:00:00Z,4,1,3
2,Arctium minus,Asterales,Asteraceae,wind.special,NA,0.979893878148004,0.9800673766370278,0.979893878148004,NA,herb,1.5,"NZ Flora Online:  bank, coast, forest, forest edge, grassland, hill, lowland, margin, open, pasture, riverbed, roadside, sand, slope, stone, terrace, track, wasteland; NZPCN: Forest margins, waste places, roadsides, creek beds.",riparian,achene,dry,pappus; hooked involucral bracts and ready detachment of mature head,0.0089,attachment,NA,attachment,wind,internal,water,NA,NA,Esler 1988; Webb et al. 1988; Green 2016; Almeida et al. 2025; NZPCN,"Capitual is desseminal due to hooked involucral bracts and ready detachment of mature head (Esler 1988). Dispersed by wind, water, people (NZPCN); Artium species have hooked tips on the stiff recurved involucral bracts thyat serve in dispersal of capitula at fruiting (Webb et al. 1988). Arctium lappa has adhesion mechanisms and is found in sheeps fleece (Webb et al. 1988).",seeds ingested by waterfowl in North America (Almeida et al. 2025),NA,NA,2022-06-02T00:00:00Z,45033,2022-06-19T00:00:00Z,4,1,3
2,Baccharis halimifolia,Asterales,Asteraceae,wind.special,NA,2.4056572040129702,2.461610313652684,2.4056572040129702,NA,shrub,4,NA,NA,achene,dry,pappus,1e-4,wind,NA,wind,water,internal,NA,NA,"Seeds have been recorded as drifting up to 140 m from a 2 m high plant. However, most seeds fall within a few metres of the parent plant (Sims-Chilton & Panetta 2011)",Sims-Chilton & Panetta 2011; Almeida et al. 2025,NA,seeds are attached to a pappus and are readily dispersed by wind and water (Sims-Chilton & Panetta 2011). Seeds ingested by waterfowl in Noth America (Almeida et al. 2025).,NA,NA,2022-06-03T00:00:00Z,NA,2022-06-22T00:00:00Z,3,1,2
2,Baccharis halimifolia,Asterales,Asteraceae,animal,NA,3.5791061948878364,3.4832304922304225,3.5791061948878364,NA,shrub,4,NA,NA,achene,dry,pappus,1e-4,wind,NA,wind,water,internal,NA,NA,"Seeds have been recorded as drifting up to 140 m from a 2 m high plant. However, most seeds fall within a few metres of the parent plant (Sims-Chilton & Panetta 2011)",Sims-Chilton & Panetta 2011; Almeida et al. 2025,NA,seeds are attached to a pappus and are readily dispersed by wind and water (Sims-Chilton & Panetta 2011). Seeds ingested by waterfowl in Noth America (Almeida et al. 2025).,NA,NA,2022-06-03T00:00:00Z,NA,2022-06-22T00:00:00Z,3,1,2
2,Bellis perennis,Asterales,Asteraceae,animal,NA,2.174044353547364,1.9825535518814097,2.174044353547364,NA,herb,0.15,NA,NA,achene,dry,none,1.1999999999999999e-4,unspecialised,NA,internal,NA,NA,NA,NA,NA,Welch 1985; Albert et al. 2015,pappus absent,"Combination: wind+animal+unassisted; Method not stated; (van der Pijl, 1982); Also dispersed by water. Diaspore=achene. Achenes fall beneath/close to the parent plant and are possibly thrown further from the plant by the action of wind on the peduncle and infrutescence. Granivorous birds and rainwash are probably also involved in dispersal; Seeds are dispersed internally by deer (Albert et al. 2015). seeds germinated from cattle & sheep dung (Welch 1985).",NA,NA,2022-06-03T00:00:00Z,NA,2023-04-18T00:00:00Z,1,1,0
2,Bidens frondosa,Asterales,Asteraceae,animal,NA,2.2640083782739095,2.1585568724140267,2.2640083782739095,NA,herb,2,"NZ Flora Online: bank, clay, coast, dry, forest, gravel, lake margin, lowland, margin, moist, pasture, peat, riparian, roadside, sand, silt, stone, terrace, wasteland; NZPCN: Water body margins, swamps, damp waste places and low-lying areas",riparian,achene,dry,pappus with barbed awns; barbed spines; seeds have two sharp barbs (NZ Flora Online); adhesive burr,0.0049299999999999995,attachment,NA,attachment,water,internal,bird nesting material,NA,NA,"Esler 1988; Couvreur et al. 2004; Kehr et al. 2014; Warren et al. 2017; NZPCN; Almeida et al. 2022, 2025","Bidens spp. have barbed spines which cling to clothing and animal coats (Esler 1988); two barbed teeth easily attaching to clothing and hair (NZPCN, factsheet prepared by Paul Champion and Deborah Hofstra (NIWA))","B. frondosa dispersed by hydrochory, sampled in river (Kehr et al. 2014); seeds dispersed attached to cattle and donkey fur (Couvreur et al. 2004); seeds ingested by waterfowl in Europe (Almeida et al. 2022) and North America (Almeida et al. 2025). Dispersed in bird nesting material (Warren et al. 2017).",NA,NA,2022-06-03T00:00:00Z,45034,2022-06-19T00:00:00Z,4,1,3
2,Cirsium arvense,Asterales,Asteraceae,wind.special,NA,1.0974272234694322,1.1320443994946674,1.0974272234694322,NA,herb,1,"NZ Flora Online: alpine, bank, coast, dry, flat , forest, grassland, gravel, hill, loam, log, lowland, margin, moist, montane, open, pasture, roadside, sand, scree, shrubland, silt, slope, stone, terrace, track, tussockland, unstable/eroded, wasteland",NA,achene,dry,pappus; elaiosome,0.00134,wind,ant,wind,internal,water,ant,NA,NA,Pemberton & Irving 1990; Harrington et al. 2011; Soomers et al. 2013; Albert et al. 2015; Almeida et al. 2022,seeds fed to goats viable and germinated after defecation (Harrington et al 2011),"Wind dispersed, moderate floating potential (Soomers et al. 2013); Wind; Diaspore is blown by wind; Method not stated; (Rutledge & McLendon, sine anno); Humans.; Also dispersed by animals. Diaspore=seed. The seed has a pappus. Dispersed by humans as a contaminant of crop seed, manure, straw, and in irrigation water (cited in Kew SID). seeds dispersed internally (sometimes) by deer (Albert et al. 2015). Seed has an elaiosome (Pemberton & Irving 1990).  seeds ingested by waterfowl (Almeida et al. 2022).",NA,NA,2022-06-03T00:00:00Z,NA,2023-04-19T00:00:00Z,4,2,2
2,Cirsium arvense,Asterales,Asteraceae,animal,NA,2.270876214344299,2.153664578072406,2.270876214344299,NA,herb,1,"NZ Flora Online: alpine, bank, coast, dry, flat , forest, grassland, gravel, hill, loam, log, lowland, margin, moist, montane, open, pasture, roadside, sand, scree, shrubland, silt, slope, stone, terrace, track, tussockland, unstable/eroded, wasteland",NA,achene,dry,pappus; elaiosome,0.00134,wind,ant,wind,internal,water,ant,NA,NA,Pemberton & Irving 1990; Harrington et al. 2011; Soomers et al. 2013; Albert et al. 2015; Almeida et al. 2022,seeds fed to goats viable and germinated after defecation (Harrington et al 2011),"Wind dispersed, moderate floating potential (Soomers et al. 2013); Wind; Diaspore is blown by wind; Method not stated; (Rutledge & McLendon, sine anno); Humans.; Also dispersed by animals. Diaspore=seed. The seed has a pappus. Dispersed by humans as a contaminant of crop seed, manure, straw, and in irrigation water (cited in Kew SID). seeds dispersed internally (sometimes) by deer (Albert et al. 2015). Seed has an elaiosome (Pemberton & Irving 1990).  seeds ingested by waterfowl (Almeida et al. 2022).",NA,NA,2022-06-03T00:00:00Z,NA,2023-04-19T00:00:00Z,4,2,2
2,Cirsium arvense,Asterales,Asteraceae,ant,NA,1.1769568948653795,1.4404921099067534,1.1769568948653795,NA,herb,1,"NZ Flora Online: alpine, bank, coast, dry, flat , forest, grassland, gravel, hill, loam, log, lowland, margin, moist, montane, open, pasture, roadside, sand, scree, shrubland, silt, slope, stone, terrace, track, tussockland, unstable/eroded, wasteland",NA,achene,dry,pappus; elaiosome,0.00134,wind,ant,wind,internal,water,ant,NA,NA,Pemberton & Irving 1990; Harrington et al. 2011; Soomers et al. 2013; Albert et al. 2015; Almeida et al. 2022,seeds fed to goats viable and germinated after defecation (Harrington et al 2011),"Wind dispersed, moderate floating potential (Soomers et al. 2013); Wind; Diaspore is blown by wind; Method not stated; (Rutledge & McLendon, sine anno); Humans.; Also dispersed by animals. Diaspore=seed. The seed has a pappus. Dispersed by humans as a contaminant of crop seed, manure, straw, and in irrigation water (cited in Kew SID). seeds dispersed internally (sometimes) by deer (Albert et al. 2015). Seed has an elaiosome (Pemberton & Irving 1990).  seeds ingested by waterfowl (Almeida et al. 2022).",NA,NA,2022-06-03T00:00:00Z,NA,2023-04-19T00:00:00Z,4,2,2
2,Cirsium vulgare,Asterales,Asteraceae,wind.special,NA,1.09205821075117,1.13306260758074,1.09205821075117,NA,herb,1.5,"NZ Flora Online:  alpine, bank, clay, coast, dry, flat , grassland, gravel, gully, hill, log, moist, montane, open, pasture, riparian, roadside, rock outcrop, sand, sheltered, shrubland, silt, slope, stone, terrace, track, tussockland, wasteland; NZPCN: Wasteland, roadsides, pastures, gardens, cultivated land, disturbed forest (Webb et al., 1988). Track edges, slips, barer ridges, under light gaps in the forest (West, 1996).",riparian,achene,dry,pappus; elaiosome,0.0029100000000000003,wind,ant,wind,internal,attachment,ant,NA,NA,Matlack 1987; Pemberton & Irving 1990; Marchant & Higgins 1990a; Burrows 1995; McIntyre et al. 1995; West 1996; Couvreur et al. 2004; Harrington et al. 2011; Morris et al. 2011; Almeida et al. 2022,wind dispersed (Burrows 1995); seeds fed to goats viable and germinated after defecation (Harrington et al. 2011),wind dispersed (Matlack 1987; McIntyre et al. 1995); seeds dispersed attached to cattle fur (Couvreur et al. 2004); seed has an elaiosome (Pemberton & Irving 1990). Seeds caught in seed trap (Morris et al. 2011).  seeds ingested by waterfowl (Almeida et al. 2022). seeds ingested by grey duck in NSW Australia (Marchant & Higgins 1990a).,NA,NA,2022-06-03T00:00:00Z,NA,2023-04-19T00:00:00Z,4,2,2
2,Cirsium vulgare,Asterales,Asteraceae,animal,NA,2.2655072016260367,2.1546827861584785,2.2655072016260367,NA,herb,1.5,"NZ Flora Online:  alpine, bank, clay, coast, dry, flat , grassland, gravel, gully, hill, log, moist, montane, open, pasture, riparian, roadside, rock outcrop, sand, sheltered, shrubland, silt, slope, stone, terrace, track, tussockland, wasteland; NZPCN: Wasteland, roadsides, pastures, gardens, cultivated land, disturbed forest (Webb et al., 1988). Track edges, slips, barer ridges, under light gaps in the forest (West, 1996).",riparian,achene,dry,pappus; elaiosome,0.0029100000000000003,wind,ant,wind,internal,attachment,ant,NA,NA,Matlack 1987; Pemberton & Irving 1990; Marchant & Higgins 1990a; Burrows 1995; McIntyre et al. 1995; West 1996; Couvreur et al. 2004; Harrington et al. 2011; Morris et al. 2011; Almeida et al. 2022,wind dispersed (Burrows 1995); seeds fed to goats viable and germinated after defecation (Harrington et al. 2011),wind dispersed (Matlack 1987; McIntyre et al. 1995); seeds dispersed attached to cattle fur (Couvreur et al. 2004); seed has an elaiosome (Pemberton & Irving 1990). Seeds caught in seed trap (Morris et al. 2011).  seeds ingested by waterfowl (Almeida et al. 2022). seeds ingested by grey duck in NSW Australia (Marchant & Higgins 1990a).,NA,NA,2022-06-03T00:00:00Z,NA,2023-04-19T00:00:00Z,4,2,2
2,Cirsium vulgare,Asterales,Asteraceae,ant,NA,1.1715878821471173,1.441510317992826,1.1715878821471173,NA,herb,1.5,"NZ Flora Online:  alpine, bank, clay, coast, dry, flat , grassland, gravel, gully, hill, log, moist, montane, open, pasture, riparian, roadside, rock outcrop, sand, sheltered, shrubland, silt, slope, stone, terrace, track, tussockland, wasteland; NZPCN: Wasteland, roadsides, pastures, gardens, cultivated land, disturbed forest (Webb et al., 1988). Track edges, slips, barer ridges, under light gaps in the forest (West, 1996).",riparian,achene,dry,pappus; elaiosome,0.0029100000000000003,wind,ant,wind,internal,attachment,ant,NA,NA,Matlack 1987; Pemberton & Irving 1990; Marchant & Higgins 1990a; Burrows 1995; McIntyre et al. 1995; West 1996; Couvreur et al. 2004; Harrington et al. 2011; Morris et al. 2011; Almeida et al. 2022,wind dispersed (Burrows 1995); seeds fed to goats viable and germinated after defecation (Harrington et al. 2011),wind dispersed (Matlack 1987; McIntyre et al. 1995); seeds dispersed attached to cattle fur (Couvreur et al. 2004); seed has an elaiosome (Pemberton & Irving 1990). Seeds caught in seed trap (Morris et al. 2011).  seeds ingested by waterfowl (Almeida et al. 2022). seeds ingested by grey duck in NSW Australia (Marchant & Higgins 1990a).,NA,NA,2022-06-03T00:00:00Z,NA,2023-04-19T00:00:00Z,4,2,2
2,Erigeron karvinskianus,Asterales,Asteraceae,wind.special,NA,1.2589633648257468,1.3335331597737974,1.2589633648257468,NA,herb,0.4,"NZ Flora Online: bank, clay, cliff, coast, dry, gap, gorge, gravel, hill, lowland, margin, moist, open, pasture, ridge, riparian, roadside, rock outcrop, sand, scrubland, shaded, sheltered, slope, stone, terrace, track, wasteland; NZPCN: Intact and disturbed bush, shrubland, tussockland, fernland, herbfield, bare land, streamsides, cliffs and bluffs, inshore and offshore islands, gumlands, consolidated sand dunes, most coastal areas, riverbeds, epiphyte niches.",riparian,achene,dry,pappus,5.24e-5,wind,NA,wind,water,NA,NA,NA,NA,NZPCN,"Spreads mainly by windblown seeds. Other dispersal methods include roadside mowers, machinery, gravel and water actions. (NZPCN)",NA,NA,NA,2022-06-07T00:00:00Z,45029,2023-04-13T00:00:00Z,2,1,1
2,Eupatorium cannabinum,Asterales,Asteraceae,wind.special,NA,1.3560065103011723,1.4968462653411037,1.3560065103011723,NA,herb,1.8,"NZ Flora Online: bank, clay, coast, dry, forest edge, gap, gully, hill, lowland, margin, moist, open, pasture, peat, roadside, sand, sheltered, shrubland, silt, slope, stone, terrace, tussockland, wasteland, wetland; NZPCN: Wetlands and riparian margins of water bodies, particularly areas that are rich in Nitrogen.",riparian,achene,dry,pappus,2.9e-4,wind,NA,wind,internal,water,attachment,NA,NA,Matlack 1987; Couvreur et al. 2004; Albert et al. 2015; Almeida et al. 2022; NZPCN,"Produces thousands of tiny wind dispersed seeds. Also has the potential to spread by water and contaminated machinery, deliberate planting (NZPCN Factsheet prepared by Paul Champion and Deborah Hofstra (NIWA)).","Wind; Diaspore is blown by wind; Method not stated; Diaspore=achene+pappus (Matlack 1987). Seeds are dispersed internally by deer (sometimes; Albert et al. 2015). Seeds dispersed attached to cattle and donkey fur, wind-dispersed plumed seed (Couvreur et al. 2004).  seeds ingested by waterfowl (Almeida et al. 2022).",NA,NA,2022-06-07T00:00:00Z,45029,2022-06-21T00:00:00Z,4,1,3
2,Eupatorium cannabinum,Asterales,Asteraceae,animal,NA,2.529455501176039,2.518466443918842,2.529455501176039,NA,herb,1.8,"NZ Flora Online: bank, clay, coast, dry, forest edge, gap, gully, hill, lowland, margin, moist, open, pasture, peat, roadside, sand, sheltered, shrubland, silt, slope, stone, terrace, tussockland, wasteland, wetland; NZPCN: Wetlands and riparian margins of water bodies, particularly areas that are rich in Nitrogen.",riparian,achene,dry,pappus,2.9e-4,wind,NA,wind,internal,water,attachment,NA,NA,Matlack 1987; Couvreur et al. 2004; Albert et al. 2015; Almeida et al. 2022; NZPCN,"Produces thousands of tiny wind dispersed seeds. Also has the potential to spread by water and contaminated machinery, deliberate planting (NZPCN Factsheet prepared by Paul Champion and Deborah Hofstra (NIWA)).","Wind; Diaspore is blown by wind; Method not stated; Diaspore=achene+pappus (Matlack 1987). Seeds are dispersed internally by deer (sometimes; Albert et al. 2015). Seeds dispersed attached to cattle and donkey fur, wind-dispersed plumed seed (Couvreur et al. 2004).  seeds ingested by waterfowl (Almeida et al. 2022).",NA,NA,2022-06-07T00:00:00Z,45029,2022-06-21T00:00:00Z,4,1,3
2,Jacobaea vulgaris,Asterales,Asteraceae,wind.special,NA,1.315952850702529,1.4338702844058628,1.315952850702529,NA,herb,1.2,"NZ Flora Online: bank, coast, dry, forest, forest edge, gap, grassland, gravel, hill, log, lowland, margin, moist, open, pasture, peat, ridge, riparian, river terrace, riverbed, roadside, sand, shaded, slope, stone, terrace, track, wasteland; NZPCN: Especially abundant in areas of higher rainfall (Webb et al.,1988). Plant of open ground and light gaps: wherever there is sufficient bare ground for seeds to germinate and establish. Found mostly in open forests, riverbeds, swamps and pastures. Grows on coastal slopes and along tracks (West, 1996).",riparian,achene,dry,"pappus, none, trichomes",2.0999999999999998e-4,wind,unspecialised,wind,wind.none,water,attachment,NA,"Most seeds dispersed downwind of the prevailing north-easterly and within a few metres, with rare distances of up to 36.6m",Wardle 1987; West 1996; NZPCN,"Seed dispersal of seeds from disc florest by wind but those from ray florest unspecialised, dispersal by attachment but not internally (Wardle 1987); Dispersal of seed via water, animals, vehicles, clothing, hay, chaff (NZPCN). Numerous small seeds are dispersed widely by the wind (West,1996).",NA,NA,NA,2022-06-08T00:00:00Z,45043,2022-06-21T00:00:00Z,4,2,2
2,Jacobaea vulgaris,Asterales,Asteraceae,animal,NA,2.4894018415773957,2.4554904629836014,2.4894018415773957,NA,herb,1.2,"NZ Flora Online: bank, coast, dry, forest, forest edge, gap, grassland, gravel, hill, log, lowland, margin, moist, open, pasture, peat, ridge, riparian, river terrace, riverbed, roadside, sand, shaded, slope, stone, terrace, track, wasteland; NZPCN: Especially abundant in areas of higher rainfall (Webb et al.,1988). Plant of open ground and light gaps: wherever there is sufficient bare ground for seeds to germinate and establish. Found mostly in open forests, riverbeds, swamps and pastures. Grows on coastal slopes and along tracks (West, 1996).",riparian,achene,dry,"pappus, none, trichomes",2.0999999999999998e-4,wind,unspecialised,wind,wind.none,water,attachment,NA,"Most seeds dispersed downwind of the prevailing north-easterly and within a few metres, with rare distances of up to 36.6m",Wardle 1987; West 1996; NZPCN,"Seed dispersal of seeds from disc florest by wind but those from ray florest unspecialised, dispersal by attachment but not internally (Wardle 1987); Dispersal of seed via water, animals, vehicles, clothing, hay, chaff (NZPCN). Numerous small seeds are dispersed widely by the wind (West,1996).",NA,NA,NA,2022-06-08T00:00:00Z,45043,2022-06-21T00:00:00Z,4,2,2
2,Leucanthemum vulgare,Asterales,Asteraceae,animal,NA,2.3872819073226874,2.3124451410825824,2.3872819073226874,NA,herb,1,NA,NA,achene,dry,none,4.1999999999999996e-4,unspecialised,NA,internal,attachment,NA,NA,NA,few seeds dispersed more than 0.6m (Clements et al. 2004 & references therein),McIntyre et al. 1995; Clements et al. 2004; Rosenthal 2006; Albert et al. 2015; Green 2016; McDougall et al. 2018,NA,"No dispersal adaptations (Rosenthal 2006); seeds are dispersed by deer internally (sometimes; Albert et al. 2015). Viable seeds germinated from gull faeces (Green 2016); seeds viable after passage through farm animals including cattle and horses, seeds attached to sheeps fleece on rare occasions (Clements et al. 2004); seeds attached to animal (kangaroo & fox) fur in experiment (McDougall et al. 2018); undefined seed dispersal morphology (McIntyre et al. 1995)",NA,NA,2022-06-15T00:00:00Z,NA,2022-06-21T00:00:00Z,2,1,1
2,Osteospermum moniliferum,Asterales,Asteraceae,animal,NA,2.879046366356382,2.514069443320336,2.879046366356382,NA,shrub,2,"NZ Flora Online: bank, clay, cliff, coast, dry, forest, gravel, hill, lava, lowland, margin, open, pasture, ridge, roadside, rock outcrop, sand, scrubland, shrubland, silt, slope, stone, terrace, wasteland. NZPCN: mainly coastal areas, coastal cliffs, inshore islands, dry shrublands, shrubland margins, consolidated sand dunes, gumlands, roadsides, quarries, wastelands, exotic plantations",NA,drupe,fleshy,fleshy,0.0312,internal,NA,internal,NA,NA,NA,NA,NA,Esler 1988; Webb et al. 1988; Fromont & King 1992,The fleshy fruit is dispersed by birds (Webb et al. 1988); Fruit is eaten by possums (Fromont & King 1992).,bird dispersed (Cronk & Fuller 1995),NA,NA,2022-06-15T00:00:00Z,45097,2023-06-20T00:00:00Z,1,1,0
2,Pilosella officinarum,Asterales,Asteraceae,wind.special,NA,0.8847248054700128,0.7945410612663271,0.8847248054700128,NA,herb,0.1,"NZ Flora Online: alpine, bank, clay, cliff, coast, dry, flat , forest, grassland, gravel, gully, hill, loam, margin, moist, montane, open, pasture, ridge, riparian, river terrace, riverbed, roadside, rock outcrop, sand, scree, shaded, sheltered, shrubland, silt, slope, stone, terrace, track, tussockland, wasteland; NZPCN: A plant of lowland, montane and subalpine habitats. Grows in sites with low to moderate fertility but appears to prefer moderate fertility. Shrubland, tussockland, cliff, bluff, riverbed and herbfield communities.",riparian,achene,dry,pappus,1.85e-4,wind,NA,wind,NA,NA,NA,NA,NA,Esler 1988; Timmins & Mackenzie 1995; Atkinson 1997; SID,Wind dispersed (Esler 1988); Seed is dispersed by gravity and wind (NZPCN),"Wind; Diaspore is blown by wind; Method not stated; Also dispersed via vegetative spread. Diaspore=achene. The seed has a pappus. (Groves 1996, cited in Kew Seed Information Database).",NA,NA,2022-06-08T00:00:00Z,45056,2022-06-22T00:00:00Z,1,1,0
2,Pilosella piloselloides,Asterales,Asteraceae,wind.special,NA,1.139988558564491,1.173671422113661,1.139988558564491,NA,herb,0.45,"NZ Flora Online: alpine, bank, clay, cliff, dry, flat , forest, forest edge, grassland, gravel, hill, lake margin, loam, margin, moist, montane, open, pasture, roadside, rock outcrop, scree, sheltered, shrubland, silt, slope, terrace, track, tussockland, wasteland. NZPCN: A plant of lowland, montane and subalpine habitats, grows in low fertility sites in shrubland, tussockland and riverbeds.",riparian,achene,dry,pappus,2.115385e-4,wind,NA,wind,NA,NA,NA,NA,NA,Timmins & McKenzie 1995,NA,NA,NA,NA,2022-06-08T00:00:00Z,45056,2022-06-22T00:00:00Z,1,1,0
2,Senecio glastifolius,Asterales,Asteraceae,wind.special,NA,1.2001011482500266,1.272094453456839,1.2001011482500266,NA,herb,1,"NZ Flora Online: bank, clay, cliff, coast, dry, gravel, gully, hill, lowland, margin, open, pasture, riverbed, roadside, rock outcrop, sand, shaded, sheltered, shrubland, silt, slope, stone, terrace, track, wasteland; rocky banks with only interstitial soil, coarse river gravel, coastal scree, sandy substrate, sand dune swales and swamp margins (Williams et al. 1999).",riparian,achene,dry,pappus,4.816e-4,wind,NA,wind,NA,NA,NA,NA,NA,NA,NA,"S. congestus: Wind; Diaspore is blown by wind; Direct or experimental observation; (van der Pijl, 1982, cited in Kew SID); Senecio squalidus wind dispersed, Method not stated (Matlack 1987, cited in Kew SID); S. albonervus and S. angulifolius: Diaspore is blown by wind; Direct or experimental observation; Diaspore is plumed (Vazquez & Givnish, 1998, cited in Kew SID); S. jacobaea: viable seeds dispersed attached to cattle, donkey and horse (Couvreur et al. 2004)",dispersal based on morphology,NA,2022-06-09T00:00:00Z,NA,2022-06-27T00:00:00Z,1,1,0
2,Silybum marianum,Asterales,Asteraceae,wind.special,NA,0.9309250089058154,0.9191910162461026,0.9309250089058154,NA,herb,2,NA,NA,achene,dry,"pappus, elaiosome",0.0242,wind,ant,wind,ant,attachment,internal,water,NA,Pemberton & Irving 1990; Harrington et al. 2011; Almeida et al. 2022; SID; NZPCN,"Most wind dispersal is probably within 10m of the plant. Seed can be spread in hay, by water, in mud, agricultural produce and grain, on machinery or animals (NZPCN). Seeds fed to goats viable and germinated after defecation (Harrington et al. 2011).","Wind; Diaspore is blown by wind; Method not stated; Mammals (non-bat).; Also dispersed by animals. Diaspore=achene; the seed has a pappus; achenes attach to fur of animals (Groves, 1996, cited in Kew SID). Seed has an elaiosome (Pemberton & Irving 1990). seeds ingested by waterfowl (Almeida et al. 2022).",NA,NA,2022-06-09T00:00:00Z,45062,2022-06-27T00:00:00Z,5,2,3
2,Silybum marianum,Asterales,Asteraceae,ant,NA,1.0104546803017627,1.2276387266581885,1.0104546803017627,NA,herb,2,NA,NA,achene,dry,"pappus, elaiosome",0.0242,wind,ant,wind,ant,attachment,internal,water,NA,Pemberton & Irving 1990; Harrington et al. 2011; Almeida et al. 2022; SID; NZPCN,"Most wind dispersal is probably within 10m of the plant. Seed can be spread in hay, by water, in mud, agricultural produce and grain, on machinery or animals (NZPCN). Seeds fed to goats viable and germinated after defecation (Harrington et al. 2011).","Wind; Diaspore is blown by wind; Method not stated; Mammals (non-bat).; Also dispersed by animals. Diaspore=achene; the seed has a pappus; achenes attach to fur of animals (Groves, 1996, cited in Kew SID). Seed has an elaiosome (Pemberton & Irving 1990). seeds ingested by waterfowl (Almeida et al. 2022).",NA,NA,2022-06-09T00:00:00Z,45062,2022-06-27T00:00:00Z,5,2,3
2,Silybum marianum,Asterales,Asteraceae,animal,NA,2.104373999780682,1.9408111948238411,2.104373999780682,NA,herb,2,NA,NA,achene,dry,"pappus, elaiosome",0.0242,wind,ant,wind,ant,attachment,internal,water,NA,Pemberton & Irving 1990; Harrington et al. 2011; Almeida et al. 2022; SID; NZPCN,"Most wind dispersal is probably within 10m of the plant. Seed can be spread in hay, by water, in mud, agricultural produce and grain, on machinery or animals (NZPCN). Seeds fed to goats viable and germinated after defecation (Harrington et al. 2011).","Wind; Diaspore is blown by wind; Method not stated; Mammals (non-bat).; Also dispersed by animals. Diaspore=achene; the seed has a pappus; achenes attach to fur of animals (Groves, 1996, cited in Kew SID). Seed has an elaiosome (Pemberton & Irving 1990). seeds ingested by waterfowl (Almeida et al. 2022).",NA,NA,2022-06-09T00:00:00Z,45062,2022-06-27T00:00:00Z,5,2,3
2,Tussilago farfara,Asterales,Asteraceae,wind.special,NA,1.0324948335973156,1.0187053393657306,1.0324948335973156,NA,herb,0.3,"NZ Flora Online:  gravel, moist, roadside, sand, stone",NA,achene,dry,pappus,3e-4,wind,NA,wind,NA,NA,NA,NA,NA,SID,NA,"Diaspore is blown by wind  (Ridley 1930 and Bouman et al. 2000, cited in Kew Seed Information Database) and seed is plumed (Ridley 1930, cited in Kew SID)",NA,NA,2022-06-09T00:00:00Z,NA,2022-06-27T00:00:00Z,1,1,0
2,Impatiens glandulifera,Ericales,Balsaminaceae,ballistic,0.47475572789215537,0.45305847158071877,0.6948487103311032,0.47475572789215537,NA,herb,2.5,"NZPCN: Margins of water bodies, especially gullies, wet roadsides and forest margins.",riparian,capsule,dry,explosively dehiscent capsule,0.00983,ballistic,NA,ballistic,water,NA,NA,NA,NA,Webb et al. 1988; NZPCN,"capsule opening explosively (Webb et al. 1988); Seed dispersed by water and contaminated machinery, garden discards (NZPCN factsheet prepared by Paul Champion and Deborah Hofstra (NIWA)).",NA,NA,NA,2022-06-08T00:00:00Z,45043,2022-06-21T00:00:00Z,2,1,1
2,Berberis darwinii,Ranunculales,Berberidaceae,animal,NA,3.273738013944066,2.8760179317852925,3.273738013944066,NA,shrub,4,"NZ Flora Online: bank, clay, cliff, coast, dry, forest, forest edge, gully, hill, lake margin, loam, lowland, margin, open, pasture, ridge, roadside, rock outcrop, sand, scrubland, shaded, sheltered, slope, stone, terrace, track, unstable/eroded. NZPCN: low forest, scrub, forest margins and shrublands. Plant found in remnant forest stands, scrub, along forest and plantation margins, roadsides in Chile (Webb, Sykes and Garnock-Jones 1988). Plant found in forest margins, second-growth bush, scrub, plantations and roadsides.",NA,berry,fleshy,fleshy,0.00845,internal,NA,internal,NA,NA,NA,NA,NA,Timmins & Mackenzie 1995; Burrows 1995; Higgins et al. 2006,bird dispersed (Burrows 1995). Silvereyes feed on fruit (Higgins et al. 2006).,"England: fruits much sought after by birds in summer, especially in dry weather & largely by juvenile blackbirds (Snow & Snow 1988).",NA,NA,2023-06-16T00:00:00Z,45093,2023-06-16T00:00:00Z,1,1,0
2,Berberis glaucocarpa,Ranunculales,Berberidaceae,animal,NA,3.2123530593027363,2.803800219214933,3.2123530593027363,NA,shrub,7,"NZ Flora Online: bank, clay, cliff, coast, dry, forest, forest edge, gorge, gully, hill, loam, lowland, margin, moist, open, pasture, ridge, riparian, roadside, rock outcrop, sand, shaded, sheltered, shrubland, silt, slope, stone, terrace, track, wasteland, wetland",riparian,berry,fleshy,fleshy,0.0422,internal,NA,internal,NA,NA,NA,NA,NA,Williams & Karl 1996; Wyman & Kelly 2017,Intact seeds found in possum droppings (Wyman & Kelly 2017),NA,NA,NA,2023-06-16T00:00:00Z,NA,NA,1,1,0
2,Alnus glutinosa,Fagales,Betulaceae,wind.special,2.4230699058120617,2.1729423483597694,2.4104447357123084,2.4230699058120617,NA,tree,15,"NZ Flora Online: coast, lake margin, lowland, margin, moist, open, pasture, sand, shaded, sheltered, silt, stone; NZPCN: riparian areas along rivers and lakes.",riparian,catkin,dry,"winged nut, retain viability in water for long periods",0.005,wind,NA,wind,water,attachment,internal,NA,NA,"Young & Young 1992, cited in SID; Couvreur et al. 2004; Rosenthal 2006; Albert et al. 2015; Almeida et al. 2022",NA,"Diaspore is blown by wind; Direct or experimental observation (Young, J.A. and Young, C.G. 1992. Seeds of Woody Plants in North America. Dioscorides Press, Oregon, Portland. Cited in Seed Information Database); Diaspore=nut. The diaspore has wings or wing-like features. Seeds have been known to remain viable after floating in freshwater for 12 months. Wind - winged seed; water - unwettable, floating tissue, specific weight <1 (Rosenthal 2006). Seeds dispersed by deer in fur and on hooves (Albert et al. 2015); seeds dispersed attached to cattle fur (Couvreur et al. 2004).  seeds ingested by waterfowl (Almeida et al. 2022).",NA,NA,2022-06-02T00:00:00Z,45033,2022-06-19T00:00:00Z,4,1,3
2,Alnus glutinosa,Fagales,Betulaceae,animal,3.5965188966869284,3.346391339234636,3.4320649142900472,3.5965188966869284,NA,tree,15,"NZ Flora Online: coast, lake margin, lowland, margin, moist, open, pasture, sand, shaded, sheltered, silt, stone; NZPCN: riparian areas along rivers and lakes.",riparian,catkin,dry,"winged nut, retain viability in water for long periods",0.005,wind,NA,wind,water,attachment,internal,NA,NA,"Young & Young 1992, cited in SID; Couvreur et al. 2004; Rosenthal 2006; Albert et al. 2015; Almeida et al. 2022",NA,"Diaspore is blown by wind; Direct or experimental observation (Young, J.A. and Young, C.G. 1992. Seeds of Woody Plants in North America. Dioscorides Press, Oregon, Portland. Cited in Seed Information Database); Diaspore=nut. The diaspore has wings or wing-like features. Seeds have been known to remain viable after floating in freshwater for 12 months. Wind - winged seed; water - unwettable, floating tissue, specific weight <1 (Rosenthal 2006). Seeds dispersed by deer in fur and on hooves (Albert et al. 2015); seeds dispersed attached to cattle fur (Couvreur et al. 2004).  seeds ingested by waterfowl (Almeida et al. 2022).",NA,NA,2022-06-02T00:00:00Z,45033,2022-06-19T00:00:00Z,4,1,3
2,Betula pendula,Fagales,Betulaceae,wind.special,2.7270690945566067,2.4769415371043144,2.8356172655130023,2.7270690945566067,NA,tree,25,"NZ Flora Online:  dry, gravel, lowland, margin, montane, open, sand, stone, terrace, wasteland; NZPCN: wetland",NA,catkin,dry,winged seed,6e-4,wind,NA,wind,attachment,internal,NA,NA,NA,Webb et al. 1988; Mouissie et al. 2005; Albert et al. 2015; Almeida et al. 2022,"light, wind-dispersed fruits with bracts (Webb et al. 1988); light nutlet with large wing","Wind; Diaspore is blown by wind; Method not stated; (Young & Young, 1992, cited in Kew SID); Diaspore=nut. The diaspore has wings or wing-like features. Combination: wind+animal; Method not stated; (Bouman et al., 2000, cited in Kew SID); seeds dispersed by deer internally (sometimes) and in fur and hooves (always; Albert et al. 2015); seeds occasionally attached to fleece on experimental sheep dummy but not cattle dummy (Mouissie et al. 2005).  seeds ingested by waterfowl (Almeida et al. 2022).",NA,NA,2022-06-03T00:00:00Z,45034,2022-06-19T00:00:00Z,3,1,2
2,Betula pendula,Fagales,Betulaceae,animal,3.9005180854314734,3.650390527979181,3.857237444090741,3.9005180854314734,NA,tree,25,"NZ Flora Online:  dry, gravel, lowland, margin, montane, open, sand, stone, terrace, wasteland; NZPCN: wetland",NA,catkin,dry,winged seed,6e-4,wind,NA,wind,attachment,internal,NA,NA,NA,Webb et al. 1988; Mouissie et al. 2005; Albert et al. 2015; Almeida et al. 2022,"light, wind-dispersed fruits with bracts (Webb et al. 1988); light nutlet with large wing","Wind; Diaspore is blown by wind; Method not stated; (Young & Young, 1992, cited in Kew SID); Diaspore=nut. The diaspore has wings or wing-like features. Combination: wind+animal; Method not stated; (Bouman et al., 2000, cited in Kew SID); seeds dispersed by deer internally (sometimes) and in fur and hooves (always; Albert et al. 2015); seeds occasionally attached to fleece on experimental sheep dummy but not cattle dummy (Mouissie et al. 2005).  seeds ingested by waterfowl (Almeida et al. 2022).",NA,NA,2022-06-03T00:00:00Z,45034,2022-06-19T00:00:00Z,3,1,2
2,Echium vulgare,Boraginales,Boraginaceae,wind.special,NA,NA,0.9898546979726844,0.9898546979726844,NA,herb,0.9,"NZ Flora Online: bank, dry, grassland, gravel, loam, lowland, margin, montane, open, pasture, roadside, shrubland, silt, slope, stone, terrace, track, tussockland, unstable/eroded, wasteland; NZPCN: Short tussock grassland, herbfield, bare land, riverbeds, usually in dry, low fertility inland areas.",riparian,nutlet,dry,none,0.00309,unspecialised,NA,wind.none,water,NA,NA,NA,NA,"Ridley 1930, cited in SID; NZPCN","NZPCN: Produces many, long-lived seeds that are dispersed by wind, water, river gravel. Echium plantagineum and E. candicans have no structures directly aiding active seed dispersal and medium-sized seeds (1-10 mg) (Esler 1988).","Wind; Diaspore is rolled along ground surface by wind; Direct or experimental observation; (Ridley, 1930); Diaspore=whole plant. The entire plant breaks off at ground level.",dispersal based on morphology,NA,2022-06-07T00:00:00Z,45040,2022-06-21T00:00:00Z,2,1,1
2,Opuntia monacantha,Caryophyllales,Cactaceae,animal,NA,2.7135456659902717,2.926149300407159,2.7135456659902717,NA,tree,5,NZPCN: Sandy beaches and coastal places,NA,berry,fleshy,"fleshy, aril",0.02416,internal,ant,internal,ant,NA,NA,NA,NA,Humphries et al. 2022,NA,"Opuntia spp. dispersed by a range of animals and ants, presence of arils attracts ants that bury seeds (Humphries et al. 2022). Opuntia ficus-indica dispersed by mammals (baboon) & O. stricta mammal & water dispersed (Cronk & Fuller).",NA,NA,2022-06-08T00:00:00Z,44732,2022-06-20T00:00:00Z,2,2,0
2,Opuntia monacantha,Caryophyllales,Cactaceae,ant,NA,1.6196263465113527,2.212976832241506,1.6196263465113527,NA,tree,5,NZPCN: Sandy beaches and coastal places,NA,berry,fleshy,"fleshy, aril",0.02416,internal,ant,internal,ant,NA,NA,NA,NA,Humphries et al. 2022,NA,"Opuntia spp. dispersed by a range of animals and ants, presence of arils attracts ants that bury seeds (Humphries et al. 2022). Opuntia ficus-indica dispersed by mammals (baboon) & O. stricta mammal & water dispersed (Cronk & Fuller).",NA,NA,2022-06-08T00:00:00Z,44732,2022-06-20T00:00:00Z,2,2,0
2,Centranthus ruber,Dipsacales,Caprifoliaceae,wind.special,0.6720672552091668,0.8808370980497326,1.03498571944522,0.6720672552091668,NA,herb,0.8,NA,NA,NA,dry,plumed seed,0.00177,wind,NA,wind,NA,NA,NA,NA,NA,"Burrows 1986, cited in SID",NA,Wind dispersed - Assumption based upon diaspore morphology,NA,NA,2022-06-03T00:00:00Z,NA,2022-06-20T00:00:00Z,1,1,0
2,Leycesteria formosa,Dipsacales,Caprifoliaceae,animal,2.9874717931870403,3.1962416360276062,3.149699468516351,2.9874717931870403,NA,shrub,2,"NZ Flora Online: bank, clay, cliff, dry, forest, forest edge, gap, gully, hill, lowland, margin, moist, open, pasture, riparian, roadside, rock outcrop, sand, scrubland, sheltered, shrubland, silt, slope, stone, track, unstable/eroded, wasteland. NZPCN: A plant of coastal and lowland habitats (Timmins & MacKenzie 1995). The plant occurs in streams and favours damper habitats (Veitch 1995; Department of Conservation 1996). A plant of streams, shrublands, light gaps in forests (such as windfall gaps), roadsides, exotic plantations, farm hedges and wasteland habitats (Veitch 1995; Department of Conservation 1996). A plant of scrub and forest margin, shrubland and riverbed communities (Timmins & MacKenzie 1995).",riparian,berry,fleshy,fleshy,3e-4,internal,NA,internal,NA,NA,NA,NA,NA,Webb et al. 1988; Williams & Karl 1996; Atkinson 1997; Spurr et al. 2011,bird-dispersed (Atkinson 1997); bellbirds eat fruits (Spurr et al. 2011),NA,NA,NA,2022-06-08T00:00:00Z,45096,2023-06-19T00:00:00Z,1,1,0
2,Sagina procumbens,Caryophyllales,Caryophyllaceae,animal,2.0129120830679663,1.9430603717302768,2.1206225900651416,2.0129120830679663,NA,herb,0.1,NZPCN: damp sites,NA,capsule,dry,hard seed coat,2e-5,unspecialised,NA,internal,wind.none,NA,NA,NA,NA,"Welch 1985; Albert et al. 2015; Almeida et al. 2022, 2025",NA,"short distance wind dispersal; endochorous, hard seed coat, without pulp (Rosenthal 2006); seeds dispersal internally by deer (Albert et al. 2015). Seeds germinated from cattle, red deer, sheep, hare, rabbit and red grouse dung (Welch 1985). seeds ingested by waterfowl in Europe (Almeida et al. 2022) and North America (Almeida et al. 2025).",dispersal based on morphology,NA,2022-06-09T00:00:00Z,45058,2022-06-23T00:00:00Z,2,1,1
2,Sagina procumbens,Caryophyllales,Caryophyllaceae,wind.special,0.8394630921930994,0.7696113808554099,1.0990024114874033,0.8394630921930994,NA,herb,0.1,NZPCN: damp sites,NA,capsule,dry,hard seed coat,2e-5,unspecialised,NA,internal,wind.none,NA,NA,NA,NA,"Welch 1985; Albert et al. 2015; Almeida et al. 2022, 2025",NA,"short distance wind dispersal; endochorous, hard seed coat, without pulp (Rosenthal 2006); seeds dispersal internally by deer (Albert et al. 2015). Seeds germinated from cattle, red deer, sheep, hare, rabbit and red grouse dung (Welch 1985). seeds ingested by waterfowl in Europe (Almeida et al. 2022) and North America (Almeida et al. 2025).",dispersal based on morphology,NA,2022-06-09T00:00:00Z,45058,2022-06-23T00:00:00Z,2,1,1
2,Casuarina glauca,Fagales,Casuarinaceae,wind.special,NA,2.224196045158053,2.4803561861384935,2.224196045158053,NA,tree,15,NA,NA,cone,dry,winged seed,0.003,wind,NA,wind,NA,NA,NA,NA,NA,NA,NA,Casuarina equisetifolia: wind likely seed dispersaL vector (Shiels 2011),dispersal based on morphology,NA,2022-06-03T00:00:00Z,NA,2022-06-20T00:00:00Z,1,1,0
2,Celastrus orbiculatus,Celastrales,Celastraceae,animal,NA,NA,3.2718152514792473,3.2718152514792473,vine,tree,12,"NZ Flora Online: bank, clay, dry, forest, gap, gravel, hill, loam, lowland, margin, open, ridge, riparian, roadside, rock outcrop, sand, shaded, sheltered, shrubland, slope, stone, terrace, wasteland. NZPCN: climbs on rocks and trees and sometimes covers the ground and vegetation (Hutchison 2000)",riparian,aril,fleshy,fleshy,0.01048,internal,NA,internal,NA,NA,NA,NA,NA,Williams & Timmins 2003,seed is spread by birds (NZPCN),seeds dispersed by birds in North America.,NA,NA,2023-06-16T00:00:00Z,45093,2023-06-16T00:00:00Z,1,1,0
2,Euonymus europaeus,Celastrales,Celastraceae,animal,NA,NA,2.7740315663970385,2.7740315663970385,shrub-tree,shrub,6,"NZ Flora Online: bank, clay, coast, dry, forest, forest edge, gap, hill, lake margin, lowland, margin, moist, open, pasture, riparian, roadside, sand, shaded, sheltered, shrubland, silt, slope, stone, terrace, wasteland, wetland",riparian,aril,fleshy,fleshy,0.038950000000000005,internal,NA,internal,NA,NA,NA,NA,NA,Webb et al. 1988; Burrows 1995; Williams & Karl 1996; Higgins et al. 2006,"Fruits are bird-dispersed and, as a result, seedlings often appear spontaneously within gardens (Webb et al. 1988). Seeds dispersed by silvereyes (Williams & Karl 1996; Henderson unpubl. data). Bird dispersed (Burrows 1995). Fruits eaten by silvereyes (Higgins et al. 2006).",England: fruits are eaten by blackbird & occasionally song thrush; also eaten by other bird species (Snow & Snow 1988).,NA,NA,2022-06-07T00:00:00Z,NA,2023-06-16T00:00:00Z,1,1,0
2,Euonymus japonicus,Celastrales,Celastraceae,animal,NA,NA,2.852013678655353,2.852013678655353,shrub-tree,shrub,7,"NZ Flora Online: bank, clay, coast, dry, loam, lowland, open, roadside, sand, shaded, sheltered, shrubland, slope, stone, terrace, unstable/eroded",NA,aril,fleshy,fleshy,0.029670000000000002,internal,NA,internal,NA,NA,NA,NA,NA,Ando et al. 2022,Euonymus europaeus seeds dispersed by birds (Webb et al. 1988; Williams & Karl 1996),viable seeds in pigeon faeces in Japan (Ando et al. 2022),NA,NA,2022-06-07T00:00:00Z,NA,2023-06-16T00:00:00Z,1,1,0
2,Maytenus boaria,Celastrales,Celastraceae,animal,NA,NA,3.0437895191246263,3.0437895191246263,shrub-tree,shrub,10,"understorey of open native bush, among scrub and grasses (Heenan et al. 1999)",NA,capsule,fleshy,arillate seed,0.01455,internal,NA,internal,NA,NA,NA,NA,NA,NZPCN,bird dispersed (NZPCN),NA,NA,NA,2022-06-08T00:00:00Z,45096,2023-06-19T00:00:00Z,1,1,0
2,Cornus capitata,Cornales,Cornaceae,animal,NA,NA,2.916368801388308,2.916368801388308,NA,tree,6,"NZ Flora Online: margin, roadside",NA,drupe,fleshy,fleshy,0.036899999999999995,internal,NA,internal,NA,NA,NA,NA,NA,Webb et al. 1988; Higgins et al. 2006; Spurr et al. 2011,has probably become naturalised by spread of bird-dispersed fruits from garden plants (Webb et al. 1988); fruit eaten by bellbirds (Spurr et al. 2011). Fruits eaten by silvereyes (Higgins et al. 2006).,NA,NA,NA,2022-06-03T00:00:00Z,NA,2023-06-16T00:00:00Z,1,1,0
2,Cotyledon orbiculata,Saxifragales,Crassulaceae,wind.special,NA,NA,2.1323517616588514,2.1323517616588514,NA,shrub,0.5,"NZ Flora Online: bank, cliff, coast, dry, grassland, hill, open, pasture, roadside, rock outcrop, sand, scree, shrubland, slope, wasteland; NZPCN: dry coastal bluffs. Coastal slopes and beaches, often on steep banks, rocky outcrops, cliff faces and bare ledges, sometimes in low scrub and dry depleted grassland (Webb et al 1988).",NA,follicle,dry,dust seeds,2e-5,unspecialised,NA,wind.none,NA,NA,NA,NA,NA,SID,NA,"Wind; Diaspore is blown by wind; Method not stated; (van Rheede van Oudtshoorn & van Rooyen, 1999, cited in SID); Diaspore=seed. The seed is small or very small (dust seeds).",NA,NA,2022-06-03T00:00:00Z,45035,2022-06-20T00:00:00Z,1,1,0
2,Sedum acre,Saxifragales,Crassulaceae,animal,NA,NA,1.9979154572941846,1.9979154572941846,NA,herb,0.09,"NZ Flora online: bank, cliff, coast, dry, gravel, open, ridge, roadside, rock outcrop, slope, stone, track; A plant that grows on gravel, shingle, sand, rocks and most light porous substrates from sea level to nearly 1500m (Webb et. al. 1988). A plant of coastal cliffs, behind beaches, on walls and banks, roadsides, riverbeds, railway tracks and embankments and waste places in and around settlements (Webb et. al. 1988)",riparian,follicle,dry,dust seeds,4e-5,unspecialised,NA,internal,wind.none,NA,NA,NA,NA,Esler 1988; Rosenthal 2006; Eichberg et al. 2007; Albert et al. 2015; Almeida et al. 2022; SID,very small (dust) seed weighing <0.1 mg (Esler 1988),"Water; Wetting by rain or dew; Direct or experimental observation; (van der Pijl, 1982); Unassisted dispersal also occurs. Diaspore=seed. The structure that contains the diaspores opens when wet. Fruits open when wetted by rain, dispersal is then unassisted. Short distance wind dispersal (Rosenthal 2006). Seeds dispersed internally by deer (sometimes; Albert et al. 2015); viable seeds dispersed in sheep faeces (Eichberg et al. 2007). seeds ingested by waterfowl (Almeida et al. 2022).",NA,NA,2022-06-09T00:00:00Z,NA,2022-06-23T00:00:00Z,2,1,1
2,Sedum acre,Saxifragales,Crassulaceae,wind.special,NA,NA,0.9762952787164458,0.9762952787164458,NA,herb,0.09,"NZ Flora online: bank, cliff, coast, dry, gravel, open, ridge, roadside, rock outcrop, slope, stone, track; A plant that grows on gravel, shingle, sand, rocks and most light porous substrates from sea level to nearly 1500m (Webb et. al. 1988). A plant of coastal cliffs, behind beaches, on walls and banks, roadsides, riverbeds, railway tracks and embankments and waste places in and around settlements (Webb et. al. 1988)",riparian,follicle,dry,dust seeds,4e-5,unspecialised,NA,internal,wind.none,NA,NA,NA,NA,Esler 1988; Rosenthal 2006; Eichberg et al. 2007; Albert et al. 2015; Almeida et al. 2022; SID,very small (dust) seed weighing <0.1 mg (Esler 1988),"Water; Wetting by rain or dew; Direct or experimental observation; (van der Pijl, 1982); Unassisted dispersal also occurs. Diaspore=seed. The structure that contains the diaspores opens when wet. Fruits open when wetted by rain, dispersal is then unassisted. Short distance wind dispersal (Rosenthal 2006). Seeds dispersed internally by deer (sometimes; Albert et al. 2015); viable seeds dispersed in sheep faeces (Eichberg et al. 2007). seeds ingested by waterfowl (Almeida et al. 2022).",NA,NA,2022-06-09T00:00:00Z,NA,2022-06-23T00:00:00Z,2,1,1
2,Bryonia cretica,Cucurbitales,Cucurbitaceae,animal,NA,NA,2.8493177801722536,2.8493177801722536,vine,shrub,6,"NZPCN: Disturbed and open forest and shrubland, stream edges",riparian,berry,fleshy,fleshy,0.02247,internal,NA,internal,NA,NA,NA,NA,NA,NZPCN; Snow & Snow 1988,Seed dispersed by birds (NZPCN),"England: fruits eaten by blackbird, song thrush & other bird species (Snow & Snow 1988). Czechoslovakia: fruits eaten by starling (Snow & Snow 1988).",NA,NA,NA,45093,2023-06-16T00:00:00Z,1,1,0
2,Carex divulsa,Poales,Cyperaceae,animal,2.1604810216033785,2.306143132795067,1.9327757595419182,2.1604810216033785,NA,herb,0.6,NZPCN: Widespread from the coast to subalpine situations. Usually found as a pasture and lawn weed with a distinct preference for calcareous or other base-rich substrates. Will colonise forest especially forest margins and gaps. A serious weed in native vegetation.,NA,nut,dry,none,0.0025099999999999996,unspecialised,NA,internal,NA,NA,NA,NA,NA,Almeida et al. 2022,"Seed dispersed by contaminated machinery or garden discards (NZPCN, factsheet prepared by Paul Champion and Deborah Hofstra (NIWA))",seeds ingested by waterfowl (Almeida et al. 2022).,NA,NA,2022-06-03T00:00:00Z,45034,2022-06-20T00:00:00Z,1,1,0
2,Carex flacca,Poales,Cyperaceae,animal,2.2308159534571756,2.376478064648864,2.0249636125306942,2.2308159534571756,NA,herb,0.5,NA,NA,nut,dry,none,9e-4,unspecialised,NA,internal,water,attachment,NA,NA,NA,Healy & Edgar 1980; Albert et al. 2015; Almeida et al. 2022,"""Fruits lack characters assisting dispersal, most falling close to the parent plants: longer distance dispersal sometimes occurs when fruit is carried on animal coats, in mud in hooves, by run-off water on slopes, or in drains and streams"" (Healy & Edgar 1980).",seeds dispersed internally by deer (sometimes; Albert et al. 2015).  seeds ingested by waterfowl (Almeida et al. 2022).,NA,NA,2022-06-03T00:00:00Z,NA,2022-06-20T00:00:00Z,3,1,2
2,Carex leporina,Poales,Cyperaceae,animal,2.2991759406879186,2.444838051879607,2.1219594392695296,2.2991759406879186,NA,herb,0.6,"NZPCN: Wide variety of wet habitats from lowland to subalpine, especially disturbed habitats, but also a problem weed in short turf wetland where it can completely displace indigenous vegetation",NA,nut,dry,none,6.3e-4,unspecialised,NA,internal,NA,NA,NA,NA,NA,Carroll 1966,Seed dispersed by contaminated machinery or waterfowl (NZPCN factsheet prepared by prepared by Paul Champion and Deborah Hofstra (NIWA)). Seeds recorded in pukeko gizzards (Carroll 1966).,NA,attachment or internal,NA,2022-06-03T00:00:00Z,45034,2022-06-20T00:00:00Z,1,1,0
2,Carex longebrachiata,Poales,Cyperaceae,wind.special,1.0985671540371738,1.2442292652288625,1.0716342420713891,1.0985671540371738,NA,herb,0.9,"NZ Flora Online: bank, clay, coast, dry, flat , hill, lowland, open, pasture, sand, scrubland, sheltered, shrubland, slope, stone, terrace; NZPCN: grassland",NA,nut,dry,none,0.0017,unspecialised,NA,wind.none,attachment,NA,NA,NA,NA,Molloy et al. 1967,has no structures directly aiding active seed dispersal and medium-sized seeds (1-10 mg) (Esler 1988); The seed is dispersed by gravity and livestock (NZPCN); Molloy et al. 1967: The seed of Australian sedge is relatively heavy and the utricle is not endowed with special mechanisms to assist dispersal. Most of the seed shed falls within 12 in. from the edge of the canopy. Some is carried for longer distances by strong gusts of wind or on the feet of livestock.,NA,NA,NA,2022-06-03T00:00:00Z,45034,2022-06-20T00:00:00Z,2,1,1
2,Carex longebrachiata,Poales,Cyperaceae,animal,2.2720161449120404,2.417678256103729,2.0932544206491275,2.2720161449120404,NA,herb,0.9,"NZ Flora Online: bank, clay, coast, dry, flat , hill, lowland, open, pasture, sand, scrubland, sheltered, shrubland, slope, stone, terrace; NZPCN: grassland",NA,nut,dry,none,0.0017,unspecialised,NA,wind.none,attachment,NA,NA,NA,NA,Molloy et al. 1967,has no structures directly aiding active seed dispersal and medium-sized seeds (1-10 mg) (Esler 1988); The seed is dispersed by gravity and livestock (NZPCN); Molloy et al. 1967: The seed of Australian sedge is relatively heavy and the utricle is not endowed with special mechanisms to assist dispersal. Most of the seed shed falls within 12 in. from the edge of the canopy. Some is carried for longer distances by strong gusts of wind or on the feet of livestock.,NA,NA,NA,2022-06-03T00:00:00Z,45034,2022-06-20T00:00:00Z,2,1,1
2,Carex lurida,Poales,Cyperaceae,animal,2.3101921726867007,2.4558542838783892,2.145327571269674,2.3101921726867007,NA,herb,0.9,"Lowland swamps, roadside drains",NA,nut,dry,none,0.0011619999999999998,unspecialised,NA,internal,NA,NA,NA,NA,NA,NZPCN,"Seed dispersed by contaminated machinery or waterfowl (NZPCN, factsheet prepared by Paul Champion and Deborah Hofstra (NIWA)) (DMW: could be attachment or internal, but assumed internal as more likely).",NA,dispersal based on morphology,NA,2022-06-03T00:00:00Z,45034,2022-06-20T00:00:00Z,1,1,0
2,Carex scoparia,Poales,Cyperaceae,animal,2.408270370701452,2.5539324818931406,2.279108927673755,2.408270370701452,NA,herb,0.9,NZPCN: Swamps and lake margins,NA,nut,dry,none,4.372e-4,unspecialised,NA,internal,bird nesting material,NA,NA,NA,NA,Warren et al. 2017; Almeida et al. 2025; NZPCN,Seed dispersed by contaminated machinery or waterfowl (NZPCN factsheet prepared by prepared by Paul Champion and Deborah Hofstra (NIWA)),seeds ingested by waterfowl in North America (Almeida et al. 2025). Seeds dispersed in bird nesting material (Warren et al. 2017).,dispersal based on morphology,NA,2022-06-03T00:00:00Z,45034,2022-06-20T00:00:00Z,2,1,1
2,Cyperus eragrostis,Poales,Cyperaceae,animal,2.5379934130602817,2.68365552425197,2.456054721080543,2.5379934130602817,sedge,herb,0.9,"NZ Flora Online:  bank, coast, forest edge, grassland, gravel, lake margin, lava, lowland, margin, moist, open, pasture, riparian, roadside, sand, shaded, sheltered, silt, stone, terrace, track, wasteland, wetland; NZPCN: Wet areas such as the banks of rivers and streams, swamps, ditches.",riparian,nut,dry,none,1.1999999999999999e-4,unspecialised,NA,internal,NA,NA,NA,NA,NA,McIntyre et al. 1995; Reynolds & Cumming 2016,Seed dispersed by contaminated machinery (NZPCN factsheet prepared by Paul Champion and Deborah Hofstra (NIWA)).,Seeds found in water bird droppings (Reynolds & Cumming 2016); undefined seed dispersal morphology (McIntyre et al. 1995),habitat includes banks of rivers and streams,NA,2022-06-03T00:00:00Z,NA,NA,1,1,0
2,Schoenoplectus californicus,Poales,Cyperaceae,animal,2.5790502194279776,2.724712330619666,2.536826829421887,2.5790502194279776,sedge,herb,3,NZPCN: Coastal river banks and estuaries,riparian,nut,aquatic,bristles on seeds,6.8e-4,attachment,NA,attachment,internal,NA,NA,NA,NA,Almeida et al. 2025; NZPCN,"Seed is viable, but seedlings have not been observed in the field. Movement of rhizome fragments by water is likely to be a major dispersal mechanism (de Lange et al. 1998). Seed is long-lived, the surrounding bristles readily attach themselves to feathers, fur and clothing (NZPCN Factsheet prepared by Paul Champion and Deborah Hofstra (NIWA)).",Seeds ingested by waterfowl in North America (Almeida et al. 2025).,NA,NA,2022-06-09T00:00:00Z,45058,2023-05-12T00:00:00Z,2,1,1
2,Calluna vulgaris,Ericales,Ericaceae,wind.special,2.0128825984316583,1.975807122511987,2.0768599216135737,2.0128825984316583,NA,shrub,0.5,"NZ Flora Online: alpine, bank, clay, coast, dry, forest, grassland, gravel, hill, margin, moist, montane, open, pasture, peat, ridge, roadside, rock outcrop, sand, shrubland, slope, stone, terrace, track, tussockland, wasteland; NZPCN: A plant of montane, subalpine and alpine habitats. The plant grows in sites of low - moderate fertility. Plant found in scrub and forest margin, shrubland, tall and short tussockland, herbfields, riverbeds, wetlands, alpine gravel fields, dune slacks and road edges.",riparian,capsule,dry,none,2.9999999999999997e-5,unspecialised,NA,wind.none,internal,attachment,NA,NA,"91.3% of seeds dispersed within 0.8m of plant centre, maximum distance 80m rare events",Welch 1985; Timmins & Mackenzie 1995; Bullock & Clarke 2000; Mouissie et al. 2005; Albert et al. 2015; Almeida et al. 2022,"gravity, wind dispersal; seed dispersal calculated at 100 m in winds of 10 m/s & 250 m in 30-40 m/s (Timmins & Mackenzie 1995)","wind dispersed but no special adaptations, measured dispersal distances using seed traps around isolated plants (Bullock & Clarke 2000); seeds dispersed by deer internally (sometimes) and in fur and on hooves (sometimes; Albert et al. 2015); seeds attached to experimental sheep and cattle dummies (Mouissie et al. 2005). seeds germinated from cattle, red deer, hare and red grouse dung (Welch 1985).  seeds ingested by waterfowl (Almeida et al. 2022).",NA,NA,2022-06-03T00:00:00Z,45034,2022-06-20T00:00:00Z,3,1,2
2,Calluna vulgaris,Ericales,Ericaceae,animal,3.186331589306525,3.149256113386854,3.098480100191312,3.186331589306525,NA,shrub,0.5,"NZ Flora Online: alpine, bank, clay, coast, dry, forest, grassland, gravel, hill, margin, moist, montane, open, pasture, peat, ridge, roadside, rock outcrop, sand, shrubland, slope, stone, terrace, track, tussockland, wasteland; NZPCN: A plant of montane, subalpine and alpine habitats. The plant grows in sites of low - moderate fertility. Plant found in scrub and forest margin, shrubland, tall and short tussockland, herbfields, riverbeds, wetlands, alpine gravel fields, dune slacks and road edges.",riparian,capsule,dry,none,2.9999999999999997e-5,unspecialised,NA,wind.none,internal,attachment,NA,NA,"91.3% of seeds dispersed within 0.8m of plant centre, maximum distance 80m rare events",Welch 1985; Timmins & Mackenzie 1995; Bullock & Clarke 2000; Mouissie et al. 2005; Albert et al. 2015; Almeida et al. 2022,"gravity, wind dispersal; seed dispersal calculated at 100 m in winds of 10 m/s & 250 m in 30-40 m/s (Timmins & Mackenzie 1995)","wind dispersed but no special adaptations, measured dispersal distances using seed traps around isolated plants (Bullock & Clarke 2000); seeds dispersed by deer internally (sometimes) and in fur and on hooves (sometimes; Albert et al. 2015); seeds attached to experimental sheep and cattle dummies (Mouissie et al. 2005). seeds germinated from cattle, red deer, hare and red grouse dung (Welch 1985).  seeds ingested by waterfowl (Almeida et al. 2022).",NA,NA,2022-06-03T00:00:00Z,45034,2022-06-20T00:00:00Z,3,1,2
2,Erica cinerea,Ericales,Ericaceae,wind.special,1.77281136207925,1.735735886159579,1.7388868750443032,1.77281136207925,NA,shrub,0.3,NZPCN: Low stature shrub and tussock communities,NA,capsule,dry,none,0.00013220000000000001,unspecialised,NA,wind.none,attachment,internal,NA,NA,"90.4% of seeds dispersed within 0.8m from centre of plant, maximum distance 80m rare events",Esler 1988; Bullock & Clarke 2000; Albert et al. 2015,Esler 1988 says unspecialised,Although the seeds bear no specialised structures they are wind-dispersed; measured dispersal distances using seed traps around isolated plants (Bullock & Clarke 2000). seeds dispersed by deer internally (sometimes) and attached to fur (always) and hooves (sometimes; Albert et al. 2015).,NA,NA,2022-06-07T00:00:00Z,45040,2022-06-21T00:00:00Z,3,1,2
2,Erica cinerea,Ericales,Ericaceae,animal,2.9462603529541167,2.9091848770344457,2.760507053622042,2.9462603529541167,NA,shrub,0.3,NZPCN: Low stature shrub and tussock communities,NA,capsule,dry,none,0.00013220000000000001,unspecialised,NA,wind.none,attachment,internal,NA,NA,"90.4% of seeds dispersed within 0.8m from centre of plant, maximum distance 80m rare events",Esler 1988; Bullock & Clarke 2000; Albert et al. 2015,Esler 1988 says unspecialised,Although the seeds bear no specialised structures they are wind-dispersed; measured dispersal distances using seed traps around isolated plants (Bullock & Clarke 2000). seeds dispersed by deer internally (sometimes) and attached to fur (always) and hooves (sometimes; Albert et al. 2015).,NA,NA,2022-06-07T00:00:00Z,45040,2022-06-21T00:00:00Z,3,1,2
2,Erica lusitanica,Ericales,Ericaceae,wind.special,2.3524896742056947,2.3154141982860237,2.568613725152081,2.3524896742056947,NA,shrub,2,"NZ Flora Online: alpine, bank, clay, coast, dry, flat, forest, gap, grassland, gravel, gully, hill, log, lowland, margin, moist, open, pasture, peat, ridge, roadside, sand, shrubland, silt, slope, stone, terrace, track, tussockland, wasteland, wetland",NA,capsule,dry,none,1.2e-5,unspecialised,NA,wind.none,NA,NA,NA,NA,NA,Esler 1988; Mather & Williams 1990; Cronk & Fuller 1995,has no active structures aiding active dispersal and very small (dust) seeds weighing <0.1 mg (Esler 1988); seeds are released gradually as capsules are shaken gently by wind or passing animals (Mather & Williams 1990).,wind dispersed (Cronk & Fuller 1995),NA,NA,2022-06-07T00:00:00Z,45040,2022-06-21T00:00:00Z,1,1,0
2,Rhododendron ponticum,Ericales,Ericaceae,wind.special,2.336027648199368,2.298952172279697,2.5687609697847726,2.336027648199368,NA,shrub,6,"NZ Flora Online: bank, clay, dry, fernland, forest, forest edge, hill, lowland, margin, moist, open, ridge, roadside, sand, shaded, sheltered, shrubland, slope, stone",NA,capsule,dry,none,1e-4,unspecialised,NA,wind.none,NA,NA,NA,NA,"97.1% of seeds found up to 10m  from release point, 0.1% of seeds dispersed to at least 100m (Stephenson et al. 2007)",Cronk & Fuller 1995; Stephenson et al. 2007; Harris et al. 2009; SID,NA,"small, light seeds dispersed efficiently by wind (Cronk & Fuller 1995); Seeds dispersed primarily by wind (Stephenson et al. 2007; Harris et al. 2009); Wind; Diaspore is blown by wind; Method not stated; (Ridley, 1930, cited in SID); Diaspore=seed. The diaspore is hairy or has hair-like processes.",dispersal based on morphology,NA,2022-06-08T00:00:00Z,NA,2022-06-23T00:00:00Z,1,1,0
2,Homalanthus populifolius,Malpighiales,Euphorbiaceae,animal,3.2027938377426532,3.174412046432048,2.806477324331467,3.2027938377426532,shrub-tree,shrub,5,"NZ Flora Online: bank, clay, coast, dry, loam, lowland, margin, open, pasture, roadside, sand, shaded, sheltered, shrubland, slope, stone, terrace, wasteland",NA,NA,fleshy,fleshy aril,0.02161,internal,NA,internal,ant,water,NA,NA,NA,Innis 1989; Forester 1996; Berg 1975; NZPCN,"Bird dispersed (Lisa Forester 1996). Other methods of movement include gravity, water and machinery especially roadside mowers (Tony McCluggage pers. comm.).","Dispersed by pigeons in Australia (Innis 1989). The fruit is eaten by a variety of birds, including Brown Cuckoo Dove, Silvereye and Lewin's Honeyeater (Wikipedia). Ant dispersal based on morphology (Berg 1975)",NA,NA,2022-06-08T00:00:00Z,NA,2023-06-19T00:00:00Z,3,1,2
2,Homalanthus populifolius,Malpighiales,Euphorbiaceae,ant,2.108874518263734,2.080492726953129,2.0933048561658145,2.108874518263734,shrub-tree,shrub,5,"NZ Flora Online: bank, clay, coast, dry, loam, lowland, margin, open, pasture, roadside, sand, shaded, sheltered, shrubland, slope, stone, terrace, wasteland",NA,NA,fleshy,fleshy aril,0.02161,internal,NA,internal,ant,water,NA,NA,NA,Innis 1989; Forester 1996; Berg 1975; NZPCN,"Bird dispersed (Lisa Forester 1996). Other methods of movement include gravity, water and machinery especially roadside mowers (Tony McCluggage pers. comm.).","Dispersed by pigeons in Australia (Innis 1989). The fruit is eaten by a variety of birds, including Brown Cuckoo Dove, Silvereye and Lewin's Honeyeater (Wikipedia). Ant dispersal based on morphology (Berg 1975)",NA,NA,2022-06-08T00:00:00Z,NA,2023-06-19T00:00:00Z,3,1,2
2,Ricinus communis,Malpighiales,Euphorbiaceae,ballistic,1.3015588816626338,1.2731770903520288,0.966078787485983,1.3015588816626338,NA,shrub,4,"NZ Flora Online:  bank, cliff, coast, hill, lowland, margin, open, roadside, rock outcrop, sand, shrubland, terrace, wasteland",NA,capsule,dry,"explosively dehiscent capsule, elaiosome, spiny capsule",0.2854,ballistic,ant,ballistic,ant,attachment,internal,NA,NA,Smith 1985; Pemberton & Irving 1990; Cronk & Fuller 1995; Martins et al. 2006,has no structures directly aiding active seed dispersal and large seeds (>10 mg) (Esler 1988).,"Primarily dispersed ballistically, then by ants (Martins et al. 2006); mammal & bird dispersed by attachment (Cronk & Fuller 1995); rodents and granivorous birds may disperse some seeds (Smith 1985). Seed has an elaiosome (Pemberton & Irving 1990).",NA,NA,2022-06-08T00:00:00Z,NA,2022-06-23T00:00:00Z,4,2,2
2,Ricinus communis,Malpighiales,Euphorbiaceae,ant,1.8100702472047678,1.7816884558941628,1.681136859280254,1.8100702472047678,NA,shrub,4,"NZ Flora Online:  bank, cliff, coast, hill, lowland, margin, open, roadside, rock outcrop, sand, shrubland, terrace, wasteland",NA,capsule,dry,"explosively dehiscent capsule, elaiosome, spiny capsule",0.2854,ballistic,ant,ballistic,ant,attachment,internal,NA,NA,Smith 1985; Pemberton & Irving 1990; Cronk & Fuller 1995; Martins et al. 2006,has no structures directly aiding active seed dispersal and large seeds (>10 mg) (Esler 1988).,"Primarily dispersed ballistically, then by ants (Martins et al. 2006); mammal & bird dispersed by attachment (Cronk & Fuller 1995); rodents and granivorous birds may disperse some seeds (Smith 1985). Seed has an elaiosome (Pemberton & Irving 1990).",NA,NA,2022-06-08T00:00:00Z,NA,2022-06-23T00:00:00Z,4,2,2
2,Ricinus communis,Malpighiales,Euphorbiaceae,animal,2.9039895666836872,2.875607775373082,2.3943093274459066,2.9039895666836872,NA,shrub,4,"NZ Flora Online:  bank, cliff, coast, hill, lowland, margin, open, roadside, rock outcrop, sand, shrubland, terrace, wasteland",NA,capsule,dry,"explosively dehiscent capsule, elaiosome, spiny capsule",0.2854,ballistic,ant,ballistic,ant,attachment,internal,NA,NA,Smith 1985; Pemberton & Irving 1990; Cronk & Fuller 1995; Martins et al. 2006,has no structures directly aiding active seed dispersal and large seeds (>10 mg) (Esler 1988).,"Primarily dispersed ballistically, then by ants (Martins et al. 2006); mammal & bird dispersed by attachment (Cronk & Fuller 1995); rodents and granivorous birds may disperse some seeds (Smith 1985). Seed has an elaiosome (Pemberton & Irving 1990).",NA,NA,2022-06-08T00:00:00Z,NA,2022-06-23T00:00:00Z,4,2,2
2,Acacia baileyana,Fabales,Fabaceae,ant,NA,2.0289119373150317,2.27521930491344,2.0289119373150317,shrub-tree,shrub,10,NZPCN: Waste places and scrubland,NA,pod with arillate seeds,fleshy,arillate seed,0.02181,ant,NA,ant,wind.none,NA,NA,NA,NA,Morgan et al. 2002; O'Dowd & Gill 1986; NZPCN,Seed dispersed a short distance form parent plant by wind and gravity (NZPCN),Seeds dispersed by ants in Australia and South Africa (Morgan et al. 2002); Animal; Diaspore is carried intentionally; Direct or experimental observation; (O'Dowd & Gill 1986); Ants.; Iridomyrmex sp.; Diaspore=seed. The seed has an aril or aril-like structure.,NA,NA,2022-06-02T00:00:00Z,45092,2022-06-19T00:00:00Z,2,1,1
2,Acacia baileyana,Fabales,Fabaceae,wind.special,NA,1.9493822659190845,1.966771594501354,1.9493822659190845,shrub-tree,shrub,10,NZPCN: Waste places and scrubland,NA,pod with arillate seeds,fleshy,arillate seed,0.02181,ant,NA,ant,wind.none,NA,NA,NA,NA,Morgan et al. 2002; O'Dowd & Gill 1986; NZPCN,Seed dispersed a short distance form parent plant by wind and gravity (NZPCN),Seeds dispersed by ants in Australia and South Africa (Morgan et al. 2002); Animal; Diaspore is carried intentionally; Direct or experimental observation; (O'Dowd & Gill 1986); Ants.; Iridomyrmex sp.; Diaspore=seed. The seed has an aril or aril-like structure.,NA,NA,2022-06-02T00:00:00Z,45092,2022-06-19T00:00:00Z,2,1,1
2,Acacia dealbata,Fabales,Fabaceae,ant,NA,2.263063615014719,2.7747076871078433,2.263063615014719,shrub-tree,tree,30,"NZ Flora Online: bank, clay, coast, dry, gravel, hill, margin, open, pasture, riparian, river terrace, riverbed, roadside, sand, sheltered, shrubland, silt, slope, stone, terrace, track, wasteland; NZPCN: A plant of riverbed habitats and waste places. Prefers relatively high fertility and light.",riparian,pod with arillate seeds,fleshy,fleshy aril,0.01268,ant,NA,ant,internal,wind.none,water,NA,NA,O'Dowd & Gill 1986; Cronk & Fuller 1995; Higgins et al. 2006,Acacia spp. have no structures directly aiding active seed dispersal and large seeds (>10 mg) (Esler 1988); ballistic dispersal (Timmins & Mackenzie 1995) - but no evidence for this in its morphology so not included.,"seeds in silvereye droppings, Australia (Higgins et al. 2006). Animal; Diaspore is carried intentionally; Direct or experimental observation; Ants.; Diaspore=seed. The seed has an aril or aril-like structure (O'Dowd & Gill 1986); dispersed by wind & water (Cronk & Fuller 1995)",NA,NA,2023-06-15T00:00:00Z,45092,2023-06-15T00:00:00Z,4,1,3
2,Acacia dealbata,Fabales,Fabaceae,animal,NA,3.3569829344936384,3.487880155273496,3.3569829344936384,shrub-tree,tree,30,"NZ Flora Online: bank, clay, coast, dry, gravel, hill, margin, open, pasture, riparian, river terrace, riverbed, roadside, sand, sheltered, shrubland, silt, slope, stone, terrace, track, wasteland; NZPCN: A plant of riverbed habitats and waste places. Prefers relatively high fertility and light.",riparian,pod with arillate seeds,fleshy,fleshy aril,0.01268,ant,NA,ant,internal,wind.none,water,NA,NA,O'Dowd & Gill 1986; Cronk & Fuller 1995; Higgins et al. 2006,Acacia spp. have no structures directly aiding active seed dispersal and large seeds (>10 mg) (Esler 1988); ballistic dispersal (Timmins & Mackenzie 1995) - but no evidence for this in its morphology so not included.,"seeds in silvereye droppings, Australia (Higgins et al. 2006). Animal; Diaspore is carried intentionally; Direct or experimental observation; Ants.; Diaspore=seed. The seed has an aril or aril-like structure (O'Dowd & Gill 1986); dispersed by wind & water (Cronk & Fuller 1995)",NA,NA,2023-06-15T00:00:00Z,45092,2023-06-15T00:00:00Z,4,1,3
2,Acacia dealbata,Fabales,Fabaceae,wind.special,NA,2.1835339436187717,2.466259976695757,2.1835339436187717,shrub-tree,tree,30,"NZ Flora Online: bank, clay, coast, dry, gravel, hill, margin, open, pasture, riparian, river terrace, riverbed, roadside, sand, sheltered, shrubland, silt, slope, stone, terrace, track, wasteland; NZPCN: A plant of riverbed habitats and waste places. Prefers relatively high fertility and light.",riparian,pod with arillate seeds,fleshy,fleshy aril,0.01268,ant,NA,ant,internal,wind.none,water,NA,NA,O'Dowd & Gill 1986; Cronk & Fuller 1995; Higgins et al. 2006,Acacia spp. have no structures directly aiding active seed dispersal and large seeds (>10 mg) (Esler 1988); ballistic dispersal (Timmins & Mackenzie 1995) - but no evidence for this in its morphology so not included.,"seeds in silvereye droppings, Australia (Higgins et al. 2006). Animal; Diaspore is carried intentionally; Direct or experimental observation; Ants.; Diaspore=seed. The seed has an aril or aril-like structure (O'Dowd & Gill 1986); dispersed by wind & water (Cronk & Fuller 1995)",NA,NA,2023-06-15T00:00:00Z,45092,2023-06-15T00:00:00Z,4,1,3
2,Acacia longifolia,Fabales,Fabaceae,ant,NA,2.0674100353007683,2.3277317681495044,2.0674100353007683,shrub-tree,shrub,10,"NZ Flora Online: coast, dry, gap, loam, lowland, sand, shrubland, slope; NZPCN: Shrubland, coastal areas, dry banks and river beds",riparian,pod with arillate seeds,fleshy,fleshy aril; elaiosome,0.01486,ant,NA,ant,internal,wind.none,NA,NA,NA,Rice & Westoby 1981; O'Dowd & Gill 1986; Pemberton & Irving 1990; Higgins et al. 2006; Marchante et al. 2010; Smart et al. 2023; NZPCN,has no structures directly aiding active seed dispersal and large seeds (>10 mg) (Esler 1988); Seeds dispersed locally by wind and gravity (NZPCN),"Seed has an elaiosome (Pemberton & Irving 1990). Seeds dispersed by ants (Smart et al. 2023). Acacia longifolia seedlings have been reported under nests of collared dove (Streptopelia decaocto) in Portugal (Marchante et al. 2010). Other Australian Acacia species with arrillate seeds are ant-dispersed (Berg 1975). A. sophorae (synonym, O'Dowd & Gill 1986): Animal; Diaspore is carried or eaten intentionally depending upon the species of disperser; Direct or experimental observation; Ants+birds.; Rhytidoponera metallica; Meliphaga chrysops; Meliphaga virescens; Diaspore=seed; The seed has an aril or aril-like structure. Fruits eaten by silvereyes in Australia (as A. sophorae, Higgins et al. 2006). myrmecochorous (Rice & Westoby 1981)",NA,NA,2023-06-15T00:00:00Z,45092,2023-06-15T00:00:00Z,3,1,2
2,Acacia longifolia,Fabales,Fabaceae,animal,NA,3.1613293547796872,3.040904236315157,3.1613293547796872,shrub-tree,shrub,10,"NZ Flora Online: coast, dry, gap, loam, lowland, sand, shrubland, slope; NZPCN: Shrubland, coastal areas, dry banks and river beds",riparian,pod with arillate seeds,fleshy,fleshy aril; elaiosome,0.01486,ant,NA,ant,internal,wind.none,NA,NA,NA,Rice & Westoby 1981; O'Dowd & Gill 1986; Pemberton & Irving 1990; Higgins et al. 2006; Marchante et al. 2010; Smart et al. 2023; NZPCN,has no structures directly aiding active seed dispersal and large seeds (>10 mg) (Esler 1988); Seeds dispersed locally by wind and gravity (NZPCN),"Seed has an elaiosome (Pemberton & Irving 1990). Seeds dispersed by ants (Smart et al. 2023). Acacia longifolia seedlings have been reported under nests of collared dove (Streptopelia decaocto) in Portugal (Marchante et al. 2010). Other Australian Acacia species with arrillate seeds are ant-dispersed (Berg 1975). A. sophorae (synonym, O'Dowd & Gill 1986): Animal; Diaspore is carried or eaten intentionally depending upon the species of disperser; Direct or experimental observation; Ants+birds.; Rhytidoponera metallica; Meliphaga chrysops; Meliphaga virescens; Diaspore=seed; The seed has an aril or aril-like structure. Fruits eaten by silvereyes in Australia (as A. sophorae, Higgins et al. 2006). myrmecochorous (Rice & Westoby 1981)",NA,NA,2023-06-15T00:00:00Z,45092,2023-06-15T00:00:00Z,3,1,2
2,Acacia longifolia,Fabales,Fabaceae,wind.special,NA,1.987880363904821,2.0192840577374183,1.987880363904821,shrub-tree,shrub,10,"NZ Flora Online: coast, dry, gap, loam, lowland, sand, shrubland, slope; NZPCN: Shrubland, coastal areas, dry banks and river beds",riparian,pod with arillate seeds,fleshy,fleshy aril; elaiosome,0.01486,ant,NA,ant,internal,wind.none,NA,NA,NA,Rice & Westoby 1981; O'Dowd & Gill 1986; Pemberton & Irving 1990; Higgins et al. 2006; Marchante et al. 2010; Smart et al. 2023; NZPCN,has no structures directly aiding active seed dispersal and large seeds (>10 mg) (Esler 1988); Seeds dispersed locally by wind and gravity (NZPCN),"Seed has an elaiosome (Pemberton & Irving 1990). Seeds dispersed by ants (Smart et al. 2023). Acacia longifolia seedlings have been reported under nests of collared dove (Streptopelia decaocto) in Portugal (Marchante et al. 2010). Other Australian Acacia species with arrillate seeds are ant-dispersed (Berg 1975). A. sophorae (synonym, O'Dowd & Gill 1986): Animal; Diaspore is carried or eaten intentionally depending upon the species of disperser; Direct or experimental observation; Ants+birds.; Rhytidoponera metallica; Meliphaga chrysops; Meliphaga virescens; Diaspore=seed; The seed has an aril or aril-like structure. Fruits eaten by silvereyes in Australia (as A. sophorae, Higgins et al. 2006). myrmecochorous (Rice & Westoby 1981)",NA,NA,2023-06-15T00:00:00Z,45092,2023-06-15T00:00:00Z,3,1,2
2,Acacia mearnsii,Fabales,Fabaceae,ant,NA,2.0623770750805575,2.478363833231269,2.0623770750805575,shrub-tree,tree,10,"NZ Flora Online: clay, dry, gully, hill, loam, open, pasture, river terrace, roadside, sand, shrubland, slope, stone, terrace, unstable/eroded, wasteland; NZPCN: Waste places, scrubland, pasture, riverbanks",riparian,pod with arillate seeds,fleshy,fleshy aril,0.01325,ant,NA,ant,wind.none,internal,water,NA,NA,O'Dowd & Gill 1986; NZPCN; Cronk & Fuller 1995,has no structures directly aiding active seed dispersal and large seeds (>10 mg) (Esler 1988). Seed dispersed locally by wind and gravity (NZPCN),Animal; Diaspore is carried intentionally; Direct or experimental observation; Ants.; Diaspore=seed. The seed has an aril or aril-like structure (O'Dowd & Gill 1986); dispersed by mammals & water (Cronk & Fuller 1995),NA,NA,2023-06-15T00:00:00Z,45092,2023-06-15T00:00:00Z,4,1,3
2,Acacia mearnsii,Fabales,Fabaceae,wind.special,NA,1.9828474036846102,2.169916122819183,1.9828474036846102,shrub-tree,tree,10,"NZ Flora Online: clay, dry, gully, hill, loam, open, pasture, river terrace, roadside, sand, shrubland, slope, stone, terrace, unstable/eroded, wasteland; NZPCN: Waste places, scrubland, pasture, riverbanks",riparian,pod with arillate seeds,fleshy,fleshy aril,0.01325,ant,NA,ant,wind.none,internal,water,NA,NA,O'Dowd & Gill 1986; NZPCN; Cronk & Fuller 1995,has no structures directly aiding active seed dispersal and large seeds (>10 mg) (Esler 1988). Seed dispersed locally by wind and gravity (NZPCN),Animal; Diaspore is carried intentionally; Direct or experimental observation; Ants.; Diaspore=seed. The seed has an aril or aril-like structure (O'Dowd & Gill 1986); dispersed by mammals & water (Cronk & Fuller 1995),NA,NA,2023-06-15T00:00:00Z,45092,2023-06-15T00:00:00Z,4,1,3
2,Acacia mearnsii,Fabales,Fabaceae,animal,NA,3.1562963945594764,3.191536301396922,3.1562963945594764,shrub-tree,tree,10,"NZ Flora Online: clay, dry, gully, hill, loam, open, pasture, river terrace, roadside, sand, shrubland, slope, stone, terrace, unstable/eroded, wasteland; NZPCN: Waste places, scrubland, pasture, riverbanks",riparian,pod with arillate seeds,fleshy,fleshy aril,0.01325,ant,NA,ant,wind.none,internal,water,NA,NA,O'Dowd & Gill 1986; NZPCN; Cronk & Fuller 1995,has no structures directly aiding active seed dispersal and large seeds (>10 mg) (Esler 1988). Seed dispersed locally by wind and gravity (NZPCN),Animal; Diaspore is carried intentionally; Direct or experimental observation; Ants.; Diaspore=seed. The seed has an aril or aril-like structure (O'Dowd & Gill 1986); dispersed by mammals & water (Cronk & Fuller 1995),NA,NA,2023-06-15T00:00:00Z,45092,2023-06-15T00:00:00Z,4,1,3
2,Acacia melanoxylon,Fabales,Fabaceae,animal,NA,3.350102744451376,3.478495387049744,3.350102744451376,shrub-tree,tree,30,"NZ Flora Online:  bank, clay, dry, lowland, margin, open, roadside, slope, track; NZPCN: Waste places, often coastal, especially near plantations",NA,pod with arillate seeds,fleshy,"pink to crimson or red, large fleshy aril, elaiosome",0.01358,internal,ant,internal,ant,water,NA,NA,NA,O'Dowd & Gill 1986; Pemberton & Irving 1990; Cronk & Fuller 1995; Higgins et al. 2006,Acacia spp. have no structures directly aiding active seed dispersal and large seeds (>10 mg) (Esler 1988).,Animal; Diaspore is eaten intentionally; Direct or experimental observation; Birds.; Meliphaga chrysops; Diaspore=seed. The seed has an aril or aril-like structure (O'Dowd & Gill 1986); dispersed by birds & water (Cronk & Fuller 1995); seed has an elaiosome (Pemberton & Irving 1990). Fruits eaten by silvereyes in Australia (Higgins et al. 2006).,NA,NA,2023-06-15T00:00:00Z,45092,2023-06-15T00:00:00Z,3,2,1
2,Acacia melanoxylon,Fabales,Fabaceae,ant,NA,2.2561834249724564,2.7653229188840913,2.2561834249724564,shrub-tree,tree,30,"NZ Flora Online:  bank, clay, dry, lowland, margin, open, roadside, slope, track; NZPCN: Waste places, often coastal, especially near plantations",NA,pod with arillate seeds,fleshy,"pink to crimson or red, large fleshy aril, elaiosome",0.01358,internal,ant,internal,ant,water,NA,NA,NA,O'Dowd & Gill 1986; Pemberton & Irving 1990; Cronk & Fuller 1995; Higgins et al. 2006,Acacia spp. have no structures directly aiding active seed dispersal and large seeds (>10 mg) (Esler 1988).,Animal; Diaspore is eaten intentionally; Direct or experimental observation; Birds.; Meliphaga chrysops; Diaspore=seed. The seed has an aril or aril-like structure (O'Dowd & Gill 1986); dispersed by birds & water (Cronk & Fuller 1995); seed has an elaiosome (Pemberton & Irving 1990). Fruits eaten by silvereyes in Australia (Higgins et al. 2006).,NA,NA,2023-06-15T00:00:00Z,45092,2023-06-15T00:00:00Z,3,2,1
2,Acacia paradoxa,Fabales,Fabaceae,ant,NA,1.8582935485711727,2.0177216390171413,1.8582935485711727,NA,shrub,3,"NZ Flora Online: clay, dry, lowland, margin, open, roadside, sand, slope, stone, wasteland. NZPCN: Open sites usually of low fertility near the coast",NA,pod with arillate seeds,fleshy,fleshy aril,0.014,ant,NA,ant,wind.none,NA,NA,NA,NA,Berg 1975; NZPCN,Acacia spp. have no structures directly aiding active seed dispersal and large seeds (>10 mg) (Esler 1988). Spreads locally by wind and gravity (NZPCN).,"Animal; Diaspore is carried intentionally; Direct or experimental observation; Ants.; Aphaenogaster longiceps (Berg, 1975)",NA,NA,2023-06-15T00:00:00Z,45092,2023-06-15T00:00:00Z,2,1,1
2,Acacia paradoxa,Fabales,Fabaceae,wind.special,NA,1.7787638771752254,1.7092739286050551,1.7787638771752254,NA,shrub,3,"NZ Flora Online: clay, dry, lowland, margin, open, roadside, sand, slope, stone, wasteland. NZPCN: Open sites usually of low fertility near the coast",NA,pod with arillate seeds,fleshy,fleshy aril,0.014,ant,NA,ant,wind.none,NA,NA,NA,NA,Berg 1975; NZPCN,Acacia spp. have no structures directly aiding active seed dispersal and large seeds (>10 mg) (Esler 1988). Spreads locally by wind and gravity (NZPCN).,"Animal; Diaspore is carried intentionally; Direct or experimental observation; Ants.; Aphaenogaster longiceps (Berg, 1975)",NA,NA,2023-06-15T00:00:00Z,45092,2023-06-15T00:00:00Z,2,1,1
2,Acacia verticillata,Fabales,Fabaceae,ant,NA,2.119295908004441,2.398505523877182,2.119295908004441,shrub-tree,shrub,10,"NZ Flora Online: bank, clay, coast, dry, forest edge, gully, hill, lowland, margin, moist, open, peat, roadside, sand, scrubland, sheltered, shrubland, stone, terrace, unstable/eroded",NA,pod with arillate seeds,fleshy,fleshy aril,0.00886,ant,NA,ant,NA,NA,NA,NA,NA,Armstrong 1998,Acacia spp. have no structures directly aiding active seed dispersal and large seeds (>10 mg) (Esler 1988).,"Has elaiosome and is dispersed by ants (The Unforgettable Acacias. Modified from: Armstrong W. P. 1998, Zoonooz 71 (8): p. 28 - 31  http://waynesword.palomar.edu/plaug99.htm. Accessed 7/1/2010)",NA,NA,2023-06-15T00:00:00Z,45092,2023-06-15T00:00:00Z,1,1,0
2,Biancaea decapetala,Fabales,Fabaceae,wind.special,NA,1.6160222582726502,1.5204010752454415,1.6160222582726502,NA,shrub,15,"NZ Flora Online: cliff, coast, flat , open, pasture, rock outcrop, shrubland",NA,pod,dry,none,1.2449000000000001,unspecialised,NA,water,wind.none,NA,NA,NA,NA,Hosaka & Thistle 1954; West 1996; Starr et al. 2003,Seeds are not dispersed far from parent plants (West 1996). Seeds lie in the open pod until disturbed by rain or wind (West 1996).,"Starr et al. 2003: The medium sized seeds may be dispersed by rodents and granivorous birds, but man is almost certainly the principal dispersal agent in Hawai’i (Smith 1985). Hosaka and Thistle (1954) note that the seed is spread considerable distances by running water. It is thought that the Maui plants may have been the result of seeds in mud on large machinery used to do road work on the Hana Hwy.",NA,NA,2022-06-03T00:00:00Z,NA,2023-04-18T00:00:00Z,2,1,1
2,Chamaecytisus prolifer,Fabales,Fabaceae,ballistic,NA,1.3721118906868643,1.501128348145237,1.3721118906868643,NA,tree,5,"NZ Flora Online: bank, clay, cliff, coast, dry, gravel, gully, hill, lowland, margin, open, pasture, riverbed, roadside, rock outcrop, sand, sheltered, shrubland, terrace, track, wasteland; NZPCN: Dry places, river beds, coastal sites, hillsides",riparian,pod,dry,"explosively dehiscent pod, elaiosome",0.023600000000000003,ballistic,ant,ballistic,ant,water,internal,NA,NA,Webb et al. 1988; Pemberton & Irving 1990; Higgins et al. 2006; NZPCN,explosively dehiscent pod (Webb et al. 1988); seeds ingested by silvereyes (Higgins et al. 2006). Dispersed by water and moving gravel (NZPCN),Seed has an elaiosome (Pemberton & Irving 1990),NA,NA,2022-06-15T00:00:00Z,45037,2023-04-21T00:00:00Z,4,2,2
2,Chamaecytisus prolifer,Fabales,Fabaceae,ant,NA,1.8806232562289982,2.2161864199395085,1.8806232562289982,NA,tree,5,"NZ Flora Online: bank, clay, cliff, coast, dry, gravel, gully, hill, lowland, margin, open, pasture, riverbed, roadside, rock outcrop, sand, sheltered, shrubland, terrace, track, wasteland; NZPCN: Dry places, river beds, coastal sites, hillsides",riparian,pod,dry,"explosively dehiscent pod, elaiosome",0.023600000000000003,ballistic,ant,ballistic,ant,water,internal,NA,NA,Webb et al. 1988; Pemberton & Irving 1990; Higgins et al. 2006; NZPCN,explosively dehiscent pod (Webb et al. 1988); seeds ingested by silvereyes (Higgins et al. 2006). Dispersed by water and moving gravel (NZPCN),Seed has an elaiosome (Pemberton & Irving 1990),NA,NA,2022-06-15T00:00:00Z,45037,2023-04-21T00:00:00Z,4,2,2
2,Chamaecytisus prolifer,Fabales,Fabaceae,animal,NA,2.9745425757079174,2.929358888105161,2.9745425757079174,NA,tree,5,"NZ Flora Online: bank, clay, cliff, coast, dry, gravel, gully, hill, lowland, margin, open, pasture, riverbed, roadside, rock outcrop, sand, sheltered, shrubland, terrace, track, wasteland; NZPCN: Dry places, river beds, coastal sites, hillsides",riparian,pod,dry,"explosively dehiscent pod, elaiosome",0.023600000000000003,ballistic,ant,ballistic,ant,water,internal,NA,NA,Webb et al. 1988; Pemberton & Irving 1990; Higgins et al. 2006; NZPCN,explosively dehiscent pod (Webb et al. 1988); seeds ingested by silvereyes (Higgins et al. 2006). Dispersed by water and moving gravel (NZPCN),Seed has an elaiosome (Pemberton & Irving 1990),NA,NA,2022-06-15T00:00:00Z,45037,2023-04-21T00:00:00Z,4,2,2
2,Cytisus multiflorus,Fabales,Fabaceae,ballistic,NA,1.448193701179074,1.4368995814481347,1.448193701179074,NA,shrub,3,NA,NA,pod,dry,explosively dehiscent pod,0.00525,ballistic,NA,ballistic,NA,NA,NA,NA,NA,Webb et al. 1988,explosively dehiscent pod (Webb et al. 1988),NA,NA,NA,2022-06-03T00:00:00Z,NA,2023-04-21T00:00:00Z,1,1,0
2,Cytisus scoparius,Fabales,Fabaceae,ballistic,NA,1.324157454129839,1.2593690441396763,1.324157454129839,NA,shrub,2,"NZ Flora Online:  bank, coast, dry, flat , forest, forest edge, grassland, gravel, hill, lowland, margin, open, pasture, ridge, riverbed, roadside, sand, shrubland, silt, slope, stone, terrace, track, tree, wasteland; NZPCN: A plant of lowland and montane habitats. Plant occurs in sites with low-moderate-high fertility. The plant normally grows in areas of high rainfall, on acid soils but never on chalks. Plant grows in shrubland, tall tussockland, short tussockland, cliff, bluff and riverbed communities (Timmins & MacKenzie 1995). The plant grows in disturbed lowland and montane habits such as pasture, waste ground, riverbeds and poorly grazed areas.",riparian,pod,dry,"explosively dehiscent pod, elaiosome",0.00878,ballistic,ant,ballistic,internal,water,ant,NA,NA,Webb et al. 1988; Pemberton & Irving 1990; Cronk & Fuller 1995; Albert et al. 2015,explosively dehiscent pod (Webb et al. 1988); no structures directly aiding active seed dispersal and large seeds >10 mg (Esler 1988),"explosive dehiscence scatters seed, also dispersed by livestock & water (Cronk & Fuller 1995); seeds dispersed internally by deer (sometimes; Albert et al. 2015); ant-dispersed (Kew SID); seed has an elaiosome (Pemberton & Irving 1990)",NA,NA,2022-06-03T00:00:00Z,45037,2023-04-21T00:00:00Z,4,2,2
2,Cytisus scoparius,Fabales,Fabaceae,animal,NA,2.9265881391508923,2.6875995840996,2.9265881391508923,NA,shrub,2,"NZ Flora Online:  bank, coast, dry, flat , forest, forest edge, grassland, gravel, hill, lowland, margin, open, pasture, ridge, riverbed, roadside, sand, shrubland, silt, slope, stone, terrace, track, tree, wasteland; NZPCN: A plant of lowland and montane habitats. Plant occurs in sites with low-moderate-high fertility. The plant normally grows in areas of high rainfall, on acid soils but never on chalks. Plant grows in shrubland, tall tussockland, short tussockland, cliff, bluff and riverbed communities (Timmins & MacKenzie 1995). The plant grows in disturbed lowland and montane habits such as pasture, waste ground, riverbeds and poorly grazed areas.",riparian,pod,dry,"explosively dehiscent pod, elaiosome",0.00878,ballistic,ant,ballistic,internal,water,ant,NA,NA,Webb et al. 1988; Pemberton & Irving 1990; Cronk & Fuller 1995; Albert et al. 2015,explosively dehiscent pod (Webb et al. 1988); no structures directly aiding active seed dispersal and large seeds >10 mg (Esler 1988),"explosive dehiscence scatters seed, also dispersed by livestock & water (Cronk & Fuller 1995); seeds dispersed internally by deer (sometimes; Albert et al. 2015); ant-dispersed (Kew SID); seed has an elaiosome (Pemberton & Irving 1990)",NA,NA,2022-06-03T00:00:00Z,45037,2023-04-21T00:00:00Z,4,2,2
2,Cytisus scoparius,Fabales,Fabaceae,ant,NA,1.8326688196719731,1.9744271159339475,1.8326688196719731,NA,shrub,2,"NZ Flora Online:  bank, coast, dry, flat , forest, forest edge, grassland, gravel, hill, lowland, margin, open, pasture, ridge, riverbed, roadside, sand, shrubland, silt, slope, stone, terrace, track, tree, wasteland; NZPCN: A plant of lowland and montane habitats. Plant occurs in sites with low-moderate-high fertility. The plant normally grows in areas of high rainfall, on acid soils but never on chalks. Plant grows in shrubland, tall tussockland, short tussockland, cliff, bluff and riverbed communities (Timmins & MacKenzie 1995). The plant grows in disturbed lowland and montane habits such as pasture, waste ground, riverbeds and poorly grazed areas.",riparian,pod,dry,"explosively dehiscent pod, elaiosome",0.00878,ballistic,ant,ballistic,internal,water,ant,NA,NA,Webb et al. 1988; Pemberton & Irving 1990; Cronk & Fuller 1995; Albert et al. 2015,explosively dehiscent pod (Webb et al. 1988); no structures directly aiding active seed dispersal and large seeds >10 mg (Esler 1988),"explosive dehiscence scatters seed, also dispersed by livestock & water (Cronk & Fuller 1995); seeds dispersed internally by deer (sometimes; Albert et al. 2015); ant-dispersed (Kew SID); seed has an elaiosome (Pemberton & Irving 1990)",NA,NA,2022-06-03T00:00:00Z,45037,2023-04-21T00:00:00Z,4,2,2
2,Lupinus arboreus,Fabales,Fabaceae,ballistic,NA,1.2644822764866648,1.1863121514203103,1.2644822764866648,NA,shrub,3,"NZ Flora Online: bank, clay, cliff, coast, dry, flat , forest, gravel, hill, lake margin, margin, open, pasture, ridge, riparian, riverbed, roadside, rock outcrop, sand, shrubland, slope, wasteland; NZPCN: Short tussockland, bare land, riverbeds, coastal sandy and well drained areas.",riparian,pod,dry,explosively dehiscent pod,0.03276,ballistic,NA,ballistic,NA,NA,NA,NA,NA,NZPCN,Seed pod splits explosively to disperse seeds (NZPCN); no structures directly aiding active seed dispersal and large seeds >10 mg (Esler 1988),"L. angustifolius: Methods originating from parent plant or diaspore; Explosive mechanism; Direct or experimental observation; (Kozlowski, 1972, cited in Kew SID); Diaspore=seed. Legume dehisces explosively. L. nootkatensis: Water; Floating in freshwater currents; Assumption based upon the ecology/distribution of the species; (Ridley, 1930); The diaspore is buoyant.",NA,NA,2022-06-08T00:00:00Z,45049,2022-06-21T00:00:00Z,1,1,0
2,Lupinus polyphyllus,Fabales,Fabaceae,ballistic,NA,0.22139864387881547,0.2138223770061439,0.22139864387881547,NA,herb,0.6,"NZ Flora Online: bank, clay, coast, dry, gap, gravel, hill, loam, lowland, margin, open, pasture, riverbed, roadside, sand, shrubland, slope, track, wasteland; NZPCN: Establishes in waste places and lowland areas, streams, riverbeds and disturbed montane to subalpine areas.",riparian,pod,dry,explosively dehiscent pod,0.021,ballistic,NA,ballistic,water,NA,NA,NA,NA,Timmins & Mackenzie 1995,"Explosive mechanism, humans, tourists, waterways (particularly in floods) (Timmins & MacKenzie 1995).","L. angustifolius: Methods originating from parent plant or diaspore; Explosive mechanism; Direct or experimental observation; (Kozlowski, 1972, cited in Kew SID); Diaspore=seed. Legume dehisces explosively. L. nootkatensis: Water; Floating in freshwater currents; Assumption based upon the ecology/distribution of the species; (Ridley, 1930); The diaspore is buoyant.",NA,NA,2022-06-08T00:00:00Z,45049,2022-06-21T00:00:00Z,2,1,1
2,Paraserianthes lophantha,Fabales,Fabaceae,ballistic,NA,1.37112120860654,1.3519493182066862,1.37112120860654,shrub-tree,shrub,8,"NZ Flora Onilne: bank, clay, coast, dry, gap, gravel, lowland, margin, ridge, roadside, rock outcrop, shaded, sheltered, shrubland, slope, unstable/eroded; NZPCN: Prefers disturbed open land, especially scrubland, riverbanks and coastal sites, but can persist in low forest for many years.",riparian,pod,dry,explosively dehiscent pod,0.0649,ballistic,NA,ballistic,water,NA,NA,NA,NA,NZPCN,"Seeds are dispersed explosively, transported down water courses (NZPCN).",NA,NA,NA,2022-06-08T00:00:00Z,45055,2022-06-22T00:00:00Z,2,1,1
2,Pultenaea daphnoides,Fabales,Fabaceae,ant,NA,1.9066550455023177,2.075346360446509,1.9066550455023177,NA,shrub,2,NA,NA,pod,dry,elaiosome,0.004200000000000001,ant,NA,ant,NA,NA,NA,NA,NA,Berg 1975; O'Dowd & Gill 1986,NA,Animal; Diaspore is carried intentionally; Direct or experimental observation; (O'Dowd & Gill 1986); Ants.; Diaspore=seed. The seed has an elaiosome. Probably myrmecochorous (Berg 1975),NA,NA,2022-06-08T00:00:00Z,NA,2022-06-22T00:00:00Z,1,1,0
2,Robinia pseudoacacia,Fabales,Fabaceae,wind.special,NA,2.1093335167419767,2.361297629836645,2.1093335167419767,NA,tree,25,"NZ Flora Online: bank, coast, dry, hill, lowland, margin, moist, open, riparian, river terrace, roadside, sand, shaded, sheltered, silt, slope, stone, terrace, wasteland",riparian,pod,dry,none,0.0192,unspecialised,NA,water,wind.none,NA,NA,NA,seeds dispersed up to 67 m from nearest adult (Morimoto et al. 2009),Esler 1988; Morimoto et al. 2010; SID,has no structures directly aiding active seed dispersal and large seeds (>10 mg) (Esler 1988).,"Unassisted; Seeds drop to the ground close to or beneath the parent plant; Method not stated; (Young & Young, 1992); Diaspore=seed; seeds are dispersed beneath reproductive trees, while seeds in pods are able to be dispersed far from the reproductive trees by flowing water (Ridley 1930, cited in Morimoto et al. 2010). Most seeds were dispersed as pods, seeds dispersed by wind and streams (Morimoto et al. 2010).",NA,NA,2022-06-08T00:00:00Z,NA,2022-06-23T00:00:00Z,2,1,1
2,Senna septemtrionalis,Fabales,Fabaceae,ballistic,NA,1.2414056744337745,1.1464933433552256,1.2414056744337745,NA,shrub,2,"NZ Flora Online:  bank, gap, gully, open, roadside, slope, track, wasteland",NA,pod,dry,explosively dehiscent pod,0.020030000000000003,ballistic,NA,ballistic,NA,NA,NA,NA,NA,West 1996,Senna spp. have no structures directly aiding active seed dispersal and large seeds >10 mg (Esler 1988); ballistic (West 1996),"S. alata: Methods originating from parent plant or diaspore; Dispersal is delayed until some environmental cue; Direct or experimental observation; (van der Pijl, 1982, cited in Kew SID); Also dispersed by wind. The diaspore has wings or wing-like features. Diaspore dehisces explosively and is then wind dispersed. S. planitiicola: Unassisted; Seeds drop to the ground close to or beneath the parent plant; Assumption based upon diaspore morphology; (Jurado et al., 1991, cited in Kew SID)",NA,NA,2022-06-09T00:00:00Z,NA,2022-06-27T00:00:00Z,1,1,0
2,Spartium junceum,Fabales,Fabaceae,ballistic,NA,1.3459848897416105,1.29748395486315,1.3459848897416105,NA,shrub,3,NA,NA,pod,dry,explosively dehiscent pod,0.014539999999999999,ballistic,NA,ballistic,ant,attachment,water,NA,4 m,Geerts et al. 2013,NA,"seed pods burst open to disperse seeds 3-4 m from the parent plant, with secondary dispersal by ants, rain-wash, streams, agricultural products and in mud attached to animals, vehicles and road maintenance machinery (Geerts et al. 2013).",NA,NA,2022-06-09T00:00:00Z,NA,2022-06-27T00:00:00Z,4,1,3
2,Spartium junceum,Fabales,Fabaceae,ant,NA,1.8544962552837445,2.012542026657421,1.8544962552837445,NA,shrub,3,NA,NA,pod,dry,explosively dehiscent pod,0.014539999999999999,ballistic,NA,ballistic,ant,attachment,water,NA,4 m,Geerts et al. 2013,NA,"seed pods burst open to disperse seeds 3-4 m from the parent plant, with secondary dispersal by ants, rain-wash, streams, agricultural products and in mud attached to animals, vehicles and road maintenance machinery (Geerts et al. 2013).",NA,NA,2022-06-09T00:00:00Z,NA,2022-06-27T00:00:00Z,4,1,3
2,Spartium junceum,Fabales,Fabaceae,animal,NA,2.9484155747626635,2.7257144948230736,2.9484155747626635,NA,shrub,3,NA,NA,pod,dry,explosively dehiscent pod,0.014539999999999999,ballistic,NA,ballistic,ant,attachment,water,NA,4 m,Geerts et al. 2013,NA,"seed pods burst open to disperse seeds 3-4 m from the parent plant, with secondary dispersal by ants, rain-wash, streams, agricultural products and in mud attached to animals, vehicles and road maintenance machinery (Geerts et al. 2013).",NA,NA,2022-06-09T00:00:00Z,NA,2022-06-27T00:00:00Z,4,1,3
2,Ulex europaeus,Fabales,Fabaceae,ballistic,NA,1.3537100535129483,1.2996796015394372,1.3537100535129483,NA,shrub,2,"NZ Flora Online: bank, clay, coast, dry, forest, forest edge, gap, grassland, gravel, gully, hill, lake margin, lowland, margin, open, pasture, riverbed, roadside, sand, sheltered, shrubland, silt, slope, stone, terrace, wasteland; NZPCN: coastal and lowland habitats. The plant occurs in sites with low - low/modertate fertility. It is common in disturbed areas and can tolerate a wide range of conditions and soil types allowing it to establish in most areas. It is more abundant in waste places, riverbeds and poorer land than it is in developed and fertile land. It occurs in scrub and forest margin, shrubland, fernland and riverbed communities and grassland, shrubland, forest margins, coastal habitats and waste places. It occurs in rough foothills and less-intensively farmed areas and is often abundant in disturbed lowland and lower montane places. It is a plant that often aggressively invades rough pasture.",riparian,pod,dry,"explosively dehiscent pod, elaiosome",0.00654,ballistic,ant,ballistic,ant,water,internal,attachment,6 m,Smith 1985; Webb et al. 1988; Esler 1988; Pemberton & Irving 1990; Cronk & Fuller 1995; Atkinson 1997; Higgins et al. 2006; Harrington et al. 2011; Reynolds et al. 2015; Roberts & Florentine 2021,"ovary wall propels seeds by the violent parting of valves; has no structures directly aiding active seed dispersal and medium-sized seeds (1-10 mg) (Esler 1988). Explosive seed capsules (Atkinson 1997); Seed is dispersed by an explosive mechanism and gravity, Seed pods disperse seed up to 6 metres from the parent plant, Machinery assists seed dispersal, Some seed is carried by water and shingle and by gravel, soil and birds (NZPCN); seeds fed to goats viable and germinated after defecation (Harrington et al. 2011). Seeds in silvereye alimentary canals (Higgins et al. 2006).","explosively dehiscent (Cronk & Fuller 1995); experimental feeding trials showed viable seeds recovered from duck faeces (Reynolds et al. 2015); Seeds are forcibly ejected up to 3m from the parent plant, long-distance dispersal is effected by man or by capsules attached to branches entangled in mammal pelage [fur, hair or wool of mammal] (Smith 1985). Seeds dispersed by explosively dehiscent pods, zoochory, humans, water and ants (Roberts & Florentine 2021 and refs therein). Seed has an elaiosome (Pemberton & Irving 1990)",NA,NA,2022-06-09T00:00:00Z,45063,2023-05-17T00:00:00Z,5,2,3
2,Ulex europaeus,Fabales,Fabaceae,ant,NA,1.8622214190550825,2.0147376733337086,1.8622214190550825,NA,shrub,2,"NZ Flora Online: bank, clay, coast, dry, forest, forest edge, gap, grassland, gravel, gully, hill, lake margin, lowland, margin, open, pasture, riverbed, roadside, sand, sheltered, shrubland, silt, slope, stone, terrace, wasteland; NZPCN: coastal and lowland habitats. The plant occurs in sites with low - low/modertate fertility. It is common in disturbed areas and can tolerate a wide range of conditions and soil types allowing it to establish in most areas. It is more abundant in waste places, riverbeds and poorer land than it is in developed and fertile land. It occurs in scrub and forest margin, shrubland, fernland and riverbed communities and grassland, shrubland, forest margins, coastal habitats and waste places. It occurs in rough foothills and less-intensively farmed areas and is often abundant in disturbed lowland and lower montane places. It is a plant that often aggressively invades rough pasture.",riparian,pod,dry,"explosively dehiscent pod, elaiosome",0.00654,ballistic,ant,ballistic,ant,water,internal,attachment,6 m,Smith 1985; Webb et al. 1988; Esler 1988; Pemberton & Irving 1990; Cronk & Fuller 1995; Atkinson 1997; Higgins et al. 2006; Harrington et al. 2011; Reynolds et al. 2015; Roberts & Florentine 2021,"ovary wall propels seeds by the violent parting of valves; has no structures directly aiding active seed dispersal and medium-sized seeds (1-10 mg) (Esler 1988). Explosive seed capsules (Atkinson 1997); Seed is dispersed by an explosive mechanism and gravity, Seed pods disperse seed up to 6 metres from the parent plant, Machinery assists seed dispersal, Some seed is carried by water and shingle and by gravel, soil and birds (NZPCN); seeds fed to goats viable and germinated after defecation (Harrington et al. 2011). Seeds in silvereye alimentary canals (Higgins et al. 2006).","explosively dehiscent (Cronk & Fuller 1995); experimental feeding trials showed viable seeds recovered from duck faeces (Reynolds et al. 2015); Seeds are forcibly ejected up to 3m from the parent plant, long-distance dispersal is effected by man or by capsules attached to branches entangled in mammal pelage [fur, hair or wool of mammal] (Smith 1985). Seeds dispersed by explosively dehiscent pods, zoochory, humans, water and ants (Roberts & Florentine 2021 and refs therein). Seed has an elaiosome (Pemberton & Irving 1990)",NA,NA,2022-06-09T00:00:00Z,45063,2023-05-17T00:00:00Z,5,2,3
2,Ulex europaeus,Fabales,Fabaceae,animal,NA,2.9561407385340015,2.7279101414993607,2.9561407385340015,NA,shrub,2,"NZ Flora Online: bank, clay, coast, dry, forest, forest edge, gap, grassland, gravel, gully, hill, lake margin, lowland, margin, open, pasture, riverbed, roadside, sand, sheltered, shrubland, silt, slope, stone, terrace, wasteland; NZPCN: coastal and lowland habitats. The plant occurs in sites with low - low/modertate fertility. It is common in disturbed areas and can tolerate a wide range of conditions and soil types allowing it to establish in most areas. It is more abundant in waste places, riverbeds and poorer land than it is in developed and fertile land. It occurs in scrub and forest margin, shrubland, fernland and riverbed communities and grassland, shrubland, forest margins, coastal habitats and waste places. It occurs in rough foothills and less-intensively farmed areas and is often abundant in disturbed lowland and lower montane places. It is a plant that often aggressively invades rough pasture.",riparian,pod,dry,"explosively dehiscent pod, elaiosome",0.00654,ballistic,ant,ballistic,ant,water,internal,attachment,6 m,Smith 1985; Webb et al. 1988; Esler 1988; Pemberton & Irving 1990; Cronk & Fuller 1995; Atkinson 1997; Higgins et al. 2006; Harrington et al. 2011; Reynolds et al. 2015; Roberts & Florentine 2021,"ovary wall propels seeds by the violent parting of valves; has no structures directly aiding active seed dispersal and medium-sized seeds (1-10 mg) (Esler 1988). Explosive seed capsules (Atkinson 1997); Seed is dispersed by an explosive mechanism and gravity, Seed pods disperse seed up to 6 metres from the parent plant, Machinery assists seed dispersal, Some seed is carried by water and shingle and by gravel, soil and birds (NZPCN); seeds fed to goats viable and germinated after defecation (Harrington et al. 2011). Seeds in silvereye alimentary canals (Higgins et al. 2006).","explosively dehiscent (Cronk & Fuller 1995); experimental feeding trials showed viable seeds recovered from duck faeces (Reynolds et al. 2015); Seeds are forcibly ejected up to 3m from the parent plant, long-distance dispersal is effected by man or by capsules attached to branches entangled in mammal pelage [fur, hair or wool of mammal] (Smith 1985). Seeds dispersed by explosively dehiscent pods, zoochory, humans, water and ants (Roberts & Florentine 2021 and refs therein). Seed has an elaiosome (Pemberton & Irving 1990)",NA,NA,2022-06-09T00:00:00Z,45063,2023-05-17T00:00:00Z,5,2,3
2,Quercus robur,Fagales,Fagaceae,animal,2.6307828684138537,2.8164839099401378,2.7235168350224814,2.6307828684138537,NA,tree,30,NA,NA,acorn,dry,edible fruit,3.378,scatterhoarding,NA,scatterhoarding,internal,NA,NA,NA,NA,Almeida et al. 2022; SID,NA,"Animal; Diaspore is carried intentionally; Method not stated; (Bouman et al. 2000, cited in Kew SID). seeds ingested by waterfowl (Almeida et al. 2022).",scatterhoarding? (possibly rats in NZ?),NA,2022-06-08T00:00:00Z,NA,2022-06-23T00:00:00Z,2,1,1
2,Ribes sanguineum,Saxifragales,Grossulariaceae,animal,NA,NA,2.910701741861612,2.910701741861612,NA,shrub,2,"NZ Flora Online: bank, grassland, hill, margin, open, pasture, ridge, roadside, shrubland, slope",NA,berry,fleshy,fleshy,0.00172,internal,NA,internal,NA,NA,NA,NA,NA,Burrows 1994,NA,NA,NA,NA,2022-06-08T00:00:00Z,NA,2023-06-21T00:00:00Z,1,1,0
2,Ribes uva-crispa,Saxifragales,Grossulariaceae,animal,NA,NA,2.7442610411847546,2.7442610411847546,NA,shrub,1.5,"NZ Flora Online:  bank, forest, gap, hill, lake margin, margin, river terrace, sand, shaded, sheltered, shrubland, silt, stone, terrace. NZPCN: Grass and scrub covered areas, rocky outcrops and forest margins",riparian,berry,fleshy,fleshy,0.00333,internal,NA,internal,NA,NA,NA,NA,NA,Snow & Snow 1988,NA,England: fruits eaten by blackbird. Fruit removal rates very rapid but few observations of bird feeding (Snow & Snow 1988).,NA,NA,2022-06-08T00:00:00Z,45098,2023-06-21T00:00:00Z,1,1,0
2,Gunnera tinctoria,Gunnerales,Gunneraceae,animal,NA,NA,2.4698681279611625,2.4698681279611625,NA,herb,2.5,"NZ Flora Online: bank, clay, cliff, coast, gap, gorge, gravel, hill, lowland, margin, moist, open, pasture, ridge, riparian, roadside, rock outcrop, sand, shaded, sheltered, shrubland, silt, slope, stone, terrace, unstable/eroded, wasteland. NZPCN: Margins of wetlands, damp cliffs and banks, often in light shade.",riparian,drupe,fleshy,fleshy,7.8e-4,internal,NA,internal,NA,NA,NA,NA,NA,Williams et al. 2005,blackbird & white-eye (Zosterops lateralis) have been observed eating the fruit.,NA,NA,NA,2022-06-07T00:00:00Z,NA,2023-06-16T00:00:00Z,1,1,0
2,Hypericum androsaemum,Malpighiales,Hypericaceae,animal,3.5006263803932978,3.534476084686098,3.272845067268554,3.5006263803932978,NA,shrub,1.5,"NZ Flora Online: bank, cliff, coast, forest, forest edge, gorge, gravel, gully, hill, lake margin, lowland, margin, moist, open, pasture, riparian, roadside, rock outcrop, sand, shaded, shrubland, slope, stone, terrace, track, wasteland. NZPCN: A plant found in cool damp situations. Forest communities are invaded under light shade. A plant that grows in higher rainfall areas. Prefers full light or light shade. A plant of forest margins in North and South Island (Hilgendorf 1926). The plant grows in rocklands and steep banks. The plant is prevalent in unintensively farmed land, wasteland and road verges. The plant grows in forest margins, scrub and other secondary growth, open forest, waste places and garden surrounds. A plant of low and disturbed forest and open areas. Forest communities which have a high light intensity as well as some alluvial plant communities (Fromont and King, 1992).",riparian,berry-like capsule,fleshy,fleshy,7.000000000000001e-5,internal,NA,internal,NA,NA,NA,NA,NA,Burrows 1995,"bird dispersed (Burrows 1995); presumably dispersed by birds (Webb 1988). Unknown if birds spread seeds but it is suspected (Fromont & King 1992). Dust seeds, lacks structures promoting active dispersal (Esler 1988).",NA,NA,NA,2022-06-08T00:00:00Z,45096,2023-06-19T00:00:00Z,1,1,0
2,Hypericum perforatum,Malpighiales,Hypericaceae,wind.special,1.3492403091166083,1.3830900134094086,1.3923662977123055,1.3492403091166083,NA,herb,1,"NZ Flora Online: bank, clay, coast, dry, flat , grassland, gravel, hill, lake margin, margin, moist, open, pasture, riparian, roadside, rock outcrop, sand, shrubland, slope, terrace, track, wasteland; NZPCN: Disturbed short tussockland, herbfield, bare land",riparian,capsule,dry,none,2e-4,unspecialised,NA,wind.none,internal,attachment,water,NA,NA,"Couvreur et al. 2004; Albert et al. 2015; Almeida et al. 2022, 2025; Rutledge & McLendon sine anno; NZPCN","NZPCN: Seeds dispersed via wind (minor), possibly livestock. Rhizomes via soil and water movement.","Combination: wind+animal; Method not stated; Also dispersed by water and via vegetative spread. Diaspore=seed (Rutledge & McLendon, sine anno, cited in Kew SID). Seeds are dispersed by deer internally (sometimes) and on fur (sometimes; Albert et al. 2015). Seeds dispersed attached to cattle and horse fur, wind-dispersed seed (seeds small and shed from a capsule above surrounding vegetation) (Couvreur et al. 2004).  seeds ingested by waterfowl in Europe (Almeida et al. 2022) and North America (Almeida et al. 2025).",dispersal based on morphology,NA,2022-06-08T00:00:00Z,45043,2022-06-21T00:00:00Z,4,1,3
2,Hypericum perforatum,Malpighiales,Hypericaceae,animal,2.5226892999914754,2.5565390042842755,2.413986476290044,2.5226892999914754,NA,herb,1,"NZ Flora Online: bank, clay, coast, dry, flat , grassland, gravel, hill, lake margin, margin, moist, open, pasture, riparian, roadside, rock outcrop, sand, shrubland, slope, terrace, track, wasteland; NZPCN: Disturbed short tussockland, herbfield, bare land",riparian,capsule,dry,none,2e-4,unspecialised,NA,wind.none,internal,attachment,water,NA,NA,"Couvreur et al. 2004; Albert et al. 2015; Almeida et al. 2022, 2025; Rutledge & McLendon sine anno; NZPCN","NZPCN: Seeds dispersed via wind (minor), possibly livestock. Rhizomes via soil and water movement.","Combination: wind+animal; Method not stated; Also dispersed by water and via vegetative spread. Diaspore=seed (Rutledge & McLendon, sine anno, cited in Kew SID). Seeds are dispersed by deer internally (sometimes) and on fur (sometimes; Albert et al. 2015). Seeds dispersed attached to cattle and horse fur, wind-dispersed seed (seeds small and shed from a capsule above surrounding vegetation) (Couvreur et al. 2004).  seeds ingested by waterfowl in Europe (Almeida et al. 2022) and North America (Almeida et al. 2025).",dispersal based on morphology,NA,2022-06-08T00:00:00Z,45043,2022-06-21T00:00:00Z,4,1,3
2,Aristea ecklonii,Asparagales,Iridaceae,wind.special,NA,0.9148970680273085,0.9344279986528989,0.9148970680273085,NA,herb,0.45,"NZ Flora Online: bank, clay, coast, dry, hill, lowland, open, pasture, ridge, roadside, wetland; NZPCN: Shrubland, open and disturbed forest (esp Kauri), herbfields, bush margins, gumland, coastline, rocky and bare land, especially in warm areas.",NA,capsule,dry,none,0.0012150000000000002,unspecialised,NA,wind.none,water,NA,NA,NA,NA,"NZPCN website, accessed 11 April 2023","NZPCN: seed dispersed by people, wind, water; ETNZF says unspecialised",NA,NA,NA,2022-06-02T00:00:00Z,45027,2022-06-19T00:00:00Z,2,1,1
2,Iris foetidissima,Asparagales,Iridaceae,animal,NA,1.7717504774864437,1.5360401519279254,1.7717504774864437,NA,herb,0.8,"NZ Flora Online: bank, cliff, coast, dry, forest, lowland, pasture, roadside, rock outcrop, shaded, shrubland, silt, slope, terrace, track, wasteland",NA,arillate,fleshy,fleshy,0.07941,internal,NA,internal,water,NA,NA,NA,NA,Webb et al. 1988; Atkinson 1997; Timmins & Mckenzie 1995,has no structures directly aiding active seed dispersal and large seeds >10 mg (Esler 1988). Seeds are dispersed by birds (Webb et al. 1988; Atkinson 1997). Seed is dispersed by birds and water (Timmins & MacKenzie 1995).,Occasionally eaten by blackbird & song thrush but fruits remain on plants for months. Stinking iris fruit is evidently relatively unpopular with fruit-eaters except when food is scarce (Snow & Snow 1988).,NA,NA,2022-06-08T00:00:00Z,45096,2023-06-19T00:00:00Z,2,1,1
2,Iris pseudacorus,Asparagales,Iridaceae,animal,NA,1.873655743184915,1.6796324964775868,1.873655743184915,NA,herb,1,"NZ Flora Online: bank, coast, dry, forest, gully, lake margin, margin, moist, pasture, roadside, silt; NZPCN: Still and slow flowing water bodies, wetlands and reported from salt marshes overseas.",riparian,capsule,aquatic,"buoyant seed, hard seed coat, gas space inside seed",0.04279,water,NA,water,internal,NA,NA,NA,NA,Coops & van der Velde 1995; van den Broek et al. 2005; Almeida et al. 2022; NZPCN,"Seeds and rhizome fragments spread by water and contaminated machinery, and deliberate planting (NZPCN Factsheet prepared by Paul Champion and Deborah Hofstra (NIWA)).",experiment show seeds are highly buoyant (van den Broek et al. 2005); seeds can float for 7 months on a calm surface (Coops & van der Velde 1995).  seeds ingested by waterfowl (Almeida et al. 2022).,NA,NA,2022-06-08T00:00:00Z,45043,2023-04-27T00:00:00Z,2,1,1
2,Moraea flaccida,Asparagales,Iridaceae,wind.special,NA,0.8719907120216455,0.8818210728602532,0.8719907120216455,NA,herb,0.6,NZPCN: Pasture and grassy waste land in scattered localities,NA,capsule,dry,none,0.00311,unspecialised,NA,wind.none,water,attachment,NA,NA,NA,van Kleunen et al. 2008; NZPCN,"Seeds spread by wind, corms and seeds spread by water, and on mud spread by animals, implements and vehicles (NZPCN).",van Kleunen et al. 2008: does not appear to have any specific dispersal syndromes,NA,NA,2022-06-08T00:00:00Z,45049,2022-06-22T00:00:00Z,3,1,2
2,Moraea flaccida,Asparagales,Iridaceae,animal,NA,2.045439702896512,1.9034412514379917,2.045439702896512,NA,herb,0.6,NZPCN: Pasture and grassy waste land in scattered localities,NA,capsule,dry,none,0.00311,unspecialised,NA,wind.none,water,attachment,NA,NA,NA,van Kleunen et al. 2008; NZPCN,"Seeds spread by wind, corms and seeds spread by water, and on mud spread by animals, implements and vehicles (NZPCN).",van Kleunen et al. 2008: does not appear to have any specific dispersal syndromes,NA,NA,2022-06-08T00:00:00Z,45049,2022-06-22T00:00:00Z,3,1,2
2,Juglans ailantifolia,Fagales,Juglandaceae,animal,2.511564671188953,2.622938230524297,2.4452549999861444,2.511564671188953,NA,tree,15,"NZ Flora Online:  bank, coast, hill, open, pasture, riparian, river terrace, roadside, sand, shrubland, silt, stone, terrace, wasteland",riparian,drupe,dry,none,6.767,scatterhoarding,NA,scatterhoarding,water,NA,NA,NA,NA,Esler 1988; Tamura 2001; Weedbusters https://www.weedbusters.org.nz/what-are-weeds/weed-list/japanese-walnut/,"Spreads by water [streams], occasionally dumped nuts, possibly by pigs or possums, favoured habitat of rats (Weedbusters https://www.weedbusters.org.nz/what-are-weeds/weed-list/japanese-walnut/). Seedlings sometimes appear in large numbers in the vicinity of parents (Webb et al. 1988). has no structures directly aiding active dispersal and large seeds (>10 mg) (Esler 1988).",squirrels & wood mice disperse seeds via scatterhoarding in Japan (Tamura 2001); damaged seeds found in bear droppings (Koike et al. 2008).,also possible scatterhoarding by rats in NZ?,NA,2022-06-08T00:00:00Z,NA,2022-06-21T00:00:00Z,2,1,1
2,Juncus acutus,Poales,Juncaceae,animal,2.33656743849037,2.720772141894734,2.508850403425315,2.33656743849037,rush,herb,1,"NZ Flora Online: coast, dry, gravel, moist, open, roadside, sand, sheltered, silt; NZPCN: Wet and seasonally dry sandy areas",NA,capsule,dry,sticky mucilage,1e-4,attachment,NA,attachment,water,NA,NA,NA,NA,Esler 1988; NZPCN,"Seeds of Juncus spp. become mucilaginous when wet and can be carried long distances adhering to moving objects (Esler 1988); Seed dispersed by animals, water or contaminated machinery (NZPCN Factsheet prepared by Paul Champion and Deborah Hofstra (NIWA)).",Juncus sp. dispersed by water birds via ectozoochory (Reynolds & Cumming 2016); J. articulatus (Albert et al. 2015) and J. canadensis and J. effusus seeds germinated from white-tailed deer faeces (Flaherty et al. 2018),NA,NA,2022-06-08T00:00:00Z,45043,2022-06-21T00:00:00Z,2,1,1
2,Juncus articulatus,Poales,Juncaceae,animal,2.40678790182026,2.790992605224624,2.5941237592642747,2.40678790182026,rush,herb,0.6,"NZ Flora Online: bank, clay, cliff, coast, flat, grassland, gravel, hill, lake margin, lowland, margin, moist, montane, open, pasture, peat, riverbed, roadside, rock outcrop, sand, silt, slope, stone, terrace, wetland; NZPCN: Margins of flowing and still water bodies, drains and wet pasture, sometimes submerged or floating.",riparian,capsule,dry,sticky mucilage,2e-5,attachment,NA,attachment,water,internal,wind.none,NA,NA,Welch 1985; Esler 1988; Couvreur et al. 2004; Rosenthal 2006; Albert et al. 2015; Almeida et al. 2022; NZPCN,"Seeds of Juncus spp. become mucilaginous when wet and can be carried long distances adhering to moving objects (Esler 1988); Seed dispersed by animals, water or contaminated machinery (NZPCN Factsheet prepared by Paul Champion and Deborah Hofstra (NIWA)).","short distance wind dispersal; epichorous, mucilage adhesion (Rosenthal 2006); seeds are dispersed by deer internally (sometimes; Albert et al. 2015). Seeds dispersed attached to cattle fur (Couvreur et al. 2004); seeds germinated from red deer dung (Welch 1985). seeds ingested by waterfowl (Almeida et al. 2022).",NA,NA,2022-06-08T00:00:00Z,45043,2022-06-21T00:00:00Z,4,1,3
2,Juncus articulatus,Poales,Juncaceae,wind.special,1.2333389109453934,1.6175436143497575,1.5725035806865364,1.2333389109453934,rush,herb,0.6,"NZ Flora Online: bank, clay, cliff, coast, flat, grassland, gravel, hill, lake margin, lowland, margin, moist, montane, open, pasture, peat, riverbed, roadside, rock outcrop, sand, silt, slope, stone, terrace, wetland; NZPCN: Margins of flowing and still water bodies, drains and wet pasture, sometimes submerged or floating.",riparian,capsule,dry,sticky mucilage,2e-5,attachment,NA,attachment,water,internal,wind.none,NA,NA,Welch 1985; Esler 1988; Couvreur et al. 2004; Rosenthal 2006; Albert et al. 2015; Almeida et al. 2022; NZPCN,"Seeds of Juncus spp. become mucilaginous when wet and can be carried long distances adhering to moving objects (Esler 1988); Seed dispersed by animals, water or contaminated machinery (NZPCN Factsheet prepared by Paul Champion and Deborah Hofstra (NIWA)).","short distance wind dispersal; epichorous, mucilage adhesion (Rosenthal 2006); seeds are dispersed by deer internally (sometimes; Albert et al. 2015). Seeds dispersed attached to cattle fur (Couvreur et al. 2004); seeds germinated from red deer dung (Welch 1985). seeds ingested by waterfowl (Almeida et al. 2022).",NA,NA,2022-06-08T00:00:00Z,45043,2022-06-21T00:00:00Z,4,1,3
2,Juncus bulbosus,Poales,Juncaceae,animal,1.9095849100116866,2.2937896134160507,1.8874047969279588,1.9095849100116866,rush,herb,0.15,"NZPCN: Mostly peaty sites in wet pastures, water body margins, drains and wetlands, sometimes submerged; NZ Flora Online: alpine, fernland, gravel, margin, moist, open, ridge, roadside, sand, shrubland, silt, wetland",NA,capsule,dry,sticky mucilage,2.405e-4,attachment,NA,attachment,water,NA,NA,NA,NA,Esler 1988; NZPCN,"Seeds of Juncus spp. become mucilaginous when wet and can be carried long distances adhering to moving objects (Esler 1988); Seed dispersed by animals, water or contaminated machinery (NZPCN Factsheet prepared by Paul Champion and Deborah Hofstra (NIWA)).",Juncus sp. dispersed by water birds via ectozoochory (Reynolds & Cumming 2016); J. articulatus (Albert et al. 2015) and J. canadensis and J. effusus seeds germinated from white-tailed deer faeces (Flaherty et al. 2018),NA,NA,2022-06-08T00:00:00Z,45043,2022-06-21T00:00:00Z,2,1,1
2,Juncus squarrosus,Poales,Juncaceae,animal,2.1490094887701328,2.533214192174497,2.2314180739534333,2.1490094887701328,rush,herb,0.35,"NZ Flora Online: forest edge, gravel, hill, lake margin, moist, open, pasture, roadside, shrubland, slope, track; NZPCN: Peaty and other low nutrient (acid) sites.",NA,capsule,dry,sticky mucilage,1e-4,attachment,NA,attachment,water,internal,NA,NA,NA,Welch 1985; Esler 1988; Mouissie et al. 2005; Albert et al. 2015; NZPCN,"Seeds of Juncus spp. become mucilaginous when wet and can be carried long distances adhering to moving objects (Esler 1988); Seed dispersed by animals, water or contaminated machinery (NZPCN Facthseet prepared by Paul Champion and Deborah Hofstra (NIWA)).","fruits with seeds attached to fleece of real sheep, also attached to experimental sheep dummy but not cattle dummy (Mouissie et al. 2005); seeds are dispersed by deer internally (sometimes; Albert et al. 2015). seeds germinated from cattle, red deer, hare and red grouse dung (Welch 1985).",NA,NA,2022-06-08T00:00:00Z,45043,2022-06-21T00:00:00Z,3,1,2
2,Lycopus europaeus,Lamiales,Lamiaceae,animal,2.314330788619831,2.367868871662877,2.358494636244766,2.314330788619831,NA,herb,1,"NZPCN: Lake and river margins, drains and swamps, often growing at the base of raupo and tall sedges.",riparian,nutlet,dry,buoyant seed,3e-4,water,NA,water,internal,attachment,NA,NA,NA,Couvreur et al. 2004; van den Broek et al. 2005; Rosenthal 2006; Albert et al. 2015; Almeida et al. 2022; NZPCN,"Seed dispersed by water, footwear or contaminated machinery (NZPCN Factsheet prepared by Paul Champion and Deborah Hofstra (NIWA))","high terminal velocity (Soomers et al. 2013); experiments show seeds are highly buoyant (van den Broek et al. 2005); water - floating tissue, seed specific weight <1; wind - flattened or winged seed (Rosenthal 2006). Seeds are dispersed by deer internally (sometimes; Albert et al. 2015). Seeds dispersed attached to cattle fur (Couvreur et al. 2004). seeds ingested by waterfowl (Almeida et al. 2022).",NA,NA,2022-06-08T00:00:00Z,45049,2022-06-21T00:00:00Z,3,1,2
2,Laurus nobilis,Laurales,Lauraceae,animal,NA,NA,2.4610747927786694,2.4610747927786694,shrub-tree,shrub,7,"NZ Flora Online: clay, cliff, coast, dry, gravel, gully, hill, loam, lowland, margin, open, roadside, rock outcrop, sand, shaded, sheltered, silt, stone, terrace, track, wasteland. NZPCN: intact bush, waste land and scrub",NA,berry,fleshy,fleshy,0.51627,internal,NA,internal,NA,NA,NA,NA,NA,NZPCN,Dispersed by birds and people (NZPCN),NA,NA,NA,2022-06-08T00:00:00Z,45096,2023-06-19T00:00:00Z,1,1,0
2,Utricularia gibba,Lamiales,Lentibulariaceae,animal,NA,2.3409131506370517,2.29695679568148,2.3409131506370517,NA,herb,0.3,"NZ Flora Online: coast, moist, sand; NZPCN: Most freshwater habitats, especially acidic and nutrient rich water, Tolerant of clean or nutrient-rich, warm or cold, still or slow-moving water",NA,capsule,aquatic,NA,4.6e-5,unspecialised,NA,water,internal,NA,NA,NA,NA,deWinton et al. 2009; NZPCN,"Seed dispersed by waterfowl (deWinton et al 2009); Reproduces freely by seeds, turions, stem fragments. Forms dense mats. Dispersed by Water movement, dumped aquaria contents, contaminated machinery, eel nets, boats and trailers. Seed spread by water fowl (NZPCN Factsheet prepared by Paul Champion and Deborah Hofstra (NIWA)).",NA,dispersal based on morphology,NA,2022-06-09T00:00:00Z,45063,2023-05-17T00:00:00Z,2,1,1
2,Lilium formosanum,Liliales,Liliaceae,wind.special,NA,NA,1.027704506588406,1.027704506588406,NA,herb,0.75,"NZ Flora Online:  bank, coast, dry, gap, lowland, open, pasture, roadside, rock outcrop, sand, sheltered, shrubland, slope, stone, track; NZPCN: Disturbed areas, Roadsides, Dunes",NA,capsule,dry,winged seed,0.001648,wind,NA,wind,NA,NA,NA,NA,NA,Cameron 1989,NA,NA,NA,NA,2022-06-08T00:00:00Z,45048,2022-06-21T00:00:00Z,1,1,0
2,Lythrum salicaria,Myrtales,Lythraceae,animal,2.7609706001600327,2.8193335438104747,2.557664835398403,2.7609706001600327,NA,herb,1,"NZ Flora Online: bank, clay, coast, flat , gap, lake margin, log, lowland, margin, moist, open, pasture, riparian, roadside, sand, shaded, silt, stone, terrace, wasteland, wetland; NZPCN: Lake margins and other wetlands.",riparian,capsule,dry,buoyant seed,7.000000000000001e-5,water,NA,water,attachment,internal,wind.none,NA,NA,"Couvreur et al. 2004; Albert et al. 2015; Almeida et al. 2022; Rutledge & McLendon, sine anno","Dispersed via seed or vegetative fragments. Water dispersed, also deliberate planting (NZPCN Factsheet prepared by Paul Champion and Deborah Hofstra (NIWA))","Water; Floating in freshwater currents; Direct or experimental observation; Also dispersed by animals (livestock and wild animals), wind and via vegetative spread; Diaspore=seed; The diaspore is buoyant; Seed may also attach to clothing of humans (Rutledge & McLendon, sine anno, cited in Kew SID).  Seeds are dispersed by deer internally (sometimes; Albert et al. 2015). Seeds dispersed attached to cattle, donkey and horse fur (Couvreur et al. 2004). seeds ingested by waterfowl (Almeida et al. 2022).",NA,NA,2022-06-08T00:00:00Z,45049,2022-06-21T00:00:00Z,4,1,3
2,Lythrum salicaria,Myrtales,Lythraceae,wind.special,1.587521609285166,1.6458845529356083,1.5360446568206645,1.587521609285166,NA,herb,1,"NZ Flora Online: bank, clay, coast, flat , gap, lake margin, log, lowland, margin, moist, open, pasture, riparian, roadside, sand, shaded, silt, stone, terrace, wasteland, wetland; NZPCN: Lake margins and other wetlands.",riparian,capsule,dry,buoyant seed,7.000000000000001e-5,water,NA,water,attachment,internal,wind.none,NA,NA,"Couvreur et al. 2004; Albert et al. 2015; Almeida et al. 2022; Rutledge & McLendon, sine anno","Dispersed via seed or vegetative fragments. Water dispersed, also deliberate planting (NZPCN Factsheet prepared by Paul Champion and Deborah Hofstra (NIWA))","Water; Floating in freshwater currents; Direct or experimental observation; Also dispersed by animals (livestock and wild animals), wind and via vegetative spread; Diaspore=seed; The diaspore is buoyant; Seed may also attach to clothing of humans (Rutledge & McLendon, sine anno, cited in Kew SID).  Seeds are dispersed by deer internally (sometimes; Albert et al. 2015). Seeds dispersed attached to cattle, donkey and horse fur (Couvreur et al. 2004). seeds ingested by waterfowl (Almeida et al. 2022).",NA,NA,2022-06-08T00:00:00Z,45049,2022-06-21T00:00:00Z,4,1,3
2,Melianthus major,Geraniales,Melianthaceae,wind.special,NA,1.6743481776506566,1.492664373643022,1.6743481776506566,NA,shrub,2,"NZ Flora Online: clay, coast, dry, hill, lowland, open, pasture, ridge, sand, shaded, sheltered, shrubland, slope, stone, wasteland",NA,capsule,dry,winged fruit,0.031150999999999998,water,NA,water,wind.none,internal,NA,NA,NA,Simpson 1971; Fromont & King 1992; Burrows 1994; SID,undamaged seeds of cape honeyflower (Melianthus major) were the main component of the gizzard contents of a Northland kiwi (Simpson 1971).,"Fruit is rolled along ground surface by wind; the diaspore is buoyant (Ridley 1930, cited in Kew Seed Information Database)",NA,NA,2022-06-08T00:00:00Z,NA,2022-06-22T00:00:00Z,3,1,2
2,Melianthus major,Geraniales,Melianthaceae,animal,NA,2.847797168525523,2.5142845522207606,2.847797168525523,NA,shrub,2,"NZ Flora Online: clay, coast, dry, hill, lowland, open, pasture, ridge, sand, shaded, sheltered, shrubland, slope, stone, wasteland",NA,capsule,dry,winged fruit,0.031150999999999998,water,NA,water,wind.none,internal,NA,NA,NA,Simpson 1971; Fromont & King 1992; Burrows 1994; SID,undamaged seeds of cape honeyflower (Melianthus major) were the main component of the gizzard contents of a Northland kiwi (Simpson 1971).,"Fruit is rolled along ground surface by wind; the diaspore is buoyant (Ridley 1930, cited in Kew Seed Information Database)",NA,NA,2022-06-08T00:00:00Z,NA,2022-06-22T00:00:00Z,3,1,2
2,Ficus macrophylla,Rosales,Moraceae,animal,NA,3.611653362486682,3.898786915004014,3.611653362486682,NA,tree,55,"NZ Flora Online: coast, dry, margin, open, roadside, shaded, sheltered",NA,syncarp,fleshy,fleshy,0.0020299999999999997,internal,NA,internal,NA,NA,NA,NA,NA,Moncrieff 1928; Macdonald 1951; Anderson 2006; Spurr et al. 2011,"house sparrows eat figs (Moncrieff 1928); myna, blackbird, starling, silvereye, house sparrow, and grey warbler all feeding in two fig trees in urban garden, Howick, Auckland, at same time (Macdonald 1951); bellbirds eat Ficus spp. fruits",NA,NA,NA,2022-06-07T00:00:00Z,45093,2023-06-16T00:00:00Z,1,1,0
2,Eucalyptus delegatensis,Myrtales,Myrtaceae,wind.special,NA,2.550889923600577,2.5145511616145164,2.550889923600577,NA,tree,30,"NZ Flora Online: gravel, track; NZPCN: Regenerating near old plantations.",NA,dehiscent capsule,dry,none,0.00891,unspecialised,NA,wind.none,NA,NA,NA,NA,NA,SID,NA,"1. Wind; Diaspore is blown by wind; Method not stated; (Young & Young, 1992, cited in Kew SID); Diaspore=seed. On the basis of seed morphology it is also likely that unassisted dispersal plays a key role, with seeds dropping to the ground close to the parent plant. 2. Wind; Diaspore is blown by wind; Method not stated; (Cremer, 1977, cited in Kew SID)",NA,NA,2022-06-07T00:00:00Z,45040,2022-06-21T00:00:00Z,1,1,0
2,Leptospermum laevigatum,Myrtales,Myrtaceae,wind.special,NA,2.291696365084278,1.9477937805511638,2.291696365084278,NA,shrub,2,NA,NA,capsule,dry,winged seed,0.0011200000000000001,wind,NA,wind,NA,NA,NA,NA,NA,Burrell 1981,NA,the seed is wind dispersed (Burrell 1981),NA,NA,2022-06-15T00:00:00Z,NA,2022-06-21T00:00:00Z,1,1,0
2,Luma apiculata,Myrtales,Myrtaceae,animal,NA,3.4210443135486273,3.095276509678222,3.4210443135486273,NA,tree,8,Sykes 2002: mixed podocarp-hardwood stand,NA,berry,fleshy,fleshy,0.0174,internal,NA,internal,NA,NA,NA,NA,NA,Heenan et al. 2004,fruits are bird dispersed (Heenan et al. 2004),NA,NA,NA,NA,NA,NA,1,1,0
2,Psidium guajava,Myrtales,Myrtaceae,animal,NA,3.302086720225356,2.755339189520866,3.302086720225356,shrub-tree,shrub,3,"NZ Flora Online: ridge, roadside, rock outcrop, slope",NA,berry-like,fleshy,fleshy,0.011710000000000002,internal,NA,internal,NA,NA,NA,NA,NA,West 1996; Atkinson 1997; Anderson et al. 2006; Almeida et al. 2025,bird-dispersed (Atkinson 1997). NZPCN: Bird dispersed (Lisa Forester 1996). Rats also eat the fruit but will destroy many of the seeds.,"dispersed by  mammals & birds, often introduced species  (Cronk & Fuller 1995). Vertebrates observed consuming fruits of Psidium spp. (Meisenburg & Fox 2002). Seeds ingested by waterfowl in North America (Almeida et al. 2025).",NA,NA,2022-06-08T00:00:00Z,45098,2023-06-21T00:00:00Z,1,1,0
2,Syzygium australe,Myrtales,Myrtaceae,animal,NA,3.3041025113400333,2.7828582805590627,3.3041025113400333,shrub-tree,shrub,10,"Webb et al. 1988: roadside banks or in scrub near gardens, or disturbed and rather open forest remnants;",NA,baccate (berry-like),fleshy,fleshy,0.09792000000000001,internal,NA,internal,NA,NA,NA,NA,NA,Webb et al. 1988,fleshy fruits are dispersed by birds (Webb et al. 1988),NA,NA,NA,NA,NA,2022-06-21T00:00:00Z,1,1,0
2,Syzygium smithii,Myrtales,Myrtaceae,animal,NA,3.3028110107995867,2.9469354883521324,3.3028110107995867,NA,tree,15,"Weedbusters (https://www.weedbusters.org.nz/what-are-weeds/weed-list/monkey-apple/, accessed 22/6/2023): Disturbed (occasionally intact) forests, shrublands and fernland",NA,baccate (berry-like),fleshy,fleshy,0.17315,internal,NA,internal,NA,NA,NA,NA,NA,Esler 1988; Fromont & King 1992; Karan 2000,"Produces an abundant crop of fleshy fruit dispersed only by native pigeon (Fromont & King 1992). Dispersal possibly almost entirely by the native pigeon (Esler 1988). Fruits fall to the ground beneath the trees except for a few where the trees are within the feeding range of the native pigeon (Esler 1988). Fruits visited by kereru (main visitor), blackbird, sparrow, silvereye & rosella. Only kereru & blackbird capable of swallowing & dispersing (smaller) fruits (Karan 2000). BUT silvereye & maybe sparrow also probably capable of swallowing smallest fruits (D.M.W.). Kereru observed eating fruits at Waitangi, July 2006  (Clayson Howell, pers. comm. 2013).",NA,NA,NA,2022-06-09T00:00:00Z,NA,2023-06-22T00:00:00Z,1,1,0
2,Ugni molinae,Myrtales,Myrtaceae,animal,NA,3.4859788548100314,2.997831423879787,3.4859788548100314,NA,shrub,2,"NZ Flora Online:  coast, fernland, margin, moist, pasture, peat, roadside, shrubland",NA,baccate (berry-like),fleshy,fleshy,9.1e-4,internal,NA,internal,NA,NA,NA,NA,NA,Mora & Smith-Ramirez 2016; NZPCN,"Bird dispersed fruits (NZPCN); seeds dispersed by birds, but wind-dispersed seeds in whole fruits do not germinate under field conditions (Mora & Smith-Ramirez 2016)",NA,NA,NA,2022-06-09T00:00:00Z,45100,2023-06-23T00:00:00Z,1,1,0
2,Ochna serrulata,Malpighiales,Ochnaceae,animal,NA,2.9893094702989793,2.5434830403486814,2.9893094702989793,NA,shrub,3,an urban weed of gardens and derelict building sites (Heenan et al. 1999). NZPCN: Understorey and edge of forest,NA,NA,fleshy,fleshy,0.055060000000000005,internal,NA,internal,water,NA,NA,NA,NA,Heenan et al. 1999; NZPCN,"probably bird-dispersed as it has fleshy fruits (Heenan et al. 1999). Seeds spread by birds, water, gravity (NZPCN)",NA,NA,NA,2022-06-08T00:00:00Z,45096,2023-06-19T00:00:00Z,2,1,1
2,Fraxinus excelsior,Lamiales,Oleaceae,wind.special,2.163460930801047,2.0514450073380317,2.2499345914199758,2.163460930801047,NA,tree,30,"NZ Flora Online: bank, clay, dry, forest, gap, gravel, gully, hill, loam, lowland, margin, moist, open, pasture, river terrace, rock outcrop, sand, shaded, sheltered, shrubland, silt, slope, stone, terrace, wasteland' NZPCN: riverflats, forest, scrub and waste places.",riparian,samara,dry,winged seed,0.0616,wind,NA,wind,internal,NA,NA,NA,NA,Spurr et al. 2011; SID,bellbirds eat fruits (Spurr et al. 2011),"Wind; Diaspore is blown by wind; Direct or experimental observation; (van der Pijl, 1982, cited in Kew SID); Diaspore=samara. The diaspore has wings or wing-like features.",NA,NA,2022-06-07T00:00:00Z,45040,2022-06-21T00:00:00Z,2,1,1
2,Fraxinus excelsior,Lamiales,Oleaceae,animal,3.3369099216759133,3.224893998212898,3.2715547699977146,3.3369099216759133,NA,tree,30,"NZ Flora Online: bank, clay, dry, forest, gap, gravel, gully, hill, loam, lowland, margin, moist, open, pasture, river terrace, rock outcrop, sand, shaded, sheltered, shrubland, silt, slope, stone, terrace, wasteland' NZPCN: riverflats, forest, scrub and waste places.",riparian,samara,dry,winged seed,0.0616,wind,NA,wind,internal,NA,NA,NA,NA,Spurr et al. 2011; SID,bellbirds eat fruits (Spurr et al. 2011),"Wind; Diaspore is blown by wind; Direct or experimental observation; (van der Pijl, 1982, cited in Kew SID); Diaspore=samara. The diaspore has wings or wing-like features.",NA,NA,2022-06-07T00:00:00Z,45040,2022-06-21T00:00:00Z,2,1,1
2,Ligustrum lucidum,Lamiales,Oleaceae,animal,3.2260717133537997,3.1140557898907844,2.940269347585909,3.2260717133537997,shrub-tree,shrub,10,"NZ Flora Online: clay, flat , gap, gully, hill, margin, open, roadside, sand, scrubland, sheltered, slope, stone, wasteland. NZPCN: A plant of coastal and lowland habitats. The plant occurs in sites of low-high fertility. A plant of scrub and forest margins, roadsides, fencelines and open forest communities. A plant of forest, lowland and coastal, forest fragments, shrublands, roadsides, farm hedges, wastelands, domestic garden sites. The plant has naturalised in waste places, margins of remnant forest stands, coastal cliffs and gardens.",NA,drupe,fleshy,fleshy,0.031,internal,NA,internal,NA,NA,NA,NA,NA,Esler 1988; Fromont & King 1992; Timmins & Mackenzie 1995; Atkinson 1997; Karan 2000; Higgins et al. 2006,"Birds, including pigeons, spread the seeds (Fromont & King 1992). Bird-dispersed (Atkinson 1997)",Ligustrum spp. verified as vertebrate-dispersed (Meisenburg & Fox 2002); Bergquist 1987. Fruits eaten by silvereyes in Australia (Higgins et al. 2006).,NA,NA,2022-06-08T00:00:00Z,45096,2023-06-19T00:00:00Z,1,1,0
2,Ligustrum sinense,Lamiales,Oleaceae,animal,3.1653278881487656,3.0533119646857503,2.8431528899006775,3.1653278881487656,shrub-tree,shrub,5,"NZ Flora Online: bank, coast, dry, forest, forest edge, gap, gravel, gully, hill, lowland, margin, open, river terrace, roadside, rock outcrop, sand, scrubland, sheltered, shrubland, slope, stone, terrace, wasteland. NZPCN: A plant of coastal and lowland habitats (Timmins & MacKenzie 1995). The plant occurs in sites of low-high fertility (Timmins & MacKenzie 1995). A plant of scrub and forest margin, roadsides, fencelines, open forest communities (Timmins & MacKenzie 1995). Communities in which the plant occurs are alluvial forest remnants, wasteplaces, shrublands, open stream systems and coastal areas (Department of Conservation 1996).",riparian,drupe,fleshy,fleshy,0.01653,internal,NA,internal,NA,NA,NA,NA,NA,Esler 1988; Fromont & King 1992; Timmins & Mackenzie 1995; Williams & Karl 1996; Atkinson 1997,Dispersed by birds (Fromont & King 1992; Atkinson 1997),Ligustrum spp. verified as vertebrate-dispersed (Meisenburg & Fox 2002),NA,NA,2022-06-08T00:00:00Z,45096,2023-06-19T00:00:00Z,1,1,0
2,Ligustrum vulgare,Lamiales,Oleaceae,animal,3.168848776260444,3.0568328527974287,2.847955478007532,3.168848776260444,shrub-tree,shrub,5,"Webb et al. 1988: waste land, roadside banks and in and around modified forest remnants",NA,berry,fleshy,fleshy,0.015960000000000002,internal,NA,internal,NA,NA,NA,NA,dispersal distance of >300 m observed,Debussche & Isenmann 1994,NA,"bird dispersed (Debussche & Isenmann 1994). dispersed by birds, direct or experimental observation (Snow & Snow 1988, cited in SID)",NA,NA,NA,NA,2023-10-02T00:00:00Z,1,1,0
2,Olea europaea,Lamiales,Oleaceae,animal,3.0373213241343473,2.925305400671332,2.6754707092878824,3.0373213241343473,shrub-tree,shrub,7,"NZ Flora Online:  cliff, coast, dry, lowland, pasture, rock outcrop, sand, sheltered, shrubland, slope, stone. NZPCN: open coastal shrub and modified areas near native forest margins",NA,drupe,fleshy,fleshy,0.10778,internal,NA,internal,NA,NA,NA,NA,NA,West 1996; Cameron 2017,"fruits eaten by tui, blackbird, starling, kereru, eastern rosella (green fruits) (Cameron 2017). kereru and tui observed feeding on fruits at Waitangi, July 2006 (Clayson Howell pers. comm. 2013)","silvereyes in Australia recorded voiding intact seeds (Cuneo & Leishman 2006, cited in Cameron 2017)",NA,NA,2022-06-08T00:00:00Z,45096,2023-06-19T00:00:00Z,1,1,0
2,Epilobium hirsutum,Myrtales,Onagraceae,wind.special,2.31280785375869,1.7339330825292494,1.6704054813810991,2.31280785375869,NA,herb,2,NZPCN: Wetlands margins and damp ground in wasteland and urban areas.,NA,capsule,dry,plumed seed,1e-4,wind,NA,wind,water,internal,NA,NA,NA,Soomers et al. 2013; Albert et al. 2015; Almeida et al. 2022; NZPCN,wind dispersed seeds (NZPCN),"seeds dispersed internally by deer (Albert et al. 2015); wind dispersed, moderate floating potential (Soomers et al. 2013); Seeds have white tufts of hair that aid in their dispersal by wind (https://plants.ces.ncsu.edu/plants/epilobium-hirsutum/, 21/6/2022). seeds ingested by waterfowl (Almeida et al. 2022).",NA,NA,2022-06-07T00:00:00Z,45040,2022-06-21T00:00:00Z,3,1,2
2,Epilobium hirsutum,Myrtales,Onagraceae,animal,3.486256844633556,2.907382073404116,2.6920256599588375,3.486256844633556,NA,herb,2,NZPCN: Wetlands margins and damp ground in wasteland and urban areas.,NA,capsule,dry,plumed seed,1e-4,wind,NA,wind,water,internal,NA,NA,NA,Soomers et al. 2013; Albert et al. 2015; Almeida et al. 2022; NZPCN,wind dispersed seeds (NZPCN),"seeds dispersed internally by deer (Albert et al. 2015); wind dispersed, moderate floating potential (Soomers et al. 2013); Seeds have white tufts of hair that aid in their dispersal by wind (https://plants.ces.ncsu.edu/plants/epilobium-hirsutum/, 21/6/2022). seeds ingested by waterfowl (Almeida et al. 2022).",NA,NA,2022-06-07T00:00:00Z,45040,2022-06-21T00:00:00Z,3,1,2
2,Glaucium flavum,Ranunculales,Papaveraceae,ballistic,0.7696563979103286,0.6266017374334878,0.452906487049194,0.7696563979103286,NA,herb,0.3,coastal,NA,capsule,dry,explosively dehiscent capsule,9.599999999999999e-4,ballistic,NA,ballistic,wind.none,water,NA,NA,NA,Solas et al. 2004,NA,"The capsules are erect and dehisce from the top, indicating ballistic dispersal; sometimes the entire stem detaches from the rosette, possibly dispersing the seeds as windblown tumble weeds. Seed dispersal is generally ballistic with fairly restricted local dispersal; diaspore buoyancy and post-buoyancy germination are much more limited than for other beach plants; infructescences may be dispersed as tumbleweeds by wind (Solas et al. 2004).",NA,NA,2022-06-07T00:00:00Z,NA,2022-06-21T00:00:00Z,3,1,2
2,Glaucium flavum,Ranunculales,Papaveraceae,wind.special,1.1986380920565154,1.0555834315796746,0.8595168484313793,1.1986380920565154,NA,herb,0.3,coastal,NA,capsule,dry,explosively dehiscent capsule,9.599999999999999e-4,ballistic,NA,ballistic,wind.none,water,NA,NA,NA,Solas et al. 2004,NA,"The capsules are erect and dehisce from the top, indicating ballistic dispersal; sometimes the entire stem detaches from the rosette, possibly dispersing the seeds as windblown tumble weeds. Seed dispersal is generally ballistic with fairly restricted local dispersal; diaspore buoyancy and post-buoyancy germination are much more limited than for other beach plants; infructescences may be dispersed as tumbleweeds by wind (Solas et al. 2004).",NA,NA,2022-06-07T00:00:00Z,NA,2022-06-21T00:00:00Z,3,1,2
2,Phytolacca icosandra,Caryophyllales,Phytolaccaceae,animal,NA,2.718212406359322,2.756166727288218,2.718212406359322,NA,shrub,2,"Flora: cutover scrub and forest, open habitats such as waste places, river beds, old pastures, neglected or abandoned fields and gardens",riparian,berry,fleshy,fleshy,0.00532,internal,NA,internal,NA,NA,NA,NA,NA,Moncrieff 1928; Hilgendorf & Calder 1967; Wotton 2002; Higgins 2006; Spurr et al. 2011,"Tui are ""fond of berry of the inkweed, where may be seen in numbers"" (Moncrieff 1928). Seeds occasionally found in common gecko droppings on Mana Island (Wotton 2002).  The seed is eaten by birds; silvereyes, pheasants and turkeys are particularly fond of it (Hilgendorf & Calder 1967). Cattle and sheep also eat the berries and seeds are found in cattle droppings (Hilgendorf & Calder 1967). Bellbirds eat fruit (Spurr et al. 2011).",whole seeds in silvereye droppings (Higgins et al. 2006),NA,NA,2022-06-08T00:00:00Z,NA,2023-06-20T00:00:00Z,1,1,0
2,Pinus contorta,Pinales,Pinaceae,wind.special,2.8220891060914095,2.5368476110022473,2.676201944621039,2.8220891060914095,shrub-tree,tree,37,"NZ Flora Online: alpine, bank, dry, forest, grassland, hill, moist, montane, open, pasture, peat, ridge, roadside, rock outcrop, sand, silt, slope, terrace, tussockland; NZPCN: A plant of montane and subalpine habitats. The plant grows in sites with low fertility. A plant of tussocklands. Areas at risk from invasion by the plant are indigenous and introduced scrub, tussock grassland at medium to high altitude, pasture and open forest.",NA,cone,dry,winged seed,0.0040999999999999995,wind,NA,wind,NA,NA,NA,NA,up to 40 km recorded (Ledgard 2002),Timmins & Mackenzie 1995; Wyse & Hulme 2021; SID,wind dispersed (Wyse & Hulme 2021),"Wind; Diaspore is blown by wind; Direct or experimental observation; (Farmer 1997, cited in SID); Diaspore=seed. The diaspore has wings or wing-like features. Pinus sp. dispersed by water birds via ectozoochory (Reynolds & Cumming 2016)",NA,NA,2022-06-08T00:00:00Z,45056,2022-06-22T00:00:00Z,1,1,0
2,Pinus halepensis,Pinales,Pinaceae,wind.special,2.529457769321086,2.244216274231923,2.262220868135323,2.529457769321086,NA,tree,18,"NZ Flora Online: bank, clay, cliff, coast, dry, open, rock outcrop, sand, scrubland, slope, stone",NA,cone,dry,winged seed,0.021,wind,NA,wind,NA,NA,NA,NA,NA,Wyse & Hulme 2021,seed is dispersed by wind (Wyse & Hulme 2021; NZPCN),Pinus sp. dispersed by water birds via ectozoochory (Reynolds & Cumming 2016),NA,NA,2022-06-08T00:00:00Z,45056,2022-06-22T00:00:00Z,1,1,0
2,Pinus monticola,Pinales,Pinaceae,wind.special,2.651119656960317,2.3658781618711546,2.4418516731734963,2.651119656960317,NA,tree,35,NA,NA,cone,dry,winged seed,0.02041,wind,NA,wind,NA,NA,NA,NA,NA,Ledgard 2002; SID,"plants have spread out for up to 5 km from the source, seeds fairly heavy but cones are well positioned for dispersal hanging from tips of branches outside the canopy (Ledgard 2002)","wind dispersed, diaspore has wings (SID)",NA,NA,NA,NA,2023-10-02T00:00:00Z,1,1,0
2,Pinus mugo,Pinales,Pinaceae,wind.special,2.4439741850022116,2.158732689913049,1.9714383718644202,2.4439741850022116,shrub-tree,shrub,8,NA,NA,cone,dry,winged seed,0.013699999999999999,wind,NA,wind,attachment,NA,NA,NA,NA,Camarero et al. 2005; Wyse & Hulme 2021; SID,wind dispersed (Wyse & Hulme 2021; NZPCN),"Wind; Diaspore is blown by wind; Direct or experimental observation; (Farmer, 1997, cited in Kew SID); Diaspore=seed; the diaspore has wings or wing-like features. Secondary seed dispersal by birds (Müller-Schneider 1986, cited in Camarero et al. 2005). Pinus sp. dispersed by water birds via ectozoochory (Reynolds & Cumming 2016).","could be either internal or attachment, assigned to attachment",NA,2022-06-08T00:00:00Z,45056,2022-06-22T00:00:00Z,2,1,1
2,Pinus mugo,Pinales,Pinaceae,animal,3.617423175877078,3.332181680787915,2.993058550442159,3.617423175877078,shrub-tree,shrub,8,NA,NA,cone,dry,winged seed,0.013699999999999999,wind,NA,wind,attachment,NA,NA,NA,NA,Camarero et al. 2005; Wyse & Hulme 2021; SID,wind dispersed (Wyse & Hulme 2021; NZPCN),"Wind; Diaspore is blown by wind; Direct or experimental observation; (Farmer, 1997, cited in Kew SID); Diaspore=seed; the diaspore has wings or wing-like features. Secondary seed dispersal by birds (Müller-Schneider 1986, cited in Camarero et al. 2005). Pinus sp. dispersed by water birds via ectozoochory (Reynolds & Cumming 2016).","could be either internal or attachment, assigned to attachment",NA,2022-06-08T00:00:00Z,45056,2022-06-22T00:00:00Z,2,1,1
2,Pinus muricata,Pinales,Pinaceae,wind.special,2.6134269428875614,2.3281854477983988,2.380885553167433,2.6134269428875614,NA,tree,22,"NZ Flora Online:  bank, coast, hill, open, pasture, roadside, sand, shrubland, slope, track",NA,cone,dry,winged seed,0.013,wind,NA,wind,NA,NA,NA,NA,NA,Wyse & Hulme 2021; SID,dispersed by wind (Wyse & Hulme 2021; NZPCN),"Seed is blown by wind (Ridley 1930, cited in KEW SID) and has wings or wing-like features (Kew Seed Information Database); Pinus sp. dispersed by water birds via ectozoochory (Reynolds & Cumming 2016)",NA,NA,2022-06-08T00:00:00Z,45056,2022-06-22T00:00:00Z,1,1,0
2,Pinus nigra,Pinales,Pinaceae,wind.special,2.693318367487074,2.408076872397912,2.502159033113497,2.693318367487074,NA,tree,40,"NZ Flora Online: alpine, clay, dry, gully, hill, lake margin, margin, open, ridge, roadside, rock outcrop, sand, shaded, sheltered, shrubland, slope, stone, terrace, track; NZPCN: Mainly shrubland and grassland",NA,cone,dry,winged seed,0.017,wind,NA,wind,NA,NA,NA,NA,NA,Timmins & Mackenzie 1995; Atkinson 1997; Wyse & Hulme 2021; SID,NA,"P. nigra subsp. nigra: Wind; Diaspore is blown by wind; Direct or experimental observation; (Farmer, 1997, cited in SID); Diaspore=seed. The diaspore has wings or wing-like features; Pinus sp. dispersed by water birds via ectozoochory (Reynolds & Cumming 2016)",NA,NA,2022-06-08T00:00:00Z,45056,2022-06-22T00:00:00Z,1,1,0
2,Pinus patula,Pinales,Pinaceae,wind.special,2.678430451228208,2.393188956139046,2.477893813185533,2.678430451228208,NA,tree,33,"NZ Flora Online: bank, roadside",NA,cone,dry,winged seed,0.014,wind,NA,wind,NA,NA,NA,NA,NA,Cronk & Fuller 1995; Wyse & Hulme 2021,wind dispersed (Wyse & Hulme 2021; NZPCN),wind dispersed (Cronk & Fuller 1995); Pinus sp. dispersed by water birds via ectozoochory (Reynolds & Cumming 2016),NA,NA,2022-06-08T00:00:00Z,45056,2022-06-22T00:00:00Z,1,1,0
2,Pinus pinaster,Pinales,Pinaceae,wind.special,2.5773558870564113,2.2921143919672486,2.342379110776612,2.5773558870564113,NA,tree,37,"NZ Flora Online: bank, cliff, coast, dry, fernland, hill, margin, open, ridge, roadside, rock outcrop, sand, shrubland, slope, stone, terrace, wasteland; NZPCN: A plant of coastal and lowland habitats (Timmins & MacKenzie 1995). The plant grows in sites of low fertility (Timmins & MacKenzie 1995). A plant of shrubland, tussockland, cliff, bluff and coastal communities (Timmins & MacKenzie 1995).",NA,cone,dry,winged seed,0.047,wind,NA,wind,NA,NA,NA,NA,NA,Timmins & Mackenzie 1995; Cronk & Fuller 1995; Atkinson 1997; Wyse & Hulme 2021,wind dispersed (Wyse & Hulme 2021),wind dispersed (Cronk & Fuller 1995); Pinus sp. dispersed by water birds via ectozoochory (Reynolds & Cumming 2016),NA,NA,2022-06-08T00:00:00Z,45056,2022-06-22T00:00:00Z,1,1,0
2,Pinus ponderosa,Pinales,Pinaceae,wind.special,2.673280590566752,2.38803909547759,2.4821133799257438,2.673280590566752,NA,tree,57,"NZ Flora Online: gravel, margin, montane, open, pasture, ridge, roadside, rock outcrop, scrubland, sheltered, shrubland, slope, terrace",NA,cone,dry,winged seed,0.039,wind,NA,wind,NA,NA,NA,NA,NA,Wyse & Hulme 2021; SID,wind dispersed (Wyse & Hulme 2021; NZPCN),"Seed is blown by wind (Farmer 1997, cited in KEW SID) and has wings or wing-like features (Kew Seed Information Database); Pinus sp. dispersed by water birds via ectozoochory (Reynolds & Cumming 2016)",NA,NA,2022-06-08T00:00:00Z,45056,2022-06-22T00:00:00Z,1,1,0
2,Pinus radiata,Pinales,Pinaceae,wind.special,2.6468820266063497,2.3616405315171876,2.4407794178147992,2.6468820266063497,NA,tree,44,"NZ Flora Online: alpine, bank, clay, coast, dry, fernland, hill, lowland, margin, open, pasture, ridge, roadside, rock outcrop, sand, shrubland, slope, stone, terrace, track, tussockland, wasteland; NZPCN: A plant of coastal and lowland habitats (Timmins & MacKenzie 1995). A plant of low fertility sites (Timmins & MacKenzie 1995). The plant occurs in scrub and forest margin, shrubland, short tussockland, sand dunes, cliffs and bluff communities (Timmins & MacKenzie 1995).",NA,cone,dry,winged seed,0.032,wind,NA,wind,NA,NA,NA,NA,NA,Timmins & Mackenzie 1995; Cronk & Fuller 1995; Atkinson 1997; Wyse & Hulme 2021; SID,wind dispersed (Wyse & Hulme 2021),"small, light, winged seeds easily dispersed long distances by wind (Cronk & Fuller 1995 and refs therein); Wind; Diaspore is blown by wind; Direct or experimental observation; (Farmer, 1997); Diaspore=seed. The diaspore has wings or wing-like features; Pinus sp. dispersed by water birds via ectozoochory (Reynolds & Cumming 2016)",NA,NA,2022-06-08T00:00:00Z,45056,2022-06-22T00:00:00Z,1,1,0
2,Pinus strobus,Pinales,Pinaceae,wind.special,2.733184499092723,2.4479430040035606,2.561128294479838,2.733184499092723,NA,tree,50,"NZ Flora Online: bank, pasture, roadside, shrubland",NA,cone,dry,winged seed,0.017,wind,NA,wind,internal,bird nesting material,NA,NA,NA,Warren et al. 2017; Almeida et al. 2025; SID; NZPCN,wind dispersed (NZPCN),"Wind; Diaspore is blown by wind; Direct or experimental observation; (Farmer, 1997, cited in Kew SID); Diaspore=seed. The diaspore has wings or wing-like features; Pinus sp. dispersed by water birds via ectozoochory (Reynolds & Cumming 2016). Seeds ingested by waterfowl in North America (Almeida et al. 2025). Dispersed in bird nesting material (Warren et al. 2017).",NA,NA,2022-06-08T00:00:00Z,45056,2022-06-22T00:00:00Z,3,1,2
2,Pinus strobus,Pinales,Pinaceae,animal,3.9066334899675903,3.6213919948784277,3.5827484730575767,3.9066334899675903,NA,tree,50,"NZ Flora Online: bank, pasture, roadside, shrubland",NA,cone,dry,winged seed,0.017,wind,NA,wind,internal,bird nesting material,NA,NA,NA,Warren et al. 2017; Almeida et al. 2025; SID; NZPCN,wind dispersed (NZPCN),"Wind; Diaspore is blown by wind; Direct or experimental observation; (Farmer, 1997, cited in Kew SID); Diaspore=seed. The diaspore has wings or wing-like features; Pinus sp. dispersed by water birds via ectozoochory (Reynolds & Cumming 2016). Seeds ingested by waterfowl in North America (Almeida et al. 2025). Dispersed in bird nesting material (Warren et al. 2017).",NA,NA,2022-06-08T00:00:00Z,45056,2022-06-22T00:00:00Z,3,1,2
2,Pinus sylvestris,Pinales,Pinaceae,wind.special,2.763444095050457,2.478202599961295,2.593854758773902,2.763444095050457,NA,tree,33,"NZ Flora Online: bank, grassland, open, pasture, roadside, slope, terrace",NA,cone,dry,winged seed,0.006,wind,NA,wind,attachment,NA,NA,NA,NA,Albert et al. 2015; Wyse & Hulme 2021; SID,wind dispersed (Wyse & Hulme 2021; NZPCN),"Wind; Diaspore is blown by wind; Direct or experimental observation; (Farmer, 1997, cited in Kew SID); Diaspore=seed. The diaspore has wings or wing-like features. Seeds dispersed by deer attached to fur (sometimes; Albert et al. 2015); Pinus sp. dispersed by water birds via ectozoochory (Reynolds & Cumming 2016)",NA,NA,2022-06-08T00:00:00Z,45056,2022-06-22T00:00:00Z,2,1,1
2,Pinus sylvestris,Pinales,Pinaceae,animal,3.936893085925324,3.6516515908361615,3.6154749373516406,3.936893085925324,NA,tree,33,"NZ Flora Online: bank, grassland, open, pasture, roadside, slope, terrace",NA,cone,dry,winged seed,0.006,wind,NA,wind,attachment,NA,NA,NA,NA,Albert et al. 2015; Wyse & Hulme 2021; SID,wind dispersed (Wyse & Hulme 2021; NZPCN),"Wind; Diaspore is blown by wind; Direct or experimental observation; (Farmer, 1997, cited in Kew SID); Diaspore=seed. The diaspore has wings or wing-like features. Seeds dispersed by deer attached to fur (sometimes; Albert et al. 2015); Pinus sp. dispersed by water birds via ectozoochory (Reynolds & Cumming 2016)",NA,NA,2022-06-08T00:00:00Z,45056,2022-06-22T00:00:00Z,2,1,1
2,Pinus thunbergii,Pinales,Pinaceae,wind.special,2.538792927244099,2.253551432154937,2.271203353754125,2.538792927244099,NA,tree,15,NA,NA,cone,dry,winged seed,0.01383,wind,NA,wind,NA,NA,NA,NA,NA,NA,NA,NA,dispersal based on morphology,NA,NA,NA,2023-10-02T00:00:00Z,1,1,0
2,Pinus uncinata,Pinales,Pinaceae,wind.special,2.3981968748717977,2.1129553797826355,2.0568245756612544,2.3981968748717977,NA,tree,5,NA,NA,cone,dry,winged seed,0.007940000000000001,wind,NA,wind,NA,NA,NA,NA,mean 27.2 m estimated from models (Camarero et al. 2005),Camarero et al. 2005,NA,"small, winged seeds primarily dispersed by wind (Camarero et al. 2005)",NA,NA,2022-06-08T00:00:00Z,NA,2022-06-22T00:00:00Z,1,1,0
2,Pseudotsuga menziesii,Pinales,Pinaceae,wind.special,2.812209562529981,2.526968067440819,2.6726715781452968,2.812209562529981,NA,tree,60,"NZ Flora Online: bank, clay, dry, gravel, gully, hill, margin, roadside, sand, shaded, sheltered, slope, stone, terrace, track; NZPCN: A plant of lowland, montane and subalpine habitats growing in sites with low-moderate fertility (Timmins & MacKenzie 1995). A plant of scrub and forest margin communities, shrublands, tussockland and light wells in forest (Timmins & MacKenzie 1995).",NA,cone,dry,winged seed,0.0107,wind,NA,wind,NA,NA,NA,NA,NA,Timmins & Mackenzie 1995; SID,Seed is dispersed in autumn and winter by wind and gravity and remains viable for a few weeks to many years (NZPCN).,"P. menziesii subsp. menziesii: Wind; Diaspore is blown by wind; Direct or experimental observation; (Young & Young, 1992, Farmer, 1997, cited in Kew SID); Diaspore=seed. The diaspore has wings or wing-like features.",NA,NA,2022-06-08T00:00:00Z,45057,2022-06-22T00:00:00Z,1,1,0
2,Pittosporum undulatum,Apiales,Pittosporaceae,animal,NA,3.1580530847366775,3.3436475452474834,3.1580530847366775,NA,tree,14,"Webb et al. 1988: roadside scrub. NZ Flora Online: bank, roadside",NA,capsule,fleshy,sticky seeds,0.00835,internal,NA,internal,NA,NA,NA,NA,NA,Webb et al. 1988; Mullet 2002,likely dispersed by birds (Webb et al. 1988),"dispersed by a wide range of bird species, brushtailed possums and rats in Australia (Mullett 2002)",NA,NA,2022-06-08T00:00:00Z,NA,2023-06-20T00:00:00Z,1,1,0
2,Digitalis purpurea,Lamiales,Plantaginaceae,wind.special,1.5869407151271417,1.4907399204445935,1.7599141060836314,1.5869407151271417,NA,herb,2.5,NA,NA,capsule,dry,none,8e-5,unspecialised,NA,wind.none,internal,attachment,NA,NA,NA,"Ridley 1930, cited in SID; Couvreur et al. 2004; Albert et al. 2015",NA,"1. Wind; Diaspore is propelled by action of wind on the plant structure; Direct or experimental observation; (Ridley, 1930); Diaspore=seed. 2. Wind; Diaspore is blown by wind; Method not stated; (Bouman et al., 2000); seeds dispersed internally by deer (sometimes; Albert et al. 2015). Seeds dispersed attached to cattle fur, wind-dispersed (small seeds shed from capsule above surrounding vegetation)(Couvreur et al. 2004)",dispersal based on morphology,NA,2022-06-07T00:00:00Z,NA,2022-06-21T00:00:00Z,3,1,2
2,Digitalis purpurea,Lamiales,Plantaginaceae,animal,2.7603897060020084,2.66418891131946,2.7815342846613698,2.7603897060020084,NA,herb,2.5,NA,NA,capsule,dry,none,8e-5,unspecialised,NA,wind.none,internal,attachment,NA,NA,NA,"Ridley 1930, cited in SID; Couvreur et al. 2004; Albert et al. 2015",NA,"1. Wind; Diaspore is propelled by action of wind on the plant structure; Direct or experimental observation; (Ridley, 1930); Diaspore=seed. 2. Wind; Diaspore is blown by wind; Method not stated; (Bouman et al., 2000); seeds dispersed internally by deer (sometimes; Albert et al. 2015). Seeds dispersed attached to cattle fur, wind-dispersed (small seeds shed from capsule above surrounding vegetation)(Couvreur et al. 2004)",dispersal based on morphology,NA,2022-06-07T00:00:00Z,NA,2022-06-21T00:00:00Z,3,1,2
2,Agrostis capillaris,Poales,Poaceae,animal,3.2056949033565627,2.74963672704816,2.548222490515309,3.2056949033565627,grass,herb,1,"NZ Flora Online:  alpine, bank, clay, cliff, coast, dry, flat , forest, forest edge, gap, grassland, gravel, hill, lake margin, log, lowland, margin, open, pasture, peat, ridge, roadside, rock outcrop, scree, shaded, sheltered, shrubland, silt, slope, stone, terrace, track, wasteland ; NZPCN: scrub and forest margin, both short and tall tussocklands, herbfields, fernlands, sanddunes and river beds",riparian,caryopsis,dry,none,7.5e-5,unspecialised,NA,attachment,internal,wind.none,water,NA,NA,Timmins & Mackenzie 1995; Couvreur et al. 2004; Mouissie et al. 2005; Albert et al. 2015; Almeida et al. 2022,"Seed dispersed by wind, water, humans and vertebrates (Timmins & Mackenzie 1995).","seeds attached to real sheep fleece in considerable numbers, also attached to both sheep and cattle experimental dummies (Mouissie et al. 2005); Seeds dispersed by deer internally and attached to hooves (Albert et al. 2015); seeds dispersed attached to cattle, donkey and horse fur (Couvreur et al. 2004). seeds ingested by waterfowl (Almeida et al. 2022).",NA,NA,2022-06-02T00:00:00Z,45033,2022-06-19T00:00:00Z,4,1,3
2,Agrostis capillaris,Poales,Poaceae,wind.special,2.032245912481696,1.5761877361732934,1.5266023119375702,2.032245912481696,grass,herb,1,"NZ Flora Online:  alpine, bank, clay, cliff, coast, dry, flat , forest, forest edge, gap, grassland, gravel, hill, lake margin, log, lowland, margin, open, pasture, peat, ridge, roadside, rock outcrop, scree, shaded, sheltered, shrubland, silt, slope, stone, terrace, track, wasteland ; NZPCN: scrub and forest margin, both short and tall tussocklands, herbfields, fernlands, sanddunes and river beds",riparian,caryopsis,dry,none,7.5e-5,unspecialised,NA,attachment,internal,wind.none,water,NA,NA,Timmins & Mackenzie 1995; Couvreur et al. 2004; Mouissie et al. 2005; Albert et al. 2015; Almeida et al. 2022,"Seed dispersed by wind, water, humans and vertebrates (Timmins & Mackenzie 1995).","seeds attached to real sheep fleece in considerable numbers, also attached to both sheep and cattle experimental dummies (Mouissie et al. 2005); Seeds dispersed by deer internally and attached to hooves (Albert et al. 2015); seeds dispersed attached to cattle, donkey and horse fur (Couvreur et al. 2004). seeds ingested by waterfowl (Almeida et al. 2022).",NA,NA,2022-06-02T00:00:00Z,45033,2022-06-19T00:00:00Z,4,1,3
2,Bromus tectorum,Poales,Poaceae,animal,2.795704995123011,2.3396468188146082,1.98439423013642,2.795704995123011,grass,herb,0.8,"NZ Flora Online: bank, coast, dry, grassland, gravel, hill, loam, lowland, montane, open, pasture, ridge, roadside, rock outcrop, sand, slope, terrace, track, wasteland",NA,caryopsis,dry,long awns,0.003,attachment,NA,attachment,wind.none,internal,NA,NA,NA,Cronk & Fuller 1995; Eichberg et al. 2007; Albert et al. 2015; Rutledge & McLendon sine anno,Bromus hordaceaous has no structures directly aiding active seed dispersal and medium-sized seeds (1-10 mg). B. fonkii and B. willdenowii have no structures directly aiding active seed dispersal and large seeds >10 mg (Esler 1988).,"Animal; Diaspore is carried accidentally; Method not stated; (Rutledge & McLendon, sine anno), Mammals (non-bat) Rutledge, C.R. and T. McLendon. sine anno. An Assessment of Exotic Plant Species of Rocky Mountain National Park. Department of Rangeland Ecosystem Science, Colorado State University. Online. Available: http://www.npwrc.usgs.gov/resource/plants/explant/index.htm). 29/10/07; Also dispersed by wind (SID). wind dispersed (Cronk & Fuller 1995); seeds are dispersed in deer fur (always; Albert et al. 2015); seeds germinated from sheep faeces (Eichberg et al. 2007)",NA,NA,2022-06-03T00:00:00Z,NA,2022-06-19T00:00:00Z,3,1,2
2,Bromus tectorum,Poales,Poaceae,wind.special,1.6222560042481442,1.1661978279397418,0.962774051558681,1.6222560042481442,grass,herb,0.8,"NZ Flora Online: bank, coast, dry, grassland, gravel, hill, loam, lowland, montane, open, pasture, ridge, roadside, rock outcrop, sand, slope, terrace, track, wasteland",NA,caryopsis,dry,long awns,0.003,attachment,NA,attachment,wind.none,internal,NA,NA,NA,Cronk & Fuller 1995; Eichberg et al. 2007; Albert et al. 2015; Rutledge & McLendon sine anno,Bromus hordaceaous has no structures directly aiding active seed dispersal and medium-sized seeds (1-10 mg). B. fonkii and B. willdenowii have no structures directly aiding active seed dispersal and large seeds >10 mg (Esler 1988).,"Animal; Diaspore is carried accidentally; Method not stated; (Rutledge & McLendon, sine anno), Mammals (non-bat) Rutledge, C.R. and T. McLendon. sine anno. An Assessment of Exotic Plant Species of Rocky Mountain National Park. Department of Rangeland Ecosystem Science, Colorado State University. Online. Available: http://www.npwrc.usgs.gov/resource/plants/explant/index.htm). 29/10/07; Also dispersed by wind (SID). wind dispersed (Cronk & Fuller 1995); seeds are dispersed in deer fur (always; Albert et al. 2015); seeds germinated from sheep faeces (Eichberg et al. 2007)",NA,NA,2022-06-03T00:00:00Z,NA,2022-06-19T00:00:00Z,3,1,2
2,Cenchrus setaceus,Poales,Poaceae,wind.special,1.7227160616787134,1.266657885370311,1.1043950923295225,1.7227160616787134,grass,herb,1,NA,NA,caryopsis,dry,"feathery bristles, plume of hairs on propagule",0.00164,wind,NA,wind,water,attachment,NA,NA,NA,Toon et al. 2018; NZPCN,"Spikelets with bristles disperse in late spring with wind, water, human activities, and by clinging to animals (NZPCN)","plume of hairs extending from base of propagule, which probably facilitate dispersal by wind (Toon et al. 2018)",NA,NA,2022-06-03T00:00:00Z,45035,NA,3,1,2
2,Cenchrus setaceus,Poales,Poaceae,animal,2.89616505255358,2.4401068762451774,2.1260152709072613,2.89616505255358,grass,herb,1,NA,NA,caryopsis,dry,"feathery bristles, plume of hairs on propagule",0.00164,wind,NA,wind,water,attachment,NA,NA,NA,Toon et al. 2018; NZPCN,"Spikelets with bristles disperse in late spring with wind, water, human activities, and by clinging to animals (NZPCN)","plume of hairs extending from base of propagule, which probably facilitate dispersal by wind (Toon et al. 2018)",NA,NA,2022-06-03T00:00:00Z,45035,NA,3,1,2
2,Cynodon dactylon,Poales,Poaceae,animal,2.9427655217970594,2.486707345488657,2.175319379711244,2.9427655217970594,grass,herb,0.5,"NZ Flora Online:  bank, cliff, coast, dry, gravel, lake margin, lava, margin, moist, open, pasture, roadside, rock outcrop, sand, sheltered, wasteland",NA,caryopsis,dry,none,3e-4,unspecialised,NA,internal,bird nesting material,NA,NA,NA,NA,"Esler 1988; Dean et al. 1990; Eichberg et al. 2007; Albert et al. 2015; Jurado et al. 1991; Almeida et al. 2022, 2025",no structures directly aiding active seed dispersal. Small seeds (0.1-1.0 mg) (Esler 1988),"Wind; Diaspore is blown by wind; Assumption based upon diaspore morphology; (McIntyre et al. 1995). Unassisted; Seeds drop to the ground close to or beneath the parent plant; Assumption based upon diaspore morphology; (Jurado et al., 1991); seeds dispersed internally by deer (sometimes; Albert et al. 2015); seeds germinated from sheep faeces (Eichberg et al. 2007). seeds dispersed by birds in nesting material (Dean et al. 1990).  seeds ingested by waterfowl (Almeida et al. 2022. 2025).",NA,NA,2022-06-03T00:00:00Z,NA,2022-06-20T00:00:00Z,2,1,1
2,Dactylis glomerata,Poales,Poaceae,wind.special,1.8260671158618846,1.3700089395534822,1.2491196956331332,1.8260671158618846,grass,herb,1.2,"NZ Flora Online: alpine, bank, clay, cliff, coast, dry, grassland, gravel, hill, margin, montane, open, pasture, ridge, roadside, rock outcrop, sand, sheltered, shrubland, silt, slope, stone, terrace, track, tussockland, wasteland; NZPCN: A plant of coastal, lowland, montane and subalpine habitats (Timmins & MacKenzie 1995). Plant grows in scrub and forest margin, shrubland, tussockland, herbfields, fernland, sand dune hollows and riverbeds (Timmins & MacKenzie 1995).",riparian,caryopsis,dry,none,8.100000000000001e-4,unspecialised,NA,wind.none,water,internal,attachment,NA,NA,Esler 1988; Welch 1985; Timmins & Mackenzie 1995; Couvreur et al. 2004; Bartuszevige & Endress 2008; Albert et al. 2015; Almeida et al. 2022; SID,"no structures directly aiding active seed dispersal. Small seeds (0.1-1.0 mg) (Esler 1988); seed dispersal by wind, water, humans, vertebrates (Timmins & Mackenzie 1995).","seeds dispersed by deer internally (sometimes) and attached to fur and hooves (sometimes; Albert et al. 2015). Seeds dispersed attached to cattle and donkey fur, unspecialised dispersal (Couvreur et al. 2004). Viable seed dispersed in cattle faeces (Bartuszevige & Endress 2008); undefined seed dispersal morphology (McIntyre et al. 1995). seed germinated from cattle dung (Welch 1985).  seeds ingested by waterfowl (Almeida et al. 2022).",NA,NA,2022-06-07T00:00:00Z,45037,2022-06-21T00:00:00Z,4,1,3
2,Dactylis glomerata,Poales,Poaceae,animal,2.9995161067367513,2.5434579304283487,2.2707398742108715,2.9995161067367513,grass,herb,1.2,"NZ Flora Online: alpine, bank, clay, cliff, coast, dry, grassland, gravel, hill, margin, montane, open, pasture, ridge, roadside, rock outcrop, sand, sheltered, shrubland, silt, slope, stone, terrace, track, tussockland, wasteland; NZPCN: A plant of coastal, lowland, montane and subalpine habitats (Timmins & MacKenzie 1995). Plant grows in scrub and forest margin, shrubland, tussockland, herbfields, fernland, sand dune hollows and riverbeds (Timmins & MacKenzie 1995).",riparian,caryopsis,dry,none,8.100000000000001e-4,unspecialised,NA,wind.none,water,internal,attachment,NA,NA,Esler 1988; Welch 1985; Timmins & Mackenzie 1995; Couvreur et al. 2004; Bartuszevige & Endress 2008; Albert et al. 2015; Almeida et al. 2022; SID,"no structures directly aiding active seed dispersal. Small seeds (0.1-1.0 mg) (Esler 1988); seed dispersal by wind, water, humans, vertebrates (Timmins & Mackenzie 1995).","seeds dispersed by deer internally (sometimes) and attached to fur and hooves (sometimes; Albert et al. 2015). Seeds dispersed attached to cattle and donkey fur, unspecialised dispersal (Couvreur et al. 2004). Viable seed dispersed in cattle faeces (Bartuszevige & Endress 2008); undefined seed dispersal morphology (McIntyre et al. 1995). seed germinated from cattle dung (Welch 1985).  seeds ingested by waterfowl (Almeida et al. 2022).",NA,NA,2022-06-07T00:00:00Z,45037,2022-06-21T00:00:00Z,4,1,3
2,Ehrharta erecta,Poales,Poaceae,wind.special,1.749312354566628,1.2932541782582256,1.1360824037655834,1.749312354566628,grass,herb,0.8,"NZ Flora Online: bank, clay, cliff, coast, dry, forest, forest edge, grassland, gravel, gully, hill, lowland, margin, moist, open, pasture, ridge, roadside, rock outcrop, sand, scrubland, shaded, sheltered, shrubland, silt, slope, stone, terrace, track, tree, wasteland; NZPCN: A plant of coastal and lowland habitats (Timmins & MacKenzie 1995). Plant grows in sites of low fertility (Timmins & MacKenzie 1995). A plant of sand dunes, cliffs and bluff communities (Timmins & MacKenzie 1995).",NA,caryopsis,dry,none,8.456000000000001e-4,unspecialised,NA,wind.none,water,attachment,bird nesting material,NA,NA,Dean et al. 1990; Timmins & McKenzie 1995,"seed dispersal by wind, water and birds (Timmins & McKenzie 1995).","seeds dispersed by birds as nesting material (Dean et al. 1990). E. stipoides dispersed by animals via attachment, awned fruits easily dispersed on animal fur",NA,NA,2022-06-07T00:00:00Z,45040,2022-06-21T00:00:00Z,4,1,3
2,Ehrharta erecta,Poales,Poaceae,animal,2.9227613454414945,2.466703169133092,2.1577025823433216,2.9227613454414945,grass,herb,0.8,"NZ Flora Online: bank, clay, cliff, coast, dry, forest, forest edge, grassland, gravel, gully, hill, lowland, margin, moist, open, pasture, ridge, roadside, rock outcrop, sand, scrubland, shaded, sheltered, shrubland, silt, slope, stone, terrace, track, tree, wasteland; NZPCN: A plant of coastal and lowland habitats (Timmins & MacKenzie 1995). Plant grows in sites of low fertility (Timmins & MacKenzie 1995). A plant of sand dunes, cliffs and bluff communities (Timmins & MacKenzie 1995).",NA,caryopsis,dry,none,8.456000000000001e-4,unspecialised,NA,wind.none,water,attachment,bird nesting material,NA,NA,Dean et al. 1990; Timmins & McKenzie 1995,"seed dispersal by wind, water and birds (Timmins & McKenzie 1995).","seeds dispersed by birds as nesting material (Dean et al. 1990). E. stipoides dispersed by animals via attachment, awned fruits easily dispersed on animal fur",NA,NA,2022-06-07T00:00:00Z,45040,2022-06-21T00:00:00Z,4,1,3
2,Eragrostis curvula,Poales,Poaceae,wind.special,1.8701119601777083,1.414053783869306,1.2981092247739459,1.8701119601777083,grass,herb,0.7,"NZ Flora Online: bank, dry, grassland, hill, pasture, roadside, sand, slope, wasteland; NZPCN: Dry steep sites, short and tall tussock grassland, coastal areas, riverbeds, cliffs, herbfields.",riparian,caryopsis,dry,none,2e-4,unspecialised,NA,wind.none,NA,NA,NA,NA,NA,McIntyre et al. 1995; NZPCN,Can be dispersed short distances by wind (NZPCN),Undefined seed dispersal morphology (McIntyre et al. 1995),NA,NA,2022-06-07T00:00:00Z,45029,2022-06-21T00:00:00Z,1,1,0
2,Festuca rubra,Poales,Poaceae,animal,2.7935785622046945,2.337520385896292,1.9696566722562445,2.7935785622046945,grass,herb,0.45,"NZ Flora Online:  alpine, bank, cliff, coast, dry, flat , forest, forest edge, grassland, gravel, gully, hill, lake margin, loam, lowland, margin, moist, montane, open, pasture, peat, ridge, riparian, river terrace, riverbed, roadside, rock outcrop, sand, scree, scrubland, shaded, sheltered, shrubland, silt, slope, stone, terrace, track, tussockland, wasteland",riparian,caryopsis,dry,awn,0.0011,attachment,NA,attachment,internal,NA,NA,NA,NA,Couvreur et al. 2004; Mouissie et al. 2005; Albert et al. 2015; Almeida et al. 2022,Festuca arundinacea has no structures directly aiding active seed dispersal and medium-sized seeds (1-10 mg) (Esler 1988).,"seeds attached to real sheep fleece in considerable numbers, also attached to both sheep and cattle experimental dummies (Mouissie et al. 2005); seeds are dispersed internally by deer (sometimes; Albert et al. 2015). Seeds dispersed attached to cattle and donkey fur, animal-dispersed with awn (Couvreur et al. 2004).  seeds ingested by waterfowl (Almeida et al. 2022).",NA,NA,2022-06-07T00:00:00Z,NA,2022-06-21T00:00:00Z,2,1,1
2,Holcus lanatus,Poales,Poaceae,animal,3.0836288571190984,2.627570680810696,2.383681879481924,3.0836288571190984,grass,herb,1.1,"NZ Flora Online:  alpine, bank, clay, coast, dry, forest, forest edge, grassland, gravel, lowland, margin, moist, open, pasture, peat, riverbed, roadside, rock outcrop, sand, shrubland, silt, slope, track, tussockland, wasteland; NZPCN: A wide range of disturbed wet and dry sites, often in fens",riparian,caryopsis,dry,"hairs, buoyant seeds",3e-4,unspecialised,NA,attachment,internal,water,wind.none,bird nesting material,NA,Carroll 1966; Welch 1985; Esler 1988; McIntyre et al. 1995; Couvreur et al. 2004; van den Broek et al. 2005; Mouissie et al. 2005; Morris et al. 2011; Albert et al. 2015; Warren et al. 2017; Flaherty et al. 2018; Almeida et al. 2022; SID,no structures directly aiding active seed dispersal. Small seeds (0.1-1.0 mg) (Esler 1988). Seeds recorded in pukeko gizzards (Carroll 1966).,"Wind; Diaspore is blown by wind; Method not stated; (Ridley, 1930); Also dispersed by animals; Diaspore=caryopsis+glume; The diaspore is hairy or has hair-like processes; Hairs also serve to attach the diaspore to the fur of animals. Experiments show that seeds are moderately buoyant (van den Broek et al. 2005).  seeds are dispersed by deer internally (sometimes) and attached to fur and hooves (sometimes; Albert et al. 2015). Seeds attached to experimental sheep dummy but not to cattle dummy (Mouissie et al. 2005). Seeds germinated from white-tailed deer faeces (Flaherty et al. 2018); Seeds dispersed attached to cattle, donkey and horse fur, unspecialised (Couvreur et al. 2004); undefined seed dispersal morphology (McIntyre et al. 1995); seeds germinated from cattle dung (Welch 1985). seeds caught in seed trap (Morris et al. 2011).  seeds ingested by waterfowl (Almeida et al. 2022). Dispersed in bird nesting material (Warren et al. 2017).",NA,NA,2022-06-08T00:00:00Z,45043,2022-06-21T00:00:00Z,5,1,4
2,Holcus lanatus,Poales,Poaceae,wind.special,1.9101798662442315,1.4541216899358291,1.362061700904185,1.9101798662442315,grass,herb,1.1,"NZ Flora Online:  alpine, bank, clay, coast, dry, forest, forest edge, grassland, gravel, lowland, margin, moist, open, pasture, peat, riverbed, roadside, rock outcrop, sand, shrubland, silt, slope, track, tussockland, wasteland; NZPCN: A wide range of disturbed wet and dry sites, often in fens",riparian,caryopsis,dry,"hairs, buoyant seeds",3e-4,unspecialised,NA,attachment,internal,water,wind.none,bird nesting material,NA,Carroll 1966; Welch 1985; Esler 1988; McIntyre et al. 1995; Couvreur et al. 2004; van den Broek et al. 2005; Mouissie et al. 2005; Morris et al. 2011; Albert et al. 2015; Warren et al. 2017; Flaherty et al. 2018; Almeida et al. 2022; SID,no structures directly aiding active seed dispersal. Small seeds (0.1-1.0 mg) (Esler 1988). Seeds recorded in pukeko gizzards (Carroll 1966).,"Wind; Diaspore is blown by wind; Method not stated; (Ridley, 1930); Also dispersed by animals; Diaspore=caryopsis+glume; The diaspore is hairy or has hair-like processes; Hairs also serve to attach the diaspore to the fur of animals. Experiments show that seeds are moderately buoyant (van den Broek et al. 2005).  seeds are dispersed by deer internally (sometimes) and attached to fur and hooves (sometimes; Albert et al. 2015). Seeds attached to experimental sheep dummy but not to cattle dummy (Mouissie et al. 2005). Seeds germinated from white-tailed deer faeces (Flaherty et al. 2018); Seeds dispersed attached to cattle, donkey and horse fur, unspecialised (Couvreur et al. 2004); undefined seed dispersal morphology (McIntyre et al. 1995); seeds germinated from cattle dung (Welch 1985). seeds caught in seed trap (Morris et al. 2011).  seeds ingested by waterfowl (Almeida et al. 2022). Dispersed in bird nesting material (Warren et al. 2017).",NA,NA,2022-06-08T00:00:00Z,45043,2022-06-21T00:00:00Z,5,1,4
2,Lolium arundinaceum,Poales,Poaceae,animal,3.008676592079165,2.5526184157707625,2.2878257905575414,3.008676592079165,grass,herb,1.5,"commonly of river beds; NZ Flora Online: bank, coast, dry, forest, forest edge, grassland, gravel, hill, lake margin, lowland, margin, moist, open, pasture, peat, riparian, riverbed, roadside, rock outcrop, sand, sheltered, shrubland, silt, slope, stone, terrace, track, wasteland, wetland",riparian,caryopsis,dry,none,0.0011,unspecialised,NA,bird nesting material,NA,NA,NA,NA,NA,Warren et al. 2017,"ETNZF (attachment, also wind)",Schedonorus arundinaceus (synonym) dispersed in bird nesting material (Warren et al. 2017).,dispersal based on morphology,NA,2022-06-16T00:00:00Z,NA,2023-06-07T00:00:00Z,1,1,0
2,Lolium perenne,Poales,Poaceae,animal,2.8248570918693052,2.3687989155609026,2.0228307311466045,2.8248570918693052,grass,herb,0.75,"NZ Flora Online: alpine, bank, clay, cliff, coast, dry, forest, forest edge, grassland, gravel, hill, lake margin, lowland, margin, moist, open, pasture, ridge, roadside, rock outcrop, sand, shaded, shrubland, slope, stone, terrace, track, unstable/eroded, wasteland; NZPCN: Roadsides and tracks, pasture, river flats and banks, waste land and sand dunes, lowland to montane",riparian,caryopsis,dry,none,0.002,unspecialised,NA,internal,attachment,wind.none,NA,NA,NA,Welch 1985; Marchant & Higgins 1990b; Harrington et al. 2011; Morris et al. 2011; Couvreur et al. 2004; Albert et al. 2015; Almeida et al. 2022,seeds fed to goats viable and germinated after defecation (Harrington et al 2011); has no structures directly aiding active seed dispersal and medium-sized seeds (1-10 mg) (Esler 1988). Seeds recorded in pukeko gizzards (Marchant & Higgins 1990b).,"wind: flattened seed; endochorous, hard seed coat, without pulp; dysochorous, lost food (Rosenthal 2006); seeds are dispersed internally by deer (sometimes; Albert et al. 2015). Seeds dispersed attached to cattle and horse fur, unspecialised dispersal (Couvreur et al. 2004); undefined seed dispersal morphology (McIntyre et al. 1995); ; seeds germinated from cattle dung (Welch 1985). seeds caught in seed trap (Morris et al. 2011).  seeds ingested by waterfowl (Almeida et al. 2022).",NA,NA,2022-06-08T00:00:00Z,45048,2022-06-21T00:00:00Z,3,1,2
2,Lolium perenne,Poales,Poaceae,wind.special,1.6514081009944384,1.195349924686036,1.001210552568866,1.6514081009944384,grass,herb,0.75,"NZ Flora Online: alpine, bank, clay, cliff, coast, dry, forest, forest edge, grassland, gravel, hill, lake margin, lowland, margin, moist, open, pasture, ridge, roadside, rock outcrop, sand, shaded, shrubland, slope, stone, terrace, track, unstable/eroded, wasteland; NZPCN: Roadsides and tracks, pasture, river flats and banks, waste land and sand dunes, lowland to montane",riparian,caryopsis,dry,none,0.002,unspecialised,NA,internal,attachment,wind.none,NA,NA,NA,Welch 1985; Marchant & Higgins 1990b; Harrington et al. 2011; Morris et al. 2011; Couvreur et al. 2004; Albert et al. 2015; Almeida et al. 2022,seeds fed to goats viable and germinated after defecation (Harrington et al 2011); has no structures directly aiding active seed dispersal and medium-sized seeds (1-10 mg) (Esler 1988). Seeds recorded in pukeko gizzards (Marchant & Higgins 1990b).,"wind: flattened seed; endochorous, hard seed coat, without pulp; dysochorous, lost food (Rosenthal 2006); seeds are dispersed internally by deer (sometimes; Albert et al. 2015). Seeds dispersed attached to cattle and horse fur, unspecialised dispersal (Couvreur et al. 2004); undefined seed dispersal morphology (McIntyre et al. 1995); ; seeds germinated from cattle dung (Welch 1985). seeds caught in seed trap (Morris et al. 2011).  seeds ingested by waterfowl (Almeida et al. 2022).",NA,NA,2022-06-08T00:00:00Z,45048,2022-06-21T00:00:00Z,3,1,2
2,Nardus stricta,Poales,Poaceae,animal,2.8226384223354475,2.366580246027045,2.0009534308534755,2.8226384223354475,grass,herb,0.3,"NZ Flora Online: clay, flat , grassland, hill, moist, open, pasture, peat, slope, track; NZPCN: Acid and damp but not permanently wet soils, e.g. edges of tarns, ephemeral wetlands, subalpine bogs, roadside ditches, damp soil and depressions on semi-natural tussock or pastoral land.",NA,caryopsis,dry,long awns,4e-4,attachment,NA,attachment,internal,NA,NA,NA,NA,Welch 1985; Mouissie et al. 2005,NA,"seeds attached to fleece only on the head of sheep (low growing grass species), also attached to both sheep and cattle experimental dummies (Mouissie et al. 2005). Seed germinated from cattle dung (Welch 1985).",dispersal based on morphology,NA,2022-06-08T00:00:00Z,NA,2022-06-22T00:00:00Z,2,1,1
2,Nassella neesiana,Poales,Poaceae,animal,2.7875254209810136,2.331467244672611,1.9815787552314197,2.7875254209810136,grass,herb,1.2,"NZ Flora Online: dry, lava, margin, open, pasture, roadside, slope",NA,caryopsis,dry,"awn, backward pointing callus hairs",0.0067,attachment,NA,attachment,internal,wind.none,water,NA,NA,Gardener et al. 2003; Humphries & Florentine 2021; NZPCN,"Restricted distribution due to a lack of wind dispersal; localised spread occurs through seed being transported by stock, in hay, on clothing, by machinery and in water (NZPCN)","Seeds dispersed most effectively by attachment to sheep fleece, 25% of seeds picked up on sheep wool after grazing in paddock with this species was still present after 5 months; 2-5% of seeds fed to cattle passed intact and 30-50% were viable; most wind dispersed seeds were within 1m of parent and furthest seeds 2.8m away (Gardener et al. 2003); Humphries & Florentine 2021: ""Attachment to passing animals/human or machinery. Stem seeds are dispersed by disturbances.""",dispersal based on morphology,NA,2022-06-08T00:00:00Z,45051,NA,4,1,3
2,Nassella neesiana,Poales,Poaceae,wind.special,1.6140764301061472,1.1580182537977448,0.9599585766536809,1.6140764301061472,grass,herb,1.2,"NZ Flora Online: dry, lava, margin, open, pasture, roadside, slope",NA,caryopsis,dry,"awn, backward pointing callus hairs",0.0067,attachment,NA,attachment,internal,wind.none,water,NA,NA,Gardener et al. 2003; Humphries & Florentine 2021; NZPCN,"Restricted distribution due to a lack of wind dispersal; localised spread occurs through seed being transported by stock, in hay, on clothing, by machinery and in water (NZPCN)","Seeds dispersed most effectively by attachment to sheep fleece, 25% of seeds picked up on sheep wool after grazing in paddock with this species was still present after 5 months; 2-5% of seeds fed to cattle passed intact and 30-50% were viable; most wind dispersed seeds were within 1m of parent and furthest seeds 2.8m away (Gardener et al. 2003); Humphries & Florentine 2021: ""Attachment to passing animals/human or machinery. Stem seeds are dispersed by disturbances.""",dispersal based on morphology,NA,2022-06-08T00:00:00Z,45051,NA,4,1,3
2,Nassella tenuissima,Poales,Poaceae,wind.special,1.8261396449584781,1.3700814686500757,1.238129778848852,1.8261396449584781,grass,herb,0.7,"NZ Flora Online: bank, forest, gravel, margin, open, roadside",NA,caryopsis,dry,light seed,3.1e-4,unspecialised,NA,wind.none,NA,NA,NA,NA,NA,Humphries & Florentine 2021,NA,"""The light seeds are dispersed most effectively by wind"" (Humphries & Florentine 2021).",dispersal based on morphology,NA,2022-06-08T00:00:00Z,NA,2023-05-05T00:00:00Z,1,1,0
2,Paspalum vaginatum,Poales,Poaceae,animal,2.776997028065259,2.3209388517568565,1.9386973152515061,2.776997028065259,grass,herb,0.3,"NZ Flora Online:  bank, cliff, coast, dry, flat , lowland, margin, open, rock outcrop, sand, sheltered, shrubland, silt, stone; NZPCN: Found in brackish water around the margins of river mouths and estuaries",riparian,caryopsis,dry,none,6.303999999999999e-4,unspecialised,NA,internal,NA,NA,NA,NA,NA,Almeida et al. 2022,dispersal by sand movement (NZPCN),seeds ingested by waterfowl (Almeida et al. 2022).,dispersal based on morphology,NA,2022-06-08T00:00:00Z,45055,2022-06-22T00:00:00Z,1,1,0
2,Phalaris arundinacea,Poales,Poaceae,wind.special,1.918576043904727,1.4625178675963246,1.3858136999752848,1.918576043904727,grass,herb,2,"NZPCN: Swamps. Including under shade of willows and open kahikatea forest, wet grassland, margins of water bodies, wet waste areas and roadsides.",riparian,caryopsis,dry,buoyant seed,8e-4,water,NA,water,wind.none,attachment,internal,NA,NA,"Coops & van der Velde 1995; Couvreur et al. 2004; Almeida et al. 2022, 2025; SID","Seed dispersed by water, animals or contaminated machinery (NZPCN Factsheet prepared by Paul Champion and Deborah Hofstra (NIWA)).","Water; Floating in freshwater currents; Direct or experimental observation; Also dispersed by wind. Diaspore=caryopsis+glume. The diaspore is buoyant (Ridley, 1930, cited in Kew SID). Bouyancy experiment showed seeds can float for 20-38 hours (50% and 90% of seeds, respectively) (Coops & van der Velde 1995). Seeds dispersed attached to cattle fur (Couvreur et al. 2004). seeds ingested by waterfowl in Europe (Almeida et al. 2022) and North America (Almeida et al. 2025).",NA,NA,2022-06-08T00:00:00Z,45056,2022-06-22T00:00:00Z,4,1,3
2,Phalaris arundinacea,Poales,Poaceae,animal,3.092025034779594,2.6359668584711913,2.4074338785530234,3.092025034779594,grass,herb,2,"NZPCN: Swamps. Including under shade of willows and open kahikatea forest, wet grassland, margins of water bodies, wet waste areas and roadsides.",riparian,caryopsis,dry,buoyant seed,8e-4,water,NA,water,wind.none,attachment,internal,NA,NA,"Coops & van der Velde 1995; Couvreur et al. 2004; Almeida et al. 2022, 2025; SID","Seed dispersed by water, animals or contaminated machinery (NZPCN Factsheet prepared by Paul Champion and Deborah Hofstra (NIWA)).","Water; Floating in freshwater currents; Direct or experimental observation; Also dispersed by wind. Diaspore=caryopsis+glume. The diaspore is buoyant (Ridley, 1930, cited in Kew SID). Bouyancy experiment showed seeds can float for 20-38 hours (50% and 90% of seeds, respectively) (Coops & van der Velde 1995). Seeds dispersed attached to cattle fur (Couvreur et al. 2004). seeds ingested by waterfowl in Europe (Almeida et al. 2022) and North America (Almeida et al. 2025).",NA,NA,2022-06-08T00:00:00Z,45056,2022-06-22T00:00:00Z,4,1,3
2,Phragmites karka,Poales,Poaceae,wind.special,2.1996559757583025,1.7435977994499,1.7775561375131876,2.1996559757583025,grass,herb,3,NZPCN: estuaries and wet grassland,NA,caryopsis,aquatic,none,1e-4,unspecialised,NA,water,wind.none,internal,NA,NA,NA,"Almeida et al. 2022, 2025; SID","P. australis: attachment, also water, wind (ETNZF)","wind dispersed (Cook 1987, cited in Kew SID); P. australis: Combination: water+wind+animal; Method not stated; (Bouman et al., 2000, cited in Kew SID). P. australis:  seeds ingested by waterfowl in Europe (Almeida et al. 2022) and North America (Almeida et al. 2025).",dispersal based on morphology,NA,2022-06-08T00:00:00Z,45084,2022-06-22T00:00:00Z,3,1,2
2,Phragmites karka,Poales,Poaceae,animal,3.373104966633169,2.9170467903247665,2.799176316090926,3.373104966633169,grass,herb,3,NZPCN: estuaries and wet grassland,NA,caryopsis,aquatic,none,1e-4,unspecialised,NA,water,wind.none,internal,NA,NA,NA,"Almeida et al. 2022, 2025; SID","P. australis: attachment, also water, wind (ETNZF)","wind dispersed (Cook 1987, cited in Kew SID); P. australis: Combination: water+wind+animal; Method not stated; (Bouman et al., 2000, cited in Kew SID). P. australis:  seeds ingested by waterfowl in Europe (Almeida et al. 2022) and North America (Almeida et al. 2025).",dispersal based on morphology,NA,2022-06-08T00:00:00Z,45084,2022-06-22T00:00:00Z,3,1,2
2,Poa annua,Poales,Poaceae,animal,2.8790430876431072,2.4229849113347046,2.081062306772884,2.8790430876431072,grass,herb,0.35,NZPCN: A weed of cultivated land and waste places,NA,caryopsis,dry,none,3e-4,unspecialised,NA,attachment,internal,wind.none,water,bird nesting material,NA,"Carroll 1966; Marchant & Higgins 1990b; Couvreur et al. 2004; Albert et al. 2015; Green 2016; Warren et al. 2017; Almeida et al. 2022, 2025; Rutledge & McLendon sine anno",seeds recorded in pukeko gizzards (Carroll 1966; Marchant & Higgins 1990b).,"Seeds dispersed internally and on hooves of deer (Albert et al. 2015). Seeds dispersed attached to cattle and donkey fur, unspecialised dispersal (Couvreur et al. 2004). Malfasi et al. 2020: migratory birds could be the main potential vectors in natural long-distance dispersal events; caryopses are not typically wind-dispersed seeds and we consider this vector is unlikely here; Combination: wind+animal; Method not stated; (Rutledge & McLendon, sine anno, Kew SID); Mammals (incl. bats)+birds.; Also dispersed by water. In mud on feet, or eaten. Also blown by wind. Viable seeds germinated from gull and Canada goose faeces (Green 2016). Unspecialised seed dispersal morphology (McIntyre et al. 1995). seeds ingested by waterfowl in Europe (Almeida et al. 2022) and North America (Almeida et al. 2025). Dispersed in bird nesting material (Warren et al. 2017)",NA,NA,2022-06-08T00:00:00Z,NA,2022-06-22T00:00:00Z,5,1,4
2,Poa annua,Poales,Poaceae,wind.special,1.7055940967682404,1.249535920459838,1.0594421281951456,1.7055940967682404,grass,herb,0.35,NZPCN: A weed of cultivated land and waste places,NA,caryopsis,dry,none,3e-4,unspecialised,NA,attachment,internal,wind.none,water,bird nesting material,NA,"Carroll 1966; Marchant & Higgins 1990b; Couvreur et al. 2004; Albert et al. 2015; Green 2016; Warren et al. 2017; Almeida et al. 2022, 2025; Rutledge & McLendon sine anno",seeds recorded in pukeko gizzards (Carroll 1966; Marchant & Higgins 1990b).,"Seeds dispersed internally and on hooves of deer (Albert et al. 2015). Seeds dispersed attached to cattle and donkey fur, unspecialised dispersal (Couvreur et al. 2004). Malfasi et al. 2020: migratory birds could be the main potential vectors in natural long-distance dispersal events; caryopses are not typically wind-dispersed seeds and we consider this vector is unlikely here; Combination: wind+animal; Method not stated; (Rutledge & McLendon, sine anno, Kew SID); Mammals (incl. bats)+birds.; Also dispersed by water. In mud on feet, or eaten. Also blown by wind. Viable seeds germinated from gull and Canada goose faeces (Green 2016). Unspecialised seed dispersal morphology (McIntyre et al. 1995). seeds ingested by waterfowl in Europe (Almeida et al. 2022) and North America (Almeida et al. 2025). Dispersed in bird nesting material (Warren et al. 2017)",NA,NA,2022-06-08T00:00:00Z,NA,2022-06-22T00:00:00Z,5,1,4
2,Setaria palmifolia,Poales,Poaceae,animal,3.0289535752915535,2.572895398983151,2.321402675171554,3.0289535752915535,grass,herb,2,"NZ Flora Online:  bank, clay, cliff, coast, dry, gorge, hill, lowland, montane, open, pasture, ridge, roadside, rock outcrop, sand, scrubland, shaded, sheltered, shrubland, silt, stone, terrace, track, wasteland; NZPCN: Disturbed and open forest, shrubland, herbfield, bare land",NA,caryopsis,dry,none,0.0015,unspecialised,NA,internal,water,NA,NA,NA,NA,Smith 1985; NZPCN,"Dispersed by dumped garden waste, soil and water movement (NZPCN). Setaria verticillata has barbed awns attached below the spikelet. When these engage in clothing or animal coats the whole inflorescence is carried away (Elser 1988, incl. illustration).","Setaria palmifolia: no obvious dispersal mechanism; black rats destroyed almost all seeds offered in captive trials (Shiels 2011); dispersed passively or by granivorous birds (Smith 1985); S. italica: plant included in waterfowl diet (incl. mallard; Reynolds et al. 2015); Setaria verticillata: Animal; Diaspore is carried accidentally; Direct or experimental observation; Mammals (non-bat).; The diaspore has spiny, spiky, hooked or barbed projections or awns. Diaspores are released as animal brushes infloresecence and many fall close to parent plant, rather than cling to fur (van Rheede van Oudtshoorn & van Rooyen, 1999, cited in Kew SID); ; S. viridis seeds germinated from sheep faeces (Eichberg et al. 2007)",NA,NA,2022-06-09T00:00:00Z,45062,2022-06-27T00:00:00Z,2,1,1
2,Stenotaphrum secundatum,Poales,Poaceae,wind.special,1.4671194173134467,1.0110612410050444,0.7272338250880909,1.4671194173134467,grass,herb,0.25,"NZ Flora Online: bank, clay, cliff, coast, dry, flat , grassland, lowland, moist, open, pasture, ridge, roadside, rock outcrop, sand, sheltered, shrubland, silt, slope, terrace, wasteland; NZPCN: coastal areas and occasionally young plants are found along tracks through the forest and even in the wet forest (West, 1996)",NA,caryopsis,dry,buoyant seed,0.0017748,water,NA,water,wind.none,attachment,NA,NA,NA,Sauer 1972; West 1996,"Seeds are mostly dispersed over short distances by wind and over larger distances carried on animals (fur, feathers) and by human activity (West, 1996)","seashore pioneers, and their inflorescences seem to show adaptations for dispersal of seed by ocean currents. Caryopses...retained within the spikelets
attached to disarticulating segments of the inflorescence axis; these segments are buoyant until gradually waterlogged (Sauer 1972).",NA,NA,2022-06-09T00:00:00Z,45062,2022-06-27T00:00:00Z,3,1,2
2,Stenotaphrum secundatum,Poales,Poaceae,animal,2.6405684081883134,2.184510231879911,1.7488540036658295,2.6405684081883134,grass,herb,0.25,"NZ Flora Online: bank, clay, cliff, coast, dry, flat , grassland, lowland, moist, open, pasture, ridge, roadside, rock outcrop, sand, sheltered, shrubland, silt, slope, terrace, wasteland; NZPCN: coastal areas and occasionally young plants are found along tracks through the forest and even in the wet forest (West, 1996)",NA,caryopsis,dry,buoyant seed,0.0017748,water,NA,water,wind.none,attachment,NA,NA,NA,Sauer 1972; West 1996,"Seeds are mostly dispersed over short distances by wind and over larger distances carried on animals (fur, feathers) and by human activity (West, 1996)","seashore pioneers, and their inflorescences seem to show adaptations for dispersal of seed by ocean currents. Caryopses...retained within the spikelets
attached to disarticulating segments of the inflorescence axis; these segments are buoyant until gradually waterlogged (Sauer 1972).",NA,NA,2022-06-09T00:00:00Z,45062,2022-06-27T00:00:00Z,3,1,2
2,Polygala myrtifolia,Fabales,Polygalaceae,ant,1.8981204368992477,1.8231890161468525,1.9614964035054414,1.8981204368992477,NA,shrub,2,"NZ Flora Online: bank, cliff, coast, dry, lowland, open, ridge, roadside, rock outcrop, sand, scrubland, shrubland, stone, terrace; NZPCN: Coastal areas, forest margins, open land, islands, inland scrub",NA,capsule,dry,arillate seed,0.00965,ant,NA,ant,wind.none,water,NA,NA,NA,Berg 1975; NZPCN,Seeds are dispersed by wind and sometimes water; the majority fall close to the parent plant (NZPCN),Ant dispersal based on morphology (Berg 1975),NA,NA,2022-06-08T00:00:00Z,45057,2023-05-11T00:00:00Z,3,1,2
2,Polygala myrtifolia,Fabales,Polygalaceae,wind.special,1.8185907655033005,1.7436593447509052,1.6530486930933552,1.8185907655033005,NA,shrub,2,"NZ Flora Online: bank, cliff, coast, dry, lowland, open, ridge, roadside, rock outcrop, sand, scrubland, shrubland, stone, terrace; NZPCN: Coastal areas, forest margins, open land, islands, inland scrub",NA,capsule,dry,arillate seed,0.00965,ant,NA,ant,wind.none,water,NA,NA,NA,Berg 1975; NZPCN,Seeds are dispersed by wind and sometimes water; the majority fall close to the parent plant (NZPCN),Ant dispersal based on morphology (Berg 1975),NA,NA,2022-06-08T00:00:00Z,45057,2023-05-11T00:00:00Z,3,1,2
2,Reynoutria japonica,Caryophyllales,Polygonaceae,wind.special,1.4023858565584477,1.6397147626292603,1.8640627946300483,1.4023858565584477,NA,shrub,2,NA,NA,nut,dry,winged fruit,0.002065,wind,NA,wind,NA,NA,NA,NA,NA,Maruta 1976,valves of fruit have broad wing (Webb et al. 1988),seeds abundantly blown by wind (Maruta 1976); Ecological Flora of the Bristish Isles: unspecialised,NA,NA,2022-06-08T00:00:00Z,NA,2022-06-23T00:00:00Z,1,1,0
2,Potamogeton crispus,Alismatales,Potamogetonaceae,animal,NA,1.6824057503535808,1.2766456807114168,1.6824057503535808,NA,herb,0.05,"NZ Flora Online: bank, coast, flat , gravel, gully, lowland, margin, moist, open, pasture, sand, shaded, sheltered, silt, slope, stone, terrace; NZPCN: Moderately fast flowing to still water bodies",riparian,achene,aquatic,none,0.0025,unspecialised,NA,internal,NA,NA,NA,NA,NA,Almeida et al. 2022,"Spread by seeds, stem fragments, rhizomes, or turions. Birds disperse seed, fragments, rhizomes and turions dispersed by contaminated machinery and water movement (NZPCN Factsheet prepared by Paul Champion and Deborah Hofstra (NIWA))",seeds ingested by waterfowl (Almeida et al. 2022).,dispersal based on morphology,NA,2022-06-08T00:00:00Z,45057,NA,1,1,0
2,Banksia integrifolia,Proteales,Proteaceae,wind.special,NA,2.0596373369783834,2.27289607463618,2.0596373369783834,NA,tree,15,"NZ Flora Online: bank, clay, cliff, coast, dry, forest, hill, loam, lowland, margin, moist, open, pasture, peat, ridge, roadside, rock outcrop, sand, scrubland, sheltered, shrubland, silt, slope, stone, terrace, wasteland, wetland",NA,cone,dry,winged seed,0.01366,wind,NA,wind,NA,NA,NA,NA,300 m,"Australian National Herbarium https://www.anbg.gov.au/banksia/, accessed 1/6/2023; Weedbusters website https://www.weedbusters.org.nz/what-are-weeds/weed-list/coastal-banksia/, accessed 1/6/2023",Spreads locally by seed fall and wind dispersal up to at least 300m from seeding trees.,seeds are released spontaneously upon maturity (Price & Morgan 2003),NA,NA,2022-06-03T00:00:00Z,NA,2023-04-18T00:00:00Z,1,1,0
2,Embothrium coccineum,Proteales,Proteaceae,wind.special,NA,1.9760847795812786,2.1505864021430514,1.9760847795812786,NA,tree,10,"NZ Flora Online: bank, clay, dry, hill, margin, open, pasture, ridge, roadside, shrubland, slope, terrace",NA,follicle,dry,winged seed,0.01526,wind,NA,wind,NA,NA,NA,NA,NA,NZPCN,"reproduces exclusively by seed, seeds dispersed by wind and gravity (NZPCN)",NA,NA,NA,2022-06-07T00:00:00Z,45040,2022-06-21T00:00:00Z,1,1,0
2,Lomatia fraseri,Proteales,Proteaceae,wind.special,NA,1.9042891074614008,1.8763069978857714,1.9042891074614008,shrub-tree,shrub,4,"Perrie & Shepherd 2021: in disturbed firebreak, under manuka and kanuka and in regenerating forest.",NA,follicle,dry,winged seed,0.0072,wind,NA,wind,NA,NA,NA,NA,NA,Perrie & Shepherd 2021,"has winged seeds, which aid wind dispersal (Perrie & Shepherd 2021)",NA,NA,NA,NA,NA,2023-10-02T00:00:00Z,1,1,0
2,Pomaderris aspera,Rosales,Rhamnaceae,ant,NA,2.1107088312135875,2.4130822040466033,2.1107088312135875,NA,shrub,3,NA,NA,dehiscent capsule-like,fleshy,arillate seed,7.790000000000001e-4,ant,NA,ant,NA,NA,NA,NA,NA,Ashton 1979; Rice & Westoby 1981,NA,Seed of Pomaderris aspera was found in one artificial ant nest (Ashton 1979). Myrmecochorous (Rice & Westoby 1981).,NA,NA,2022-06-15T00:00:00Z,NA,2022-06-22T00:00:00Z,1,1,0
2,Rhamnus alaternus,Rosales,Rhamnaceae,animal,NA,3.044632828202047,2.918525942267831,3.044632828202047,NA,shrub,5,"NZ Flora Online: bank, clay, cliff, coast, dry, gap, gravel, gully, hill, lava, lowland, margin, open, pasture, ridge, roadside, rock outcrop, sand, scrubland, shaded, sheltered, shrubland, slope, stone, terrace, track, wasteland. NZPCN: A plant of coastal and lowland habitats, grows in sites with low - low/moderate fertility. Invades scrub, forest margin, tall forest, low forest, shrubland, fernland, cliff and bare rock and river verge communities.",riparian,drupe,fleshy,fleshy,0.009529999999999999,internal,NA,internal,NA,NA,NA,NA,NA,Timmins & Mackenzie 1995; Atkinson 1997,"birds such as myna, blackbird, thrush, starling spread seed (Timmins & Mackenzie 1995). Bird-dispersed (Atkinson 1997).",NA,NA,NA,2022-06-08T00:00:00Z,45098,2023-06-21T00:00:00Z,1,1,0
2,Cotoneaster coriaceus,Rosales,Rosaceae,animal,2.913971150408278,3.065118685138754,2.9464692138976827,2.913971150408278,shrub-tree,shrub,5,"NZPCN: Dry shrubland, forest margins, wasteland in urban places",NA,pome-like,fleshy,fleshy,0.00777,internal,NA,internal,NA,NA,NA,NA,NA,NZPCN,Seed is widely distributed by birds (NZPCN),NA,NA,NA,2023-06-16T00:00:00Z,45093,2023-06-16T00:00:00Z,1,1,0
2,Cotoneaster franchetii,Rosales,Rosaceae,animal,2.736871628908558,2.888019163639034,2.6860496273609233,2.736871628908558,NA,shrub,2,"NZ Flora Online: bank, clay, cliff, coast, dry, forest, forest edge, gap, gravel, gully, hill, lowland, margin, moist, open, pasture, riparian, roadside, rock outcrop, sand, shaded, sheltered, shrubland, silt, slope, stone, terrace, unstable/eroded, wasteland. NZPCN: dry forest and shrubland up to 300 m, forest margins, dry rangeland, bluffs, rocky sites, slips, riverbeds",riparian,pome-like,fleshy,fleshy,0.00888,internal,NA,internal,NA,NA,NA,NA,NA,Williams & Karl 1996,NA,NA,NA,NA,2022-06-03T00:00:00Z,45093,2023-06-16T00:00:00Z,1,1,0
2,Cotoneaster glaucophyllus,Rosales,Rosaceae,animal,2.8820285533579817,3.033176088088458,2.8983078713327273,2.8820285533579817,NA,shrub,4,"NZ Flora Online: bank, clay, cliff, coast, dry, forest, gorge, gravel, hill, lava, lowland, margin, moist, open, pasture, riparian, roadside, rock outcrop, sand, scrubland, shaded, sheltered, shrubland, silt, slope, stone, terrace, track, unstable/eroded. NZPCN: Gardens, bushland, wasteland areas and along railway lines. (Ermert and Clapp 1998) Wasteland, scrub in gullies, a garden weed (Webb et al., 1988). Stream banks, riverbeds, coastal and inshore islands, dry shrublands, rocklands, forest steeplands, coastal forest, forest margins and slips, roadside, quarries, wasteland, exotic plantations (Fromont and King, 1992).",riparian,pome-like,fleshy,fleshy,0.00718,internal,NA,internal,NA,NA,NA,NA,NA,Esler 1988; Fromont & King 1992,Dispersed by birds (Fromont & King 1992),NA,NA,NA,2022-06-03T00:00:00Z,45093,2023-06-16T00:00:00Z,1,1,0
2,Cotoneaster simonsii,Rosales,Rosaceae,animal,2.7972286475048356,2.948376182235312,2.779891310667584,2.7972286475048356,NA,shrub,3.5,"NZ Flora Online:  bank, clay, cliff, coast, dry, flat , forest edge, gorge, grassland, hill, margin, open, pasture, riparian, roadside, rock outcrop, sand, scrubland, shaded, sheltered, shrubland, silt, slope, stone, terrace, wasteland. NZPCN: Dry cool forest and shrubland up to 900 m., forest margins, dry rangeland, bluffs, rocky sites, slips, riverbeds.",riparian,pome-like,fleshy,fleshy,0.013179999999999999,internal,NA,internal,NA,NA,NA,NA,NA,Burrows 1995,bird-dispersed (Burrows 1995),NA,NA,NA,2022-06-03T00:00:00Z,45093,2023-06-16T00:00:00Z,1,1,0
2,Crataegus monogyna,Rosales,Rosaceae,animal,2.784651417953617,2.935798952684093,2.784333757687892,2.784651417953617,shrub-tree,shrub,10,"NZ Flora Online:  bank, clay, coast, dry, gravel, gully, hill, margin, open, pasture, riparian, roadside, rock outcrop, sand, sheltered, shrubland, silt, slope, stone, terrace, track. NZPCH: lowland and montane habitats. Plant occurs in sites with low to low/moderate fertility. A plant that grows in low forest, forest margins, scrub, hill country pasture, pasture, disturbed forest, waste places and roadsides.",riparian,pome-like,fleshy,fleshy,0.09687,internal,NA,internal,attachment,NA,NA,NA,NA,Stidolph 1951; Esler 1988; Timmins & Mackenzie 1995; Cronk & Fuller 1995; Williams & Karl 1996; Albert et al. 2015; Almeida et al. 2022,"Dozens of blackbirds feeding on berries on hawthorn hedges (Stidolph 1951. Summarised Classified Notes, Notornis 4(3), 1951)","bird & mammal dispersed (possums in Australia) (Cronk & Fuller 1995). Spain: intact seeds in carnivorous mammal faeces (Herrera 1989). England: blackbirds primary dispersers, also eaten by song thrush & starling (Snow & Snow 1988). Seeds dispersed on deer hooves (sometimes; Albert et al. 2015).  seeds ingested by waterfowl (Almeida et al. 2022).",NA,NA,2022-06-03T00:00:00Z,45093,2023-06-16T00:00:00Z,2,1,1
2,Prunus avium,Rosales,Rosaceae,animal,2.736816902886981,2.887964437617457,2.880334252389959,2.736816902886981,NA,tree,12,"NZ Flora Online: bank, cliff, coast, dry, forest, forest edge, gully, margin, open, pasture, roadside, rock outcrop, sheltered, shrubland, slope, track. NZPCN: Forest margins, roadsides, scrub, hedgerows",NA,drupe,fleshy,fleshy,0.18308000000000002,internal,NA,internal,NA,NA,NA,NA,NA,Burrows 1995; Atkinson 1997,bird dispersed (Burrows 1995; Atkinson 1997; Henderson unpubl. data),"Spain: intact seeds in carnivorous mammal faeces (Herrera 1989). Spain: intact seeds in hedgehog, polecat, marten, fox & badger droppings, fruits also eaten by 16 bird species including blackbird & thrush (Hernandez 2008). England: blackbird primary disperser, thrushes also swallow fruits & disperse seeds but have difficulty in plucking fruits, starling have great difficulty in swallowing fruit whole & usually peck at pulp (Snow & Snow 1988). Czechoslovakia: blackbird & song thrush most important dispersers (Snow & Snow 1988).",NA,NA,2022-06-08T00:00:00Z,45098,2023-06-21T00:00:00Z,1,1,0
2,Prunus domestica,Rosales,Rosaceae,animal,2.477820430445279,2.628967965175755,2.5127957376637524,2.477820430445279,NA,tree,6,"NZ Flora Online: bank, dry, gravel, margin, montane, ridge, riparian, roadside, slope, stone, terrace, tussockland. NZPCN: Near human settlements, waste places and forest margins",riparian,drupe,fleshy,fleshy,0.70417,internal,NA,internal,NA,NA,NA,NA,NA,Gibb 1970; McEwen 1978,NA,Spain: intact seeds in carnivorous mammal faeces (Herrera 1989).,NA,NA,2022-06-08T00:00:00Z,45098,2023-06-21T00:00:00Z,1,1,0
2,Prunus laurocerasus,Rosales,Rosaceae,animal,2.6828112018233865,2.8339587365538628,2.6454209052276765,2.6828112018233865,shrub-tree,shrub,10,"NZ Flora Online: bank, clay, cliff, dry, forest, gully, hill, lowland, margin, moist, montane, open, ridge, riparian, roadside, rock outcrop, sand, scrubland, shaded, sheltered, silt, slope, stone, terrace, track. NZPCN: High rainfall or otherwise saturated soils (C. Ogle, pers. comm.). Found in plantations, around shelterbelts, roadsides, wastelands and in lowland areas (Webb et al., 1988). Relics of cultivation are very common in settled areas especially around old homesteads, domains and parks (Webb et al., 1988). Riverine forest (C. Ogle, pers. comm.). On an alluvial terraca (J. Barkle, pers. comm.).",riparian,drupe,fleshy,fleshy,0.26730000000000004,internal,NA,internal,NA,NA,NA,NA,NA,Ridley 1998; Spurr et al. 2011,bellbirds eat fruits (Spurr et al. 2011),NA,NA,NA,2022-06-08T00:00:00Z,45098,2023-06-21T00:00:00Z,1,1,0
2,Prunus lusitanica,Rosales,Rosaceae,animal,2.80309701904748,2.9542445537779565,2.8021561420704937,2.80309701904748,shrub-tree,shrub,7,"Webb et al. 1988: coastal forest, plantations, windbreaks, shrubberies",NA,drupe,fleshy,fleshy,0.04271,internal,NA,internal,NA,NA,NA,NA,NA,Webb et al. 1988,seeds are spread by birds (Webb et al. 1988),NA,NA,NA,NA,NA,2023-10-03T00:00:00Z,1,1,0
2,Prunus serotina,Rosales,Rosaceae,animal,2.8549742063929293,3.0061217411234056,3.0460948229697076,2.8549742063929293,NA,tree,15,NA,NA,drupe,fleshy,fleshy,0.0839,internal,NA,internal,NA,NA,NA,NA,NA,Deckers et al. 2008,NA,"dispersed mainly by blackbirds and pigeons, but also by other birds, in Belgium (Deckers et al. 2008)",NA,NA,2022-06-08T00:00:00Z,NA,2023-06-21T00:00:00Z,1,1,0
2,Prunus serrulata,Rosales,Rosaceae,animal,2.861365853657686,3.0125133883881623,3.0502224427327693,2.861365853657686,NA,tree,12,"NZ Flora Online: bank, coast, dry, gully, hill, margin, open, roadside, scrubland, shrubland, slope, unstable/eroded, wasteland",NA,drupe,fleshy,fleshy,0.05291,internal,NA,internal,NA,NA,NA,NA,NA,Esler 1988,bird dispersed (Esler 1988),NA,NA,NA,2022-06-08T00:00:00Z,NA,2023-06-21T00:00:00Z,1,1,0
2,Pyracantha angustifolia,Rosales,Rosaceae,animal,2.6051999952277125,2.7563475299581888,2.511036664552423,2.6051999952277125,NA,shrub,2.5,"NZ Flora Online: bank, clay, cliff, coast, dry, hill, loam, lowland, margin, open, pasture, roadside, rock outcrop, sand, shrubland, slope, stone, terrace, tree, wasteland",NA,pome-like,fleshy,fleshy,0.04908,internal,NA,internal,NA,NA,NA,NA,NA,Gibb 2000,"""Pyracantha sp."" dispersed by silvereyes, ""Pyracanthus"" dispersed by blackbirds (Gibb 2000)",NA,NA,NA,2022-06-08T00:00:00Z,NA,2023-06-21T00:00:00Z,1,1,0
2,Rhaphiolepis bibas,Rosales,Rosaceae,animal,2.456961054656002,2.6081085893864784,2.4902614985401503,2.456961054656002,NA,tree,8,"NZ Flora Online:  bank, clay, dry, gap, gully, hill, loam, lowland, margin, moist, roadside, sand, shaded, sheltered, shrubland, silt, slope, stone, terrace, wasteland",NA,pome,fleshy,fleshy,1.4468800000000002,internal,NA,internal,NA,NA,NA,NA,NA,Fromont & King 1992; Karan 2000,"Loquat is known to be eaten by pigeons…and may be spread into light forest by this vector (Fromont & King 1992); visited by kereru, blackbird, sparrow (main visitor in Auckland), silvereye, rosella, myna & starling - only kereru capable of swallowing fruits (Karan 2000).",NA,NA,NA,2022-06-07T00:00:00Z,NA,2023-06-16T00:00:00Z,1,1,0
2,Rosa rubiginosa,Rosales,Rosaceae,animal,2.7530326548344477,2.904180189564924,2.71643539961058,2.7530326548344477,NA,shrub,3,"NZ Flora Online:  bank, clay, dry, grassland, gravel, hill, open, pasture, river terrace, roadside, rock outcrop, sand, shaded, sheltered, shrubland, slope, stone, terrace, track. NZPCN: A plant of lowland habitats and sites with high fertility. A plant of tussock land, open sites, river flats, banks and terraces and stream sides. A plant of open, well-drained sites on roadsides, stabilised scree, steep open slopes and lakesides from s.l. to about 1000m a.s.l. The plant is often the dominant woody species, in habitats where it occurs and nearly always grows where other woody plants are rather sparse or absent. Areas at risk form the plant are pasture, low and disturbed forest, gullies and roadsides.",riparian,hip,fleshy,fleshy,0.015560000000000001,internal,NA,internal,NA,NA,NA,NA,NA,Esler 1988; Timmins & Mackenzie 1995; Higgins et al. 2006; Rouco & Norbury 2013; NZPCN,dispersed by birds (Esler 1988); seeds in possum droppings (Rouco & Norbury 2013). The plant has a high seed output which is dispersed by birds and domestic stock (NZPCN). Fruits eaten by silvereyes in Australia (Higgins et al. 2006).,Spain: intact seeds of Rosa canina in carnivorous mammal faeces (Herrera 1989).,NA,NA,2022-06-08T00:00:00Z,45098,2023-06-21T00:00:00Z,1,1,0
2,Sorbus aucuparia,Rosales,Rosaceae,animal,3.002125900776949,3.1532734355074252,3.23388132490475,3.002125900776949,NA,tree,8,"NZ Flora Online: gap, hill, margin, open, pasture, sand, sheltered, shrubland, silt, slope, stone, terrace, track",NA,pome,fleshy,fleshy,0.00632,internal,NA,internal,NA,NA,NA,NA,NA,McEwen 1978; Burrows 1995; Almeida et al. 2022,seeds dispersed by kereru (McEwen 1978; Powlesland et al. unpubl. data); bird dispersed (Burrows 1995),"England: blackbird primary disperser, occasionally eaten by song thrush & starling (Snow & Snow 1988). Seeds ingested by waterfowl (Almeida et al. 2022).",NA,NA,2022-06-09T00:00:00Z,NA,2023-06-22T00:00:00Z,1,1,0
2,Spiraea japonica,Rosales,Rosaceae,wind.special,2.0235480290829844,2.1746955638134606,2.2861345998240505,2.0235480290829844,NA,shrub,1.5,NA,NA,follicle,dry,none,5.4239999999999996e-5,unspecialised,NA,wind.none,water,NA,NA,NA,NA,Feldhaus et al. 2013,NA,"Spiraea japonica seed dispersal via water or wind are common (Feldhaus et al. 2013); Spiraea spp. wind-dispersed (Zasada & Stickney 2009, cited in Pate 2010 thesis); S. alba & S. tomentosa seeds germinated from white-tailed deer faeces (Flaherty et al. 2018)",dispersal based on morphology,NA,2022-06-09T00:00:00Z,NA,2022-06-27T00:00:00Z,2,1,1
2,Populus alba,Malpighiales,Salicaceae,wind.special,2.835957217146189,2.694631619149375,2.9216484688944715,2.835957217146189,NA,tree,25,"NZ Flora Online: bank, coast, gully, hill, margin, moist, open, riparian, roadside, sheltered, stone, wasteland",riparian,capsule,dry,none,3.2e-4,unspecialised,NA,wind.none,water,NA,NA,NA,NA,Gonzalez et al. 2010,NA,Wind and water dispersed seed (Gonzalez et al. 2010),dispersal based on morphology,NA,2022-06-08T00:00:00Z,NA,2022-06-22T00:00:00Z,2,1,1
2,Salix cinerea,Malpighiales,Salicaceae,wind.special,2.671526239181485,2.530200641184671,2.671171201528157,2.671526239181485,NA,tree,7,"NZ Flora Online: stream banks, and in marshes, bogs, and swamps; NZPCN: Swamps, fens, water body margins and disturbed places",riparian,capsule,dry,seeds topped with tufts of silky hairs,1.708e-4,wind,NA,wind,water,attachment,NA,NA,NA,Couvreur et al. 2004; Griffiths et al. 2018; NZPCN,"Seed dispersed by wind, water and contaminated machinery (NZPCN Factsheet prepared by Paul Champion and Deborah Hofstra (NIWA)); wind-dispersed (Griffiths et al. 2018)",seeds dispersed attached to cattle and donkey fur (Couvreur et al. 2004); Salix sp. seeds germinated from sheep faeces (Eichberg et al. 2007),NA,NA,2022-06-09T00:00:00Z,45058,2022-06-23T00:00:00Z,3,1,2
2,Salix cinerea,Malpighiales,Salicaceae,animal,3.844975230056352,3.703649632059538,3.692791380105896,3.844975230056352,NA,tree,7,"NZ Flora Online: stream banks, and in marshes, bogs, and swamps; NZPCN: Swamps, fens, water body margins and disturbed places",riparian,capsule,dry,seeds topped with tufts of silky hairs,1.708e-4,wind,NA,wind,water,attachment,NA,NA,NA,Couvreur et al. 2004; Griffiths et al. 2018; NZPCN,"Seed dispersed by wind, water and contaminated machinery (NZPCN Factsheet prepared by Paul Champion and Deborah Hofstra (NIWA)); wind-dispersed (Griffiths et al. 2018)",seeds dispersed attached to cattle and donkey fur (Couvreur et al. 2004); Salix sp. seeds germinated from sheep faeces (Eichberg et al. 2007),NA,NA,2022-06-09T00:00:00Z,45058,2022-06-23T00:00:00Z,3,1,2
2,Salix purpurea,Malpighiales,Salicaceae,wind.special,2.69119082480336,2.549865226806546,2.5432442349787445,2.69119082480336,shrub-tree,shrub,8,NZ Flora Online: riparian,riparian,capsule,dry,pappus,2.0999999999999998e-4,wind,NA,wind,water,NA,NA,NA,NA,van Kraayenoord et al. 1995,osier willows …become established easily from wind or water-borne seeds (van Kraayenoord et al. 1995),NA,dispersal based on morphology,NA,NA,NA,2023-10-03T00:00:00Z,2,1,1
2,Acer negundo,Sapindales,Sapindaceae,wind.special,2.23374967704083,2.090569631697002,2.173424986410071,2.23374967704083,NA,tree,17,NA,NA,samara,dry,winged seed,0.03598,wind,NA,wind,NA,NA,NA,NA,41.1,Matlack 1987,NA,41.1 m estimated lateral distance in a 10 km/hr breeze (Matlack 1987),NA,NA,2023-09-29T00:00:00Z,NA,2023-09-29T00:00:00Z,1,1,0
2,Acer pseudoplatanus,Sapindales,Sapindaceae,wind.special,2.165262605068101,2.0220825597242733,2.0833502629116567,2.165262605068101,NA,tree,20,"NZPCN: Coastal and lowland plant on sites with high fertility. Grows in a wide range of open forest and scrub types with moderately high light levels. NZ Flora Online:  bank, clay, coast, dry, forest, gap, gully, hill, loam, lowland, margin, open, pasture, riparian, roadside, rock outcrop, sand, shaded, sheltered, shrubland, slope, stone, terrace, track, wasteland",riparian,samara,dry,winged seed,0.09509999999999999,wind,NA,wind,internal,attachment,NA,NA,85,Jones 1945; Webb et al. 1988; Matlack 1987; Cronk & Fuller 1995; Spurr et al. 2011; Albert et al. 2015,Wind dispersal by wings (Webb et al. 1988; Esler 1988). Bellbirds feed on seeds (Spurr et al. 2011),"Wind; Diaspore is blown by wind; Method not stated; (Matlack, 1987, cited in Kew SID 19/6/2022); Diaspore=samara. The diaspore has wings.
    Wind; Diaspore is blown by wind; Direct or experimental observation; (Farmer, 1997, cited in Kew SID, 19/6/2022); Diaspore=samara. The diaspore has wings or wing-like features. wind dispersed (Cronk & Fuller 1995). Seeds are dispersed in fur and on hooves of deer (Albert et al. 2015); dispersal by wind, usu. over short distances only, though flights of 4 km have been recorded. Rate of fall about 0.9 m/s. Maximum distance of dispersal in 'tolerably strong breeze' from height of 15 m is 36-85 m...seed in bird droppings (Jones 1945).",NA,NA,2022-06-02T00:00:00Z,45030,2022-06-19T00:00:00Z,3,1,2
2,Acer pseudoplatanus,Sapindales,Sapindaceae,animal,3.338711595942968,3.19553155059914,3.1049704414893955,3.338711595942968,NA,tree,20,"NZPCN: Coastal and lowland plant on sites with high fertility. Grows in a wide range of open forest and scrub types with moderately high light levels. NZ Flora Online:  bank, clay, coast, dry, forest, gap, gully, hill, loam, lowland, margin, open, pasture, riparian, roadside, rock outcrop, sand, shaded, sheltered, shrubland, slope, stone, terrace, track, wasteland",riparian,samara,dry,winged seed,0.09509999999999999,wind,NA,wind,internal,attachment,NA,NA,85,Jones 1945; Webb et al. 1988; Matlack 1987; Cronk & Fuller 1995; Spurr et al. 2011; Albert et al. 2015,Wind dispersal by wings (Webb et al. 1988; Esler 1988). Bellbirds feed on seeds (Spurr et al. 2011),"Wind; Diaspore is blown by wind; Method not stated; (Matlack, 1987, cited in Kew SID 19/6/2022); Diaspore=samara. The diaspore has wings.
    Wind; Diaspore is blown by wind; Direct or experimental observation; (Farmer, 1997, cited in Kew SID, 19/6/2022); Diaspore=samara. The diaspore has wings or wing-like features. wind dispersed (Cronk & Fuller 1995). Seeds are dispersed in fur and on hooves of deer (Albert et al. 2015); dispersal by wind, usu. over short distances only, though flights of 4 km have been recorded. Rate of fall about 0.9 m/s. Maximum distance of dispersal in 'tolerably strong breeze' from height of 15 m is 36-85 m...seed in bird droppings (Jones 1945).",NA,NA,2022-06-02T00:00:00Z,45030,2022-06-19T00:00:00Z,3,1,2
2,Buddleja davidii,Lamiales,Scrophulariaceae,wind.special,2.2488102254593887,2.3010878386266573,2.3855857132512504,2.2488102254593887,NA,shrub,3,"NZ Flora Online: bank, clay, cliff, coast, dry, forest, forest edge, gap, gorge, gravel, hill, lava, lowland, margin, open, pasture, ridge, riverbed, roadside, rock outcrop, sand, sheltered, shrubland, slope, stone, terrace, track, tree, unstable/eroded, wasteland; NZPCN: Terrestrial. Occurs in Lowland sites with low-moderate fertility (Timmins & MacKenzie 1995). Colonises new, coarse-textured, nitrogen deficient surfaces (Smale 1990). Colonises stable habitats (Kay & Smale 1990). Thrives on free-draining pumice soils of the central north island (Mike Harre, pers comm.) Found in scrub and forest margins, cliffs, bluffs and riverbeds (Timmins & MacKenzie 1995). Colonises alluvial sites (Smale 1990).Very invasive of forest margins and revegetation areas (Porteus 1993). The plant is invasive of waste spaces, river beds and plantation forests especially following land disturbance i.e. forest harvesting (Golden Bay Gazette, 27/12/96).",riparian,capsule,dry,winged seed,1e-4,wind,NA,wind,water,NA,NA,NA,NA,Timmins & Mckenzie 1995; Tallent-Halsell & Watt 2009,seed dispersed by wind and water (Timmins & Mckenzie 1995),"seeds have long wings; majority dispersed 10 m or more, maximum dispersal distance unknown; also reported to be water dispersed, especially along sea coasts, floodplains and riparian corridors (Tallent-Halsell & Watt 2009).",NA,NA,2022-06-03T00:00:00Z,NA,2022-06-19T00:00:00Z,2,1,1
2,Verbascum thapsus,Lamiales,Scrophulariaceae,wind.special,1.252371548460534,1.3046491616278026,1.4872302248475768,1.252371548460534,NA,herb,1,"NZPCN: Roadsides, waste places, pasture",NA,capsule,dry,none,1e-4,unspecialised,NA,wind.none,bird nesting material,NA,NA,NA,11 m,Smith 1985; Gross & Werner 1978; Gross 1980; Warren et al. 2017,NA,"seeds have no specialized structures for long-distance dispersal, seed deposition is localised (Gross & Werner 1978; Gross 1980); seeds are wind-dispersed (Smith 1985); seeds dispersed up to 11 m, 93% of seeds fall within 5 m, and 75% within 1 m (Gross & Werner 1978). Undefined seed dispersal morphology (McIntyre et al. 1995). Seeds dispersed in bird nesting material (Warren et al. 2017).",NA,NA,2022-06-09T00:00:00Z,45063,2022-06-27T00:00:00Z,2,1,1
2,Verbascum thapsus,Lamiales,Scrophulariaceae,animal,2.4258205393354006,2.4780981525026693,2.508850403425315,2.4258205393354006,NA,herb,1,"NZPCN: Roadsides, waste places, pasture",NA,capsule,dry,none,1e-4,unspecialised,NA,wind.none,bird nesting material,NA,NA,NA,11 m,Smith 1985; Gross & Werner 1978; Gross 1980; Warren et al. 2017,NA,"seeds have no specialized structures for long-distance dispersal, seed deposition is localised (Gross & Werner 1978; Gross 1980); seeds are wind-dispersed (Smith 1985); seeds dispersed up to 11 m, 93% of seeds fall within 5 m, and 75% within 1 m (Gross & Werner 1978). Undefined seed dispersal morphology (McIntyre et al. 1995). Seeds dispersed in bird nesting material (Warren et al. 2017).",NA,NA,2022-06-09T00:00:00Z,45063,2022-06-27T00:00:00Z,2,1,1
2,Ailanthus altissima,Sapindales,Simaroubaceae,wind.special,2.15990526385152,2.1804202901615195,2.3039180396245724,2.15990526385152,NA,tree,25,"NZ Flora Online: bank, clay, coast, dry, flat, forest edge, gravel, gully, hill, lowland, margin, open, pasture, river terrace, roadside, sand, sheltered, shrubland, slope, stone, terrace, wasteland",riparian,samara,dry,winged seed,0.0292,wind,NA,wind,water,NA,NA,NA,200-7500,"Kaproth & McGraw 2008; Farmer 1997, cited in SID",NA,"Kaproth & McGraw 2008: primarily dispersed by wind, but seeds have high viability after 5 months in water. Dispersal distances by water longer than wind. Farmer 1997 (cited in Kew SID): Diaspore is blown by wind; Direct or experimental observation; Diaspore=samara. The diaspore has wings or wing-like features.",NA,NA,2022-06-02T00:00:00Z,NA,2022-06-19T00:00:00Z,2,1,1
2,Cestrum nocturnum,Solanales,Solanaceae,animal,NA,NA,2.883004718812507,2.883004718812507,NA,shrub,2.5,"NZ Flora Online: coast, gully, margin, sheltered, slope, Flora: waste places, sheltered gullies, scrub",NA,berry,fleshy,fleshy,0.0032400000000000003,internal,NA,internal,NA,NA,NA,NA,NA,Higgins et al. 2006,fruits eaten by silvereyes (Higgins et al. 2006),"C. elegans categorised as bird-dispersed, based on fruit size (8-13 mm diam.), colour (red) and shape (Albuquerque et al. 2006)",NA,NA,2022-06-03T00:00:00Z,NA,2023-06-16T00:00:00Z,1,1,0
2,Datura stramonium,Solanales,Solanaceae,wind.special,NA,NA,0.8858071561253795,0.8858071561253795,NA,herb,1,NA,NA,dehiscent capsule,dry,buoyant capsule and seed,0.0081,water,NA,water,wind.none,NA,NA,NA,NA,"Ridley 1930, cited in SID; Weaver & Warwick 1984",NA,"The capsules and seeds are buoyant in water and can remain floating for 10 days or more, facilitating dispersal. Mature seeds are dispersed from the
dry capsules, by dehiscence, up to a distance of 1-3 m from the parent plant (Weaver & Warwick 1984); 1. Animal; Diaspore is eaten intentionally; Direct or experimental observation; (Vazquez & Givnish, 1998, cited in Kew SID - but paper actually appears to use seed morphology to infer dispersal mechanism - plus the fruits are toxic, and capsules split open when ripe); Vertebrates (unspecified).; Diaspore=fruit. Fruits are fleshy. 2. Wind; Diaspore is propelled by action of wind on the plant structure; Direct or experimental observation; (Ridley, 1930, cited in Kew SID); Diaspore=seed.","NZ unlikely to have animals that would eat spiny fruits (except maybe pigs?), and wind dispersal through shaking capsule is not a particular adaptation.",NA,2022-06-15T00:00:00Z,NA,2022-06-21T00:00:00Z,2,1,1
2,Lycium ferocissimum,Solanales,Solanaceae,animal,NA,NA,3.1476742910719038,3.1476742910719038,NA,shrub,6,"NZ Flora Online: bank, cliff, coast, dry, forest, gravel, gully, hill, lowland, margin, open, pasture, ridge, roadside, rock outcrop, sand, sheltered, shrubland, slope, stone, terrace. NZPCN: A plant of lowland and coastal habitats. A plant of low fertility sites. The plant occurs in sites with stony ground and gravel, as well as ungrazed areas. A plant that occurs in sand dunes. Other sites that the plant occurs are shrublands, coastal scrub (Porteus 1993) and other coastal area as well as scrub on cliffs, banks and roadsides. A plant of coastal shrublands and disturbed waste places.",NA,berry,fleshy,fleshy,0.00254,internal,NA,internal,NA,NA,NA,NA,NA,Marchant & Higgins 1990b; Fromont & King 1992; Timmins & Mackenzie 1995; Atkinson 1997; Higgins et al. 2006,"starlings main disperser of seeds to islands (Cox et al. 1967, cited in Atkinson 1997).",Banded rail recorded feeding on fruits and seeds in Australia (Marchant & Higgins 1990b). Fruits eaten by silvereyes in Australia (Higgins et al. 2006).,NA,NA,2022-06-08T00:00:00Z,45096,2023-06-19T00:00:00Z,1,1,0
2,Solanum linnaeanum,Solanales,Solanaceae,animal,NA,NA,2.5853683608673657,2.5853683608673657,NA,shrub,1,"NZ Flora Online: coast, hill, pasture, roadside, sand, slope, wasteland",NA,berry,fleshy,fleshy,0.004860000000000001,internal,NA,internal,NA,NA,NA,NA,NA,NA,NA,NA,NA,NA,2022-06-09T00:00:00Z,NA,2023-06-22T00:00:00Z,1,1,0
2,Solanum marginatum,Solanales,Solanaceae,animal,NA,NA,3.0767128416742087,3.0767128416742087,NA,shrub,5,"NZ Flora Online: bank, coast, hill, pasture, rock outcrop, sand, shrubland, wasteland. Flora: depleted pastures, poor rough country, forest margins, plantations, gullies, roadsides, waste places, scrub",NA,berry,fleshy,fleshy,0.003,internal,NA,internal,NA,NA,NA,NA,NA,NA,NA,NA,NA,NA,2022-06-09T00:00:00Z,45099,2023-06-22T00:00:00Z,1,1,0
2,Solanum mauritianum,Solanales,Solanaceae,animal,NA,NA,3.391116085474279,3.391116085474279,shrub-tree,shrub,10,"NZ Flora Online: bank, clay, coast, dry, hill, lowland, margin, open, pasture, roadside, rock outcrop, sand, shaded, shrubland, slope, stone, terrace, tree, wasteland. NZPCN: A lowland plant. The plant occurs in scrub and forest margin and shrubland communities. Invades pastoral land, native forest margins and urban areas.",NA,berry,fleshy,fleshy,0.00115,internal,NA,internal,NA,NA,NA,NA,NA,Esler 1988; Fromont & King 1992; Timmins & Mackenzie 1995; Atkinson 1997; Higgins et al. 2006,"Effectively spread by birds. Pigeons feed on fruit occasionally (Fromont & King 1992). Bird-dispersed; silvereyes peck holes in berries to feed on the pulp, which causes the fruits to collapse and become unattractive to other birds (Esler 1988). Bird-dispersed (Atkinson 1997).",Fruits eaten by silvereyes in Australia (Higgins et al. 2006).,NA,NA,2022-06-09T00:00:00Z,NA,2023-06-22T00:00:00Z,1,1,0
2,Solanum pseudocapsicum,Solanales,Solanaceae,animal,NA,NA,2.7099978843327266,2.7099978843327266,NA,shrub,1.2,"NZ Flora Online: bank, coast, dry, forest, forest edge, lowland, margin, pasture, riparian, shrubland, terrace, wasteland",riparian,berry,fleshy,fleshy,0.00278,internal,NA,internal,NA,NA,NA,NA,NA,Webb et al. 1988; Williams & Karl 1996; Higgins et al. 2006,fruits eaten by silvereyes (Higgins et al. 2006),"categorised as bird-dispersed, based on fruit size, colour, and shape  (Albuquerque et al. 2006); S. nigrum seeds dispersed by water birds via both endo- and ectozoochory (Reynolds & Cumming 2016).",NA,NA,2022-06-09T00:00:00Z,NA,2023-06-22T00:00:00Z,1,1,0
2,Myricaria germanica,Caryophyllales,Tamaricaceae,wind.special,1.967984734847129,1.9672210445536136,2.304871837637131,1.967984734847129,NA,shrub,1.5,"NZ Flora Online: bank, dry, gravel, hill, margin, moist, montane, open, riverbed, sand, slope, stone, terrace, track; NZPCN: Stony or muddy ground within braided river beds",riparian,capsule,dry,plumed seed,4.7300000000000005e-5,wind,NA,wind,water,NA,NA,NA,"78.3% of seeds trapped within 10m of parent plants, some seeds trapped 50m from parent plants (Fink et al. 2017)",Werth & Scheidegger 2014; Fink et al. 2017; Fink et al. 2022,Appears to have well developed dispersal techniques - probably by wind and possibly vegetatively; May spread downstream during floods (NZPCN).,capable of both wind and water dispersal (Werth & Scheidegger 2014; Fink et al. 2022; Fink et al. 2017),NA,NA,2022-06-08T00:00:00Z,45049,2022-06-22T00:00:00Z,2,1,1
2,Tropaeolum majus,Brassicales,Tropaeolaceae,animal,NA,1.8036160912197299,1.6941849134378446,1.8036160912197299,NA,herb,2,"NZ Flora Online: bank, clay, cliff, coast, dry, forest, forest edge, gap, gully, lowland, open, riparian, roadside, rock outcrop, sand, sheltered, slope, stone, terrace, wasteland; NZPCN: Disturbed sites, especially adjacent to gardens and dumps. Shrubland, herbfield, wetland, streamsides.",riparian,indehiscent carpels,dry,buoyant seed,0.1467,water,NA,water,internal,NA,NA,NA,NA,Webb et al. 1988; West 1996; Chambert & James 2009,has no structures directly aiding active seed dispersal and large seeds >10 mg (Esler 1988); Dispersal is through garden dumping and clonal spread and birds may disperse seeds (NZPCN),seeds are buoyant (Chambert & James 2009),NA,NA,2022-06-09T00:00:00Z,45063,2022-06-27T00:00:00Z,2,1,1
2,Lantana camara,Lamiales,Verbenaceae,animal,2.8903495884427906,2.9292059939190795,2.655017962352754,2.8903495884427906,NA,shrub,2,"NZ Flora Online: bank, clay, coast, dry, grassland, gully, hill, lava, lowland, margin, open, pasture, roadside, sand, shaded, sheltered, shrubland, slope, stone, track, wasteland",NA,drupe,fleshy,fleshy,0.01114,internal,NA,internal,NA,NA,NA,NA,NA,Webb et al. 1988; Fromont & King 1992; Cronk & Fuller 1995; Meisenburg & Fox 2002; Higgins et al. 2006; Green 2016,"Bird dispersed, notably by waxeyes (Fromont & King 1992)","particularly well dispersed by myna, Acridotheres tristis (Cronk & Fuller 1995); vertebrates observed consuming fruits (Meisenburg & Fox 2002); intact seeds found in heron faeces predating lizards (secondary dispersal; Green 2016). Fruits eaten by silvereyes in Australia (Higgins et al. 2006).",NA,NA,2022-06-08T00:00:00Z,NA,2023-06-19T00:00:00Z,1,1,0
2,Sambucus nigra,Dipsacales,Viburnaceae,animal,NA,3.041998651738945,2.961909701063111,3.041998651738945,shrub-tree,shrub,6,"NZ Flora Online: bank, cliff, coast, dry, forest, forest edge, grassland, gully, hill, lake margin, margin, moist, open, pasture, roadside, rock outcrop, sand, sheltered, shrubland, slope, stone, terrace, wasteland. NZPCN: coastal and lowland habitats (Timmins & MacKenzie 1995). The plant occurs in scrub and forest margin and modified plant communities (Timmins & MacKenzie 1995).",NA,drupe,fleshy,fleshy,0.009869999999999999,internal,NA,internal,NA,NA,NA,NA,NA,Webb et al. 1988; Burrows 1995; Williams & Karl 1996; Atkinson 1997; Higgins et al. 2006; Spurr et al. 2011,the fruits are spread by birds (Webb et al. 1988). Bird dispersed (Burrows 1995); Fruits eaten by bellbirds (Spurr et al. 2011).,"England: most fruits eaten by starling, also eaten by blackbird & song thrush & other birds (Snow & Snow 1988). Fruits eaten by silvereyes in Australia (Higgins et al. 2006).",NA,NA,2022-06-09T00:00:00Z,22/6/203,2023-06-22T00:00:00Z,1,1,0
3,Agapanthus praecox,Asparagales,Amaryllidaceae,wind.special,0.9418763887267109,1.1130289357126384,1.2602364370002856,0.9418763887267109,NA,herb,1.2,NA,NA,capsule,dry,winged seed,NA,wind,NA,wind,NA,NA,NA,NA,NA,Esler 1988,NA,NA,NA,NA,2022-06-02T00:00:00Z,45030,NA,1,1,0
3,Allium triquetrum,Asparagales,Amaryllidaceae,ant,0.831389295942344,1.0025418429282715,1.1627067073884445,0.831389295942344,NA,herb,0.6,"NZ Flora Online: bank, clay, dry, forest, gravel, hill, lowland, moist, open, pasture, roadside, sand, shaded, slope, stone, terrace, tree, wasteland; NZPCN: Disturbed forest and shrubland, streamsides, herbfields, bare land. Especially after spraying or other clearance to bare land.",riparian,capsule,dry,elaiosome,NA,ant,NA,ant,NA,NA,NA,NA,NA,Pemberton & Irving 1990,has no structures directly aiding active seed dispersal and medium-sized seeds (1-10 mg) (Esler 1988).,seed has an elaiosome (Pemberton & Irving 1990),NA,NA,2022-06-02T00:00:00Z,45033,NA,1,1,0
3,Araujia sericifera,Gentianales,Apocynaceae,wind.special,2.462286616316812,2.2716906459482877,2.395350170612995,2.462286616316812,vine,shrub,10,"NZ Flora Online: hill, roadside, sand, shrubland; Timmins & McKenzie: coastal, lowland cliff, bluff, waste places and other modified habitats",NA,NA,dry,seeds topped with a tuft of long hairs,NA,wind,NA,wind,water,NA,NA,NA,NA,Timmins & McKenzie 1995; Vivianne-Smith & Panetta 2005; Killick 2017,NA,"mean floating time of seeds was 15.4 days, suggesting that water could act as a secondary dispersal vector, contributing to long-distance dispersal (Vivianne-Smith & Panetta 2005)",NA,NA,2022-06-02T00:00:00Z,45033,NA,2,1,1
3,Ageratina riparia,Asterales,Asteraceae,wind.special,NA,1.141195963369575,1.224705974670766,1.141195963369575,NA,herb,1,"NZPCN: coastal, lowland (Timmins & MacKenzie 1995). Forest margin, damp banks and streamsides, slips (Timmins & MacKenzie 1995). NZ Flora Online: bank, clay, coast, forest, gorge, gully, hill, loam, lowland, margin, moist, open, pasture, roadside, sand, shaded, sheltered, shrubland, slope, stone, wasteland.",riparian,achene,dry,pappus,NA,wind,NA,wind,NA,NA,NA,NA,NA,Fromont & King 1992; Timmins & Mackenzie 1995,NA,NA,NA,NA,2022-06-02T00:00:00Z,45030,2022-06-19T00:00:00Z,1,1,0
3,Bartlettina sordida,Asterales,Asteraceae,wind.special,NA,2.0453511577629504,2.0817061115944258,2.0453511577629504,NA,shrub,2,"NZ Flora Online: bank, clay, dry, forest, lowland, margin, open, pasture, ridge, roadside, scrubland, sheltered, slope, wasteland",NA,achene,dry,pappus,NA,wind,NA,wind,NA,NA,NA,NA,NA,"NZPCN website, accessed 11 April 2023",NA,NA,NA,NA,2022-06-03T00:00:00Z,45027,NA,1,1,0
3,Gymnocoronis spilanthoides,Asterales,Asteraceae,animal,NA,2.221032572951951,2.008096716868712,2.221032572951951,NA,herb,1,"NZPCN: Aquatic: Emergent. The plant grows in wet marshy soils and at water margins, Plant grows in wetland communities in still or flowing water.",riparian,achene,aquatic,none,NA,unspecialised,NA,water,attachment,NA,NA,NA,NA,Panetta 2009; NZPCN,"Seed, stems and root fragments are dispersed in water, on livestock hooves and machinery. Can also be spread by dumped aquaria contents when liberating fish (NZPCN factsheet prepared by Paul Champion and Deborah Hofstra (NIWA)).","Spread via seed dispersal, while occurring, may be less important than that gained through vegetative fragmentation, since seeds do not bear a pappus and most drop near the parent plant (Panetta 2009).",NA,NA,2022-06-07T00:00:00Z,45040,NA,2,1,1
3,Hieracium levicaule,Asterales,Asteraceae,wind.special,NA,1.1022286195947448,1.1686430646239983,1.1022286195947448,NA,herb,0.75,"NZ Flora Online: alpine, bank, cliff, dry, forest, forest edge, grassland, gravel, gully, hill, loam, margin, moist, montane, open, pasture, ridge, riparian, river terrace, riverbed, roadside, rock outcrop, sand, scree, shaded, sheltered, shrubland, silt, slope, stone, terrace, track, tussockland, wasteland; NZPCN: Grassland, roadsides, riverbanks, riverbeds and gold tailings, beech forest, scrub, pine forest",riparian,achene,dry,pappus,NA,wind,NA,wind,water,NA,NA,NA,NA,Miller et al. 2015; French 2021,Water dispersal along creeks may be important (Miller et al 2015),seed dispersed by wind (French 2021),NA,NA,2022-06-08T00:00:00Z,45043,NA,2,1,1
3,Roldana petasitis,Asterales,Asteraceae,wind.special,NA,1.9514624276059438,1.9466269677961399,1.9514624276059438,NA,shrub,1,"NZ Flora Online: bank, hill, roadside",NA,achene,dry,pappus,NA,wind,NA,wind,NA,NA,NA,NA,NA,NZPCN,wind borne seeds (NZPCN),NA,NA,NA,2022-06-08T00:00:00Z,45058,NA,1,1,0
3,Senecio elegans,Asterales,Asteraceae,wind.special,NA,1.072003199563906,1.125157293202,1.072003199563906,NA,herb,0.6,"NZPCN: sand dunes, river terraces",riparian,achene,dry,pappus,NA,wind,NA,wind,NA,NA,NA,NA,NA,NA,NA,"S. congestus: Wind; Diaspore is blown by wind; Direct or experimental observation; (van der Pijl, 1982, cited in Kew SID); Senecio squalidus wind dispersed, Method not stated (Matlack 1987, cited in Kew SID); S. albonervus and S. angulifolius: Diaspore is blown by wind; Direct or experimental observation; Diaspore is plumed (Vazquez & Givnish, 1998, cited in Kew SID); S. jacobaea: viable seeds dispersed attached to cattle, donkey and horse (Couvreur et al. 2004)",dispersal based on morphology,NA,2022-06-09T00:00:00Z,NA,2022-06-27T00:00:00Z,1,1,0
3,Senecio skirrhodon,Asterales,Asteraceae,wind.special,NA,1.0473072332125686,1.0896268308724804,1.0473072332125686,NA,herb,0.5,"Flora: coastal sites, waste sites, railway lines",NA,achene,dry,pappus,NA,wind,NA,wind,NA,NA,NA,NA,NA,NA,NA,"S. congestus: Wind; Diaspore is blown by wind; Direct or experimental observation; (van der Pijl, 1982, cited in Kew SID); Senecio squalidus wind dispersed, Method not stated (Matlack 1987, cited in Kew SID); S. albonervus and S. angulifolius: Diaspore is blown by wind; Direct or experimental observation; Diaspore is plumed (Vazquez & Givnish, 1998, cited in Kew SID); S. jacobaea: viable seeds dispersed attached to cattle, donkey and horse (Couvreur et al. 2004)",dispersal based on morphology,NA,2022-06-09T00:00:00Z,NA,2022-06-27T00:00:00Z,1,1,0
3,Psidium cattleianum,Myrtales,Myrtaceae,animal,NA,3.44855780375668,3.079192231342175,3.44855780375668,shrub-tree,shrub,6,"NZ Flora Online: bank, dry, lowland, roadside, slope, stone",NA,berry-like,fleshy,fleshy,NA,internal,NA,internal,NA,NA,NA,NA,NA,McEwen 1978; West 1996; Atkinson 1997; Karan 2000; Higgins et al. 2006; Spurr et al. 2011,"fruits eaten by sparrow, silvereye, blackbird & kereru; only kereru & blackbird capable of swallowing  fruits (blackbird only small fruits), but the small seeds could be ingested by silvereye & sparrow (Karan 2000). Fruits eaten by bellbirds (Spurr et al. 2011). Fruit eaten by kereru (Powlesland unpubl. data).",feral pigs & non-native birds disperse the seeds (Cronk & Fuller 1995). Vertebrates observed consuming fruits of Psidium spp. (Meisenburg & Fox 2002). Seeds ingested by silvereyes in Australia (Higgins et al. 2006).,NA,NA,2022-06-08T00:00:00Z,NA,NA,1,1,0
3,Chrysojasminum humile,Lamiales,Oleaceae,animal,3.2931385486281286,3.1660953853067513,2.9085826252143696,3.2931385486281286,NA,shrub,2.5,"NZ Flora Online:  cliff, forest, hill, margin, open, ridge, roadside, rock outcrop, stone, wasteland",NA,berry,fleshy,fleshy,NA,internal,NA,internal,NA,NA,NA,NA,NA,Meisenburg & Fox 2002,NA,Jasminum spp. verified as vertebrate-dispersed (Meisenburg & Fox 2002),NA,NA,2022-06-15T00:00:00Z,NA,NA,1,1,0
3,Fuchsia boliviana,Myrtales,Onagraceae,animal,4.171293546071865,3.3546690735996734,2.9441130875438892,4.171293546071865,NA,shrub,3,"NZ Flora Online: bank, clay, coast, gravel, gully, lowland, margin, roadside, sand, shaded, silt, wasteland",NA,berry,fleshy,fleshy,NA,internal,NA,internal,NA,NA,NA,NA,NA,NA,NA,NA,dispersal based on morphology,NA,2022-06-15T00:00:00Z,NA,NA,1,1,0
3,Cenchrus alopecuroides,Poales,Poaceae,animal,2.6717430623364735,2.236477183786518,1.829531801648428,2.6717430623364735,grass,herb,0.4,NA,NA,caryopsis,dry,barbed bristles,NA,attachment,NA,attachment,wind.none,NA,NA,NA,>600km,McIntyre et al. 1995; Toon et al. 2018,NA,"Pennisetum alopecuroides (synonym) dispersed by attachment and wind, based on morphology (McIntyre et al. 1995); C. purpurascens (synonym): small barbs along the bristles of the floret (Figure 3) that might aid in the attachment of the propagule to animal vectors;  occasional long-distance gene flow via seeds, possibly attached to migratory shore birds (Toon et al. 2018)",NA,NA,2023-04-19T00:00:00Z,NA,2022-06-20T00:00:00Z,2,1,1
3,Cenchrus alopecuroides,Poales,Poaceae,wind.special,1.5919064527540978,1.1566405742041421,1.046141059450482,1.5919064527540978,grass,herb,0.4,NA,NA,caryopsis,dry,barbed bristles,NA,attachment,NA,attachment,wind.none,NA,NA,NA,>600km,McIntyre et al. 1995; Toon et al. 2018,NA,"Pennisetum alopecuroides (synonym) dispersed by attachment and wind, based on morphology (McIntyre et al. 1995); C. purpurascens (synonym): small barbs along the bristles of the floret (Figure 3) that might aid in the attachment of the propagule to animal vectors;  occasional long-distance gene flow via seeds, possibly attached to migratory shore birds (Toon et al. 2018)",NA,NA,2023-04-19T00:00:00Z,NA,2022-06-20T00:00:00Z,2,1,1
3,Cortaderia jubata,Poales,Poaceae,wind.special,2.7300185700996713,2.2947526915497156,2.239738579097461,2.7300185700996713,grass,shrub,4.5,"NZ Flora Online:  coast, dry, lowland, open, pasture, roadside, rock outcrop, sand, slope, wasteland; NZPCN: Forest light gaps, slips, margins, disturbed sites, open habitats, riverbeds, cliffs, inshore and offshore islands, tussockland, fernland, herbfield, duneland, coastline, gumlands, salt marsh, estuaries, shrublands.",riparian,caryopsis,dry,lemma awns with long downy hairs,NA,wind,NA,wind,NA,NA,NA,NA,NA,Esler 1988; Timmins & Mackenzie 1995,Wind dispersed (Esler 1988).,NA,NA,NA,2022-06-03T00:00:00Z,45035,NA,1,1,0
3,Cortaderia selloana,Poales,Poaceae,wind.special,2.768985913874501,2.3337200353245455,2.295801489144229,2.768985913874501,grass,shrub,6,"NZ Flora Online: bank, coast, gully, hill, moist, open, pasture, roadside, rock outcrop, sand, sheltered, shrubland, slope; NZPCN: A coastal and lowland plant found between sea level and 800 metres. Plant grows in sites of all levels of fertility from low to high. The plant grows in a wide variety of soils from pumice and coastal sands to heavy clay (Ford 1993). Coloniser of open ground (West, 1996). A plant that occurs in low or disturbed forest (including plantations), wetlands, grasslands, scrub, cliffs, coastlines, islands, forest margins, riverbanks, shrubland, open areas, roadsides and sand dunes. The plant’s primary habitat is disturbed ground.",riparian,caryopsis,dry,lemma awns with long downy hairs,NA,wind,NA,wind,NA,NA,NA,NA,NA,Esler 1988; Fromont & King 1992; Timmins & Mackenzie 1995; Roldão Almeida et al. 2024,Wind dispersed (Esler 1988).,Roldão Almeida et al. 2024,NA,NA,2022-06-03T00:00:00Z,45035,NA,1,1,0
3,Ehrharta villosa,Poales,Poaceae,wind.special,1.8099093330989495,1.3746434545489938,1.3597851184690517,1.8099093330989495,grass,herb,2,"NZ Flora Online: coast, dry, open, roadside, sand, shaded, sheltered, slope, track, unstable/eroded; NZPCN: Short tussockland, herbfield, bare land, wetland, mainly on coastline, sand dunes.",NA,caryopsis,dry,none,NA,unspecialised,NA,wind.none,NA,NA,NA,NA,5,Hilton et al. 2007,Dispersal of these seeds was limited to within 5m of the source population and no seeds were discovered in the soil seed bank (Hodder 1997),"Hilton et al. 2007: Seed is wind dispersed; however, pyp grass probably does not rely on seed production for reproduction and seed dispersal is not critical to plant survival and spread. The species is able to regenerate from rhizome after being detached from the parent plant.",dispersal based on morphology,NA,2022-06-07T00:00:00Z,45040,NA,1,1,0
3,Miscanthus nepalensis,Poales,Poaceae,wind.special,1.8099093330989495,1.3746434545489938,1.3597851184690517,1.8099093330989495,grass,herb,2,"NZ Flora Online:  bank, clay, coast, dry, forest, forest edge, hill, lowland, open, pasture, roadside, rock outcrop, shaded, slope, stone, wasteland; NZPCN: Waste areas, spreading from roadsides",NA,caryopsis,dry,plumed seed,NA,wind,NA,wind,NA,NA,NA,NA,NA,SID,NA,"Wind; Diaspore is blown by wind; Method not stated; The seed is plumed (Ridley, 1930, cited in Kew Seed Information Database)",NA,NA,2022-06-08T00:00:00Z,45049,2022-06-22T00:00:00Z,1,1,0
3,Nassella trichotoma,Poales,Poaceae,wind.special,1.6677079811720952,1.2324421026221395,1.155197871063355,1.6677079811720952,grass,herb,0.7,"NZ Flora Online:  bank, clay, cliff, coast, dry, flat , grassland, gravel, hill, lowland, open, pasture, river terrace, riverbed, roadside, rock outcrop, sand, silt, slope, stone, terrace, wasteland",riparian,caryopsis,dry,panicle detaches easily in wind,NA,wind,NA,wind,attachment,internal,NA,NA,wind dispersed up to 16 km,Hilgendorf & Calder 1967; Cronk & Fuller 1995; Humphries & Florentine 2021; Timmins & Mackenzie 1995; NZPCN,"Reproduces by seed only. Dispersed by wind, up to 16km from the mother plant. The seeds, aided by the roughened seed coat and the tufts of hairs at the base, also cling to wool, bags, clothing etc. Seeds are also spread on machinery, in hay, mud and the droppings of animals (NZPCN); ""flower heads break off easily when ripe and so the seeds are carried long distances, as is shown by the masses of flower heads that sometimes acumulate on fences and telegraph wires"" (Hilgendorf & Calder 1967).","""Panicle detaches in the wind, which carries the panicle containing the seeds great distances"" (Humphries & Florentine 2021); wind dispersed (Cronk & Fuller 1995);",NA,NA,2022-06-08T00:00:00Z,NA,NA,3,1,2
3,Nassella trichotoma,Poales,Poaceae,animal,2.747544590754471,2.3122787122045154,1.938588613261301,2.747544590754471,grass,herb,0.7,"NZ Flora Online:  bank, clay, cliff, coast, dry, flat , grassland, gravel, hill, lowland, open, pasture, river terrace, riverbed, roadside, rock outcrop, sand, silt, slope, stone, terrace, wasteland",riparian,caryopsis,dry,panicle detaches easily in wind,NA,wind,NA,wind,attachment,internal,NA,NA,wind dispersed up to 16 km,Hilgendorf & Calder 1967; Cronk & Fuller 1995; Humphries & Florentine 2021; Timmins & Mackenzie 1995; NZPCN,"Reproduces by seed only. Dispersed by wind, up to 16km from the mother plant. The seeds, aided by the roughened seed coat and the tufts of hairs at the base, also cling to wool, bags, clothing etc. Seeds are also spread on machinery, in hay, mud and the droppings of animals (NZPCN); ""flower heads break off easily when ripe and so the seeds are carried long distances, as is shown by the masses of flower heads that sometimes acumulate on fences and telegraph wires"" (Hilgendorf & Calder 1967).","""Panicle detaches in the wind, which carries the panicle containing the seeds great distances"" (Humphries & Florentine 2021); wind dispersed (Cronk & Fuller 1995);",NA,NA,2022-06-08T00:00:00Z,NA,NA,3,1,2
3,Paspalum distichum,Poales,Poaceae,animal,2.68769710494382,2.252431226393864,1.8524851253531782,2.68769710494382,grass,herb,0.45,"NZ Flora Online:  bank, coast, flat , gravel, lake margin, lowland, margin, moist, open, pasture, peat, riparian, roadside, rock outcrop, sand, shaded, shrubland, silt, slope, stone, terrace, wasteland, wetland; NZPCN: Still and slow flowing water bodies and wetland margins.",riparian,caryopsis,aquatic,none,NA,unspecialised,NA,attachment,internal,water,NA,NA,NA,"Esler 1988; Middleton et al. 1991; Almeida et al. 2022, 2025; NZPCN","has no structures directly aiding active seed dispersal and medium-sized seeds (1-10 mg) (Esler 1988); NZPCN (Factsheet prepared by Paul Champion and Deborah Hofstra (NIWA)): Reproduces by seed and stem fragmentation. Seeds freely, seed viability unknown. Dispersed by water, livestock pelts and hooves (possibly seed in dung). Contaminated diggers and dumped vegetation.","Non-viable seeds recovered from waterfowl (teal) faeces, species also included in diet of waterfowl (incl. mallards) (Reynolds et al. 2015); seeds in geese droppings germinated (Middleton et al. 1991); Paspalum sp. dispersed by water birds via ectozoochory (Reynolds & Cumming 2016). seeds ingested by waterfowl in Europe (Almeida et al. 2022) and North America (Almeida et al. 2025).",NA,NA,2022-06-08T00:00:00Z,45055,2022-06-22T00:00:00Z,3,1,2
3,Sporobolus anglicus,Poales,Poaceae,wind.special,1.716020602941943,1.2807547243919872,1.224705974670766,1.716020602941943,grass,herb,1,"NZ Flora Online: bank, clay, coast, dry, flat , forest, margin, moist, open, roadside, rock outcrop, sand, shrubland, silt, stone; Estuaries, mangroves and other intertidal areas with soft sediment (NZPCN)",NA,caryopsis,aquatic,none,NA,unspecialised,NA,water,wind.none,NA,NA,NA,NA,Timmins & Mackenzie 1995; NZPCN,"Reproduces from seed and rhizome spreading and fragments. Seed is dispersed by wind and water. Livestock, propellers nets etc dislodge rhizome fragments, tidal and current movement, intentional planting. Rhizomes can survive long time at sea, moves long distances (NZPCN); (ETNZF says attachment, water, wind)",NA,dispersal based on morphology,NA,2022-06-09T00:00:00Z,45062,NA,2,1,1
3,Thinopyrum obtusiflorum,Poales,Poaceae,animal,2.8897459426813255,2.4544800641313698,2.143175860666998,2.8897459426813255,grass,herb,2,NA,NA,caryopsis,dry,none,NA,unspecialised,NA,internal,NA,NA,NA,NA,NA,"Rob Simons, unpubl. data on notes recorded with herbarium specimen","We suspect that the seed may have been moved around in hay and within the gut of cattle (Rob Simons, Marlborough District Council on notes recorded with herbarium specimen)",NA,dispersal based on morphology,NA,NA,NA,2023-10-03T00:00:00Z,1,1,0
3,Zizania latifolia,Poales,Poaceae,animal,2.9446673290635017,2.509401450513546,2.2221920944185154,2.9446673290635017,grass,herb,3,"NZ Flora Online: bank, coast, lake margin, margin, pasture, riparian, roadside, sand; NZPCN: Lowland still and slow flowing water bodies (both resh water or moderately saline)",riparian,caryopsis,aquatic,seeds buoyant for about 1 day,NA,water,NA,water,internal,NA,NA,NA,NA,Timmins & Mackenzie 1995; NZPCN,"Water dispersed (Timmins & MacKenzie 1995); Seeds and rhizome fragments spread via water, livestock, machinery, e.g. graders, dumping of green waste, eel nets, boats and trailers, clothing and possibly by birds (NZPCN Factsheet prepared by Paul Champion and Deborah Hofstra (NIWA); (ETNZF says attachment, water, wind)","Zizania spp. water dispersed (Cook 1987, cited in Kew SID); seeds possibly dispersed by waterfowl (Chen et al. 2012)",attachment or internal,NA,2022-06-09T00:00:00Z,45063,2023-05-17T00:00:00Z,2,1,1
3,Prunus campanulata,Rosales,Rosaceae,animal,2.740763188985501,2.956698571286816,2.8740139703010614,2.740763188985501,NA,tree,8,"NZ Flora Online: dry, gap, gravel, hill, loam, lowland, open, terrace",NA,drupe,fleshy,fleshy,NA,internal,NA,internal,NA,NA,NA,NA,NA,Webb et al. 1988,"… seedlings and saplings sometimes appear spontaneously in and near gardens at some distance from the parent trees. Presumably, birds distribute the fruits (Webb et al. 1988)",NA,NA,NA,2022-06-08T00:00:00Z,NA,NA,1,1,0
3,Rubus phoenicolasius,Rosales,Rosaceae,animal,2.9326543190693672,3.1485897013706823,3.0001759975906572,2.9326543190693672,NA,shrub,4,"NZ Flora Online: bank, clay, coast, dry, flat , forest, gravel, gully, hill, log, lowland, margin, moist, open, pasture, roadside, sand, scrubland, shaded, sheltered, shrubland, silt, slope, stone, terrace, track, wasteland",NA,fleshy aggregate of 1-seeded druplets,fleshy,fleshy,NA,internal,NA,internal,NA,NA,NA,NA,NA,Esler 1988; NZPCN,Rubus spp. have succulent fruits which are dispersed by birds quite effectively (Esler 1988). dispersed by people and birds (NZPCN),"Japan: intact seeds of Rubus spp.  found in mammal droppings - bear, marten, badger, fox & racoon dog (Koike et al. 2008)",NA,NA,2022-06-08T00:00:00Z,45098,NA,1,1,0
3,Hedychium gardnerianum,Zingiberales,Zingiberaceae,animal,NA,NA,2.143175860666998,2.143175860666998,NA,herb,2,"NZ Flora Online: bank, clay, dry, forest edge, gorge, gully, lowland, open, ridge, roadside, sand, shaded, sheltered, slope, stone, terrace, track, unstable/eroded, wasteland. NZPCN: Forests, regenerating forest, streamside and alluvial forest, forest light gaps and gullies. Prefers moderate to high fertility, not found in very dry or rocky areas.",riparian,aril,fleshy,fleshy,NA,internal,NA,internal,NA,NA,NA,NA,NA,Esler 1988; Fromont & King 1992; Timmins & Mackenzie 1995,"Dispersed by birds, especially blackbirds, possibly tui and mynas (Fromont & King 1992); the arillate seed is carried in the gut of fruit-eating birds (Esler 1988).",NA,NA,NA,2022-06-08T00:00:00Z,45096,NA,1,1,0
4,Thunbergia alata,Lamiales,Acanthaceae,ballistic,NA,0.38640494858897434,NA,0.38640494858897434,NA,herb,NA,NA,NA,capsule,dry,explosively dehiscent capsule,0.02511,ballistic,NA,ballistic,NA,NA,NA,NA,2-3m,Quijano-Abril et al. 2022,NA,"""...the expulsion of the seeds like a catapult for 2 to 3 m."" (Quijano-Abril et al. 2022)",NA,NA,2022-06-09T00:00:00Z,44728,2022-06-27T00:00:00Z,1,1,0
4,Actinidia chinensis,Ericales,Actinidiaceae,animal,NA,2.0331529965362223,NA,2.0331529965362223,vine,shrub,NA,"NZ Flora Online: bank, coast, dry, flat , forest, forest edge, gravel, loam, lowland, margin, moist, open, peat, sand, shaded, sheltered, shrubland, stone, terrace, track, wasteland",NA,berry,fleshy,fleshy,0.0016,internal,NA,internal,NA,NA,NA,NA,NA,Sullivan & Williams 2002; Logan & Xu 2006; Higgins et al. 2006,"Silvereye flocks commonly feed on both wild & orchard fruits; Rats also feed on fallen fruit; Reject fruits commonly fed to stock including deer, suggesting feral deer will feed on fallen fruit & disperse seeds (Sullivan & Williams 2002). Silvereyes feed on fruits (Higgins et al. 2006).","Japan: intact seeds of Actinidia spp. (A. arguta & A. polygama) found in mammal droppings - bear, marten, badger, fox & racoon dog (Koike et al. 2008). Intact seeds of A. arguta found in bear droppings (Takahashi et al. 2008).",NA,NA,2023-06-15T00:00:00Z,NA,2023-06-15T00:00:00Z,1,1,0
4,Carpobrotus chilensis,Caryophyllales,Aizoaceae,animal,NA,1.7706265272238801,NA,1.7706265272238801,NA,herb,NA,"NZ Flora Online: bank, cliff, coast, dry, pasture, roadside, rock outcrop, sand, slope, stone, track",NA,"indehiscent, fleshy, mucilaginous",fleshy,fleshy,3.4e-4,internal,NA,internal,NA,NA,NA,NA,NA,Vila & D'Antonio 1998; Higgins et al. 2006,NA,Seeds dispersed by black-tailed jackrabbit and mule deer (Vila & D'Antonio 1998); fruits eaten by silvereyes in Australia (Higgins et al. 2006).,NA,NA,2023-06-16T00:00:00Z,NA,2023-06-16T00:00:00Z,1,1,0
4,Carpobrotus edulis,Caryophyllales,Aizoaceae,animal,NA,1.7681276518673767,NA,1.7681276518673767,NA,herb,NA,"NZ Flora Online: coast, roadside, sand",NA,"indehiscent, fleshy, mucilaginous",fleshy,fleshy,3.7e-4,internal,NA,internal,NA,NA,NA,NA,NA,Vila & D'Antonio 1998; D'Antonio 1990,NA,"California, USA: dispersed by mammals including  jackrabbit, brush rabbit, mule deer, & California ground squirrel, which ground up more than half of seeds ingested. Seeds found in unidentified rodent droppings damaged & not viable (D'Antonio 1990).",NA,NA,2023-06-16T00:00:00Z,NA,2023-06-16T00:00:00Z,1,1,0
4,Hedera helix,Apiales,Araliaceae,animal,1.95273154436435,1.9482069488845477,NA,1.95273154436435,vine,shrub,NA,"NZ Flora Online: bank, clay, cliff, coast, dry, forest, forest edge, grassland, hill, lowland, margin, open, pasture, roadside, rock outcrop, sand, shrubland, slope, stone, terrace, wasteland. NZPCN: Forest understorey, shrubland, rocky cliffs, open areas where there is some support for its scrambling habit. Flora: waste places, riverbeds and stream banks, cliffs",riparian,berry-like,fleshy,fleshy,0.019719999999999998,internal,NA,internal,NA,NA,NA,NA,NA,Webb et al. 1988; Esler 1988; Fromont & King 1992; Burrows 1995; Atkinson 1997,Fruit dispersed by birds (Fromont & King 1992; Burrows 1995; Atkinson 1997); Has succulent fruits which are dispersed by birds quite effectively (Esler 1988).,"fruits eaten by primarily by blackbird, also song thrush & starling (Snow & Snow 1988).",NA,NA,2022-06-08T00:00:00Z,45093,2023-06-16T00:00:00Z,1,1,0
4,Asparagus aethiopicus,Asparagales,Asparagaceae,animal,NA,1.7097199428653125,NA,1.7097199428653125,NA,herb,NA,"NZ Flora Online: bank, cliff, coast, dry, margin, open, pasture, roadside, rock outcrop, sand, shaded, sheltered, shrubland, stone",NA,berry,fleshy,fleshy,0.038340000000000006,internal,NA,internal,NA,NA,NA,NA,NA,Esler 1988,Asparagus spp. have succulent fruits which are dispersed by birds quite effectively (Esler 1988).,NA,NA,NA,2022-06-02T00:00:00Z,NA,2023-06-15T00:00:00Z,1,1,0
4,Asparagus asparagoides,Asparagales,Asparagaceae,animal,NA,2.0066808907620213,NA,2.0066808907620213,vine,shrub,NA,"NZ Flora online:  bank, clay, cliff, coast, dry, forest, gravel, gully, hill, lava, loam, lowland, margin, open, pasture, roadside, rock outcrop, sand, scrubland, shaded, sheltered, shrubland, slope, stone, terrace, track, wasteland. NZPCN: Thrives in impoverished soils, bare rock and volcanic soils. Likes good drainage. Coastal areas, open rocklands, shrubland, roadsides, hedges, wastelands, inshore and offshore islands. Plants are typically found under tree canopies which is largely due to bird movement but also reflects greater seedling establishment in leaf litter and better growth in shaded or part-shaded environments.",NA,berry,fleshy,fleshy,0.0054,internal,NA,internal,ant,NA,NA,NA,NA,"Esler 1988; Fromont & King 1992; van der Pijl 1982, cited in SID; Higgins et al. 2006",Dispersed by birds (Fromont & King 1992); Asparagus spp. have succulent fruits which are dispersed by birds quite effectively (Esler 1988).,"dispersed by ants (van der Pijl 1982, cited in Kew SID). Seeds in silvereye droppings, Australia (Higgins et al. 2006).",NA,NA,2023-06-15T00:00:00Z,45092,2023-06-15T00:00:00Z,2,1,1
4,Asparagus asparagoides,Asparagales,Asparagaceae,ant,NA,1.1385250918280672,NA,1.1385250918280672,vine,shrub,NA,"NZ Flora online:  bank, clay, cliff, coast, dry, forest, gravel, gully, hill, lava, loam, lowland, margin, open, pasture, roadside, rock outcrop, sand, scrubland, shaded, sheltered, shrubland, slope, stone, terrace, track, wasteland. NZPCN: Thrives in impoverished soils, bare rock and volcanic soils. Likes good drainage. Coastal areas, open rocklands, shrubland, roadsides, hedges, wastelands, inshore and offshore islands. Plants are typically found under tree canopies which is largely due to bird movement but also reflects greater seedling establishment in leaf litter and better growth in shaded or part-shaded environments.",NA,berry,fleshy,fleshy,0.0054,internal,NA,internal,ant,NA,NA,NA,NA,"Esler 1988; Fromont & King 1992; van der Pijl 1982, cited in SID; Higgins et al. 2006",Dispersed by birds (Fromont & King 1992); Asparagus spp. have succulent fruits which are dispersed by birds quite effectively (Esler 1988).,"dispersed by ants (van der Pijl 1982, cited in Kew SID). Seeds in silvereye droppings, Australia (Higgins et al. 2006).",NA,NA,2023-06-15T00:00:00Z,45092,2023-06-15T00:00:00Z,2,1,1
4,Amphilophium crucigerum,Lamiales,Bignoniaceae,wind.special,1.4841755706780388,1.3561287915998161,NA,1.4841755706780388,vine,shrub,NA,NA,NA,capsule,dry,winged seed,0.05579,wind,NA,wind,NA,NA,NA,NA,NA,NZPCN,"Ogle, C. (2022): Amphilophium crucigerum Fact Sheet (content continuously updated). New Zealand Plant Conservation Network. https://www.nzpcn.org.nz/flora/species/amphilophium-crucigerum/ (16 June 2022)",NA,NA,NA,2022-06-16T00:00:00Z,44728,2022-06-19T00:00:00Z,1,1,0
4,Dolichandra unguis-cati,Lamiales,Bignoniaceae,wind.special,1.5170690554953807,1.389022276417158,NA,1.5170690554953807,vine,shrub,NA,"NZ Flora Online:  shrubland, wasteland",NA,capsule,dry,winged seed,0.01833,wind,NA,wind,NA,NA,NA,NA,NA,NZPCN,winged seeds dispersed by wind and gravity (NZPCN),NA,NA,NA,2022-06-16T00:00:00Z,45027,2022-06-21T00:00:00Z,1,1,0
4,Eccremocarpus scaber,Lamiales,Bignoniaceae,wind.special,1.6301020279801666,1.5020552489019439,NA,1.6301020279801666,vine,shrub,NA,"NZ Flora Online: open, roadside",NA,capsule,dry,winged seed,4e-4,wind,NA,wind,NA,NA,NA,NA,NA,NZPCN,seeds have a prominent wing that aids wind dispersal (NZPCN),NA,NA,NA,2022-06-07T00:00:00Z,45040,2022-06-21T00:00:00Z,1,1,0
4,Humulus lupulus,Rosales,Cannabaceae,wind.special,NA,1.410402252329337,NA,1.410402252329337,vine,shrub,NA,"Webb et al. 1988: waste places, riverbanks, deserted gardens, often scrambling over scrub or trees at forest margins; NZ Flora Online:  bank, clay, coast, dry, forest edge, gap, gravel, hill, lowland, margin, open, pasture, river terrace, roadside, sand, scrubland, sheltered, shrubland, silt, slope, stone, terrace, track, wasteland",riparian,achene,dry,winged seed,0.00262,wind,NA,wind,NA,NA,NA,NA,NA,SID,NA,"bract around achene acts as a wing (Ridley 1930, cited in SID)",NA,NA,2023-10-02T00:00:00Z,NA,2023-10-02T00:00:00Z,1,1,0
4,Lonicera japonica,Dipsacales,Caprifoliaceae,animal,1.7892467961416334,2.014564539140735,NA,1.7892467961416334,vine,shrub,NA,"NZ Flora Online: bank, coast, dry, flat , forest, forest edge, gravel, hill, lake margin, lava, loam, lowland, margin, open, pasture, roadside, sand, shaded, sheltered, shrubland, terrace, track, wasteland. NZPCN: A plant of coastal and lowland communities which grows in moderately fertile sites. The plant grows more vigorously in deeper valley soils (Department of Conservation 1996). Grows best on calcerous soils and moist forest soils; it rarely establishes on excessively drained and drought-prone sandy or stony soils (Williams and Timmins, 1997).

Occurs in scrub, forest margins, shrublands, disturbed or secondary forest, coastal areas, modified lowland forest, wetland margins, inshore islands, roadsides, farm hedges, wasteland, rough pasture, open forest, forest, wetlands, streambanks and around margins and in clearings (Webb et. al. 1988).",NA,berry,fleshy,fleshy,0.0018,internal,NA,internal,NA,NA,NA,NA,NA,Esler 1988; Timmins & Mackenzie 1995; Williams & Karl 1996; Atkinson 1997,Has succulent fruits which are dispersed by birds quite effectively (Esler 1988). Bird-dispersed (Atkinson 1997).,vertebrates observed consuming fruits (Meisenburg & Fox 2002),NA,NA,2022-06-08T00:00:00Z,45096,2023-06-19T00:00:00Z,1,1,0
4,Cuscuta campestris,Solanales,Convolvulaceae,animal,NA,1.8420194095058113,NA,1.8420194095058113,NA,herb,NA,wetlands,NA,capsule,dry,none,8.399999999999999e-4,unspecialised,NA,internal,water,attachment,NA,NA,NA,"Costea et al. 2016; Oveisi et al. 2020; Zidon et al. 2016; Almeida et al. 2025; DOC: https://www.doc.govt.nz/contentassets/fcebada855be443a89ba27f28b352140/factsheet-golden-dodder.pdf, accessed 14 April 2023.","golden dodder can spread via plant fragments or seeds carried by water, vehicles, equipment, clothing or animals, or by seeds ingested and dispersed by birds (DOC website factsheet).",viable seeds found after passage through gut of wild waterfowl (Costea et al. 2016); viable seeds found in sheep and goat faeces after feeding trials (Oveisi et al. 2020); viable seeds found in Persian fallow deer faeces (Zidon et al. 2016). Seeds ingested by waterfowl in North America (Almeida et al 2025).,dispersal based on morphology,NA,2023-04-14T00:00:00Z,NA,2023-04-14T00:00:00Z,3,1,2
4,Cupressus macrocarpa,Pinales,Cupressaceae,wind.special,NA,2.414276168067465,NA,2.414276168067465,NA,tree,NA,NZPCN: regenerating bush and scrub near planted trees and hedgerows,NA,cone,dry,winged seed,0.01173,wind,NA,wind,NA,NA,NA,NA,NA,"Ogle 2023, NZPCN","seed dispersal by people, wind, gravity (Ogle, C. (2023): Hesperocyparis macrocarpa Fact Sheet (content continuously updated). New Zealand Plant Conservation Network. https://www.nzpcn.org.nz/flora/species/hesperocyparis-macrocarpa/ (6 June 2023)",NA,NA,NA,2022-06-03T00:00:00Z,45035,2022-06-20T00:00:00Z,1,1,0
4,Kennedia rubicunda,Fabales,Fabaceae,ballistic,NA,0.6321646161915068,NA,0.6321646161915068,vine,shrub,NA,"NZ Flora Online: bank, dry. NZPCN: In sun and semi-shade on sandstone soils.",NA,pod,fleshy,"explosively dehiscent pod, arillate seed",0.02541,ballistic,ant,ballistic,ant,NA,NA,NA,NA,Berg 1975,NA,"myrmecochorous (Berg 1975). myrmecochorous (Rice & Westoby 1981, probably based on Berg 1975)",NA,NA,2022-06-08T00:00:00Z,45096,2023-06-19T00:00:00Z,2,2,0
4,Kennedia rubicunda,Fabales,Fabaceae,ant,NA,1.101916997247502,NA,1.101916997247502,vine,shrub,NA,"NZ Flora Online: bank, dry. NZPCN: In sun and semi-shade on sandstone soils.",NA,pod,fleshy,"explosively dehiscent pod, arillate seed",0.02541,ballistic,ant,ballistic,ant,NA,NA,NA,NA,Berg 1975,NA,"myrmecochorous (Berg 1975). myrmecochorous (Rice & Westoby 1981, probably based on Berg 1975)",NA,NA,2022-06-08T00:00:00Z,45096,2023-06-19T00:00:00Z,2,2,0
4,Medicago lupulina,Fabales,Fabaceae,animal,NA,1.812753941685045,NA,1.812753941685045,NA,herb,NA,"mainly confined to stony, lime-containing soils, especially along rocky beaches, rivers and roads, and railway verges; riverbeds (Lammerink 1968)",riparian,pod,dry,none,0.0016,unspecialised,NA,internal,water,NA,NA,NA,NA,"Lammerink 1968; Dunbier 1972; Turkington & Cavers 1979; McIntyre et al. 1995; Bartuszevige & Endress 2008; Albert et al. 2015; Almeida et al. 2022, 2025",seed is readily dispersed by sheep (Lammerink 1968); The seeds of M. lupulina are able to pass through the digestive tract of grazing animals and remain viable (Dunbier 1972),"Seeds are dispersed internally by deer (sometimes) but not on deer fur or hooves (Albert et al. 2015); seeds can be dispersed great distances by birds and grazing animals (Sidhu 1971, cited in Turkington & Cavers 1979); seeds can float in water for up to 5 days (Ridley 1930, cited in Turkington & Cavers 1979); viable seeds dispersed in cattle faeces (Bartuszevige & Endress 2008); undefined seed dispersal morphology (McIntyre et al. 1995);  seeds ingested by waterfowl in Europe (Almeida et al. 2022) and North America (Almeida et al. 2025).",NA,NA,2022-06-15T00:00:00Z,NA,2022-06-22T00:00:00Z,2,1,1
4,Pueraria montana,Fabales,Fabaceae,animal,NA,1.9914663490056257,NA,1.9914663490056257,vine,shrub,NA,"Weedbusters: Forest, forest edges, riparian zones, scrub, shrubland, plantations, roadsides and urban areas.",riparian,pod,dry,none,0.012320000000000001,unspecialised,NA,internal,NA,NA,NA,NA,NA,Boyda 2013; Aurambout & Endress 2018,NA,"seed dispersal behavior of kudzu is still not clear (Harron et al. 2020); Aurambout & Endress 2018: The importance of seed dispersal in the spread of kudzu is not clear and while some sources report kudzu seeds disperse less than six meters from the mother plant (Hipps, 1994, Pappert et al., 2000), others note potential dispersal across moderate distance via mammals and birds (EPPO, 2007). Anecdotal evidence indicates kudzu seedlings have been found hundreds of meters away from known source populations, suggesting possible seed dispersal (Boyda, 2013).",attachment or internal,NA,2022-06-16T00:00:00Z,NA,2022-06-22T00:00:00Z,1,1,0
4,Ludwigia peploides,Myrtales,Onagraceae,animal,2.5292918024384097,1.9055389243688843,NA,2.5292918024384097,NA,herb,NA,"NZ Flora Online:  coast, lake margin, lowland, margin, moist, open, pasture, peat, sand, sheltered, shrubland, silt, stone, wetland; NZPCN: Still and slow flowing shallow water bodies.",riparian,capsule,aquatic,none,0.0015436,unspecialised,NA,water,internal,NA,NA,NA,NA,"Marchant & Higgins 1990a; Kehr et al 2014; Almeida et al. 2022, 2025",NA,"dispersed by hydrochory, viable seeds sampled from water (Kehr et al 2014). Ludwigia sp.: Water?; Assumption based upon diaspore morphology; (Foster et al., 1986, cited in Kew SID); one non-viable seed recovered from teal faeces (Reynolds et al. 2015).  seeds ingested by waterfowl in Europe (Almeida et al. 2022) and North America (Almeida et al. 2025). seeds in grey teal gizzard and grey duck in NSW Australia (Marchant & Higgins 1990a).",dispersal based on morphology,NA,2022-06-08T00:00:00Z,45048,2022-06-21T00:00:00Z,2,1,1
4,Passiflora caerulea,Malpighiales,Passifloraceae,animal,NA,2.0423969218548885,NA,2.0423969218548885,vine,shrub,NA,"NZ Flora Online: bank, coast, flat , forest, gravel, margin, pasture, roadside, shrubland, slope, stone, wasteland. NZPCN: Coastal areas, lowlands, light gaps, prefers fertile soil (DOC, 1998). Forest margins and scrub, roadsides wastelands, farm and orchard hedges, domestic gardens",NA,berry,fleshy,fleshy,0.01005,internal,NA,internal,NA,NA,NA,NA,NA,NZPCN,"Seed dispersed by blackbirds, fruit is also eaten by possums (NZPCN); not eaten by birds (Esler 1988).",NA,NA,NA,2022-06-08T00:00:00Z,45097,2023-06-20T00:00:00Z,1,1,0
4,Passiflora edulis,Malpighiales,Passifloraceae,animal,NA,2.029669185326607,NA,2.029669185326607,vine,shrub,NA,"NZ Flora Online:  roadside, slope. NZPCN: Forest margins and shrubland in frost-free areas",NA,berry,fleshy,fleshy,0.015460000000000002,internal,NA,internal,NA,NA,NA,NA,NA,NZPCN,"Tends to be spread by people but birds can also spread seeds to remote sites (NZPCN). fruit leathery when ripe, not eaten by birds (Esler 1988). But Esler (1988) also says soft-skinned P. mollisima & P. caerulea fruits are ignored by birds, although there are records of birds eating both.",NA,NA,NA,2022-06-08T00:00:00Z,45097,2023-06-20T00:00:00Z,1,1,0
4,Passiflora tripartita,Malpighiales,Passifloraceae,animal,NA,3.001594377153217,NA,3.001594377153217,vine,tree,NA,"NZ Flora Online:  bank, clay, cliff, coast, dry, forest, gap, lowland, margin, open, roadside, rock outcrop, sand, shaded, sheltered, shrubland, slope, stone, terrace, wasteland. NZPCN: shrublands, forest margins, roadsides, wastelands, farm and orchard hedges and domestic gardens",NA,berry,fleshy,fleshy,0.029,internal,NA,internal,NA,NA,NA,NA,NA,Williams & Buxton 1995; Williams & Karl 1996; Beavon & Kelly 2015,"No fruits found with peck marks despite hundreds of fruits seen & presence of birds in study area (Beavon 2007). Possums observed eating fruits and hundreds of viable seeds found in pig droppings, although a small percentage of seeds damaged (Beavon 2007). Possums defecated viable seeds but detroyed others (Beavon 2007). Rats consumed fruits but did not defecate any viable seeds (Beavon 2007). Only one mouse seen briefly eating fruit but unlikely to have any effect on seed dispersal (Beavon 2007).","In Hawaii dispersed primarily by feral pigs, which provide a fertile medium for germination (Cronk & Fuller 1995). Long distance dispersal by birds (Cronk & Fuller 1995).",NA,NA,2022-06-08T00:00:00Z,45097,2023-06-20T00:00:00Z,1,1,0
4,Larix decidua,Pinales,Pinaceae,wind.special,2.5945347710150433,2.432180550510118,NA,2.5945347710150433,NA,tree,NA,"NZ Flora Online: alpine, bank, margin, open, pasture, ridge, roadside, slope; NZPCN: A plant of montane and subalpine habitats and sites of low fertility (Timmins & MacKenzie 1995). A plant of tussockland (Timmins & MacKenzie 1995).",NA,cone,dry,winged seed,0.0064,wind,NA,wind,NA,NA,NA,NA,NA,Timmins & Mackenzie 1995; SID,NA,"Wind; Diaspore is blown by wind; Method not stated; (Young & Young, 1992, cited in SID); Diaspore=seed. The diaspore has wings or wing-like features.",NA,NA,2022-06-08T00:00:00Z,45048,2022-06-21T00:00:00Z,1,1,0
4,Lophospermum erubescens,Lamiales,Plantaginaceae,wind.special,1.3925026623345627,1.2750207940307838,NA,1.3925026623345627,NA,herb,NA,"NZ Flora Online: coast, gully, lava, margin, shaded, sheltered; NZPCN: Forest margins and scrub. Recorded from almost bare rock on Rangitoto Is.",NA,capsule,dry,winged seed,2.665e-4,wind,NA,wind,NA,NA,NA,NA,NA,NZPCN,dispersal by wind and people (NZPCN),NA,NA,NA,2022-06-08T00:00:00Z,45048,2022-06-21T00:00:00Z,1,1,0
4,Glyceria declinata,Poales,Poaceae,animal,2.06693499643057,1.840789333176982,NA,2.06693499643057,grass,herb,NA,"NZ Flora Online: bank, clay, coast, forest, gravel, gully, hill, lake margin, lowland, margin, moist, montane, open, pasture, peat, riparian, riverbed, roadside, sand, shaded, silt, slope, stone, terrace, track, tussockland, wasteland, wetland; NZPCN: Aquatic in drains and other slow flowing water bodies. Damp ground in swamps and pastures, drains and river banks.",riparian,caryopsis,aquatic,none,0.00128,unspecialised,NA,internal,water,NA,NA,NA,NA,Simpson 1971; Almeida et al. 2022; NZPCN,seeds found in mallard crop (Simpson 1971); NZPCN Factsheet prepared by Paul Champion and Deborah Hofstra (NIWA): Seed and vegetative fragment spread by water movement. Seed is produced but is probably not viable for more than one season.,seeds ingested by waterfowl (Almeida et al. 2022).,dispersal based on morphology,NA,2022-06-07T00:00:00Z,45040,2023-04-24T00:00:00Z,2,1,1
4,Glyceria fluitans,Poales,Poaceae,animal,2.0636601638505665,1.8375145005969786,NA,2.0636601638505665,grass,herb,NA,"NZ Flora Online: bank, coast, lake margin, margin, moist, open, pasture, peat, roadside, sand, silt, slope, wetland; NZPCN: Aquatic in drains and other slow flowing waterbodies. Damp ground in swamps and pastures, drains and river banks.",riparian,caryopsis,aquatic,none,0.0014299999999999998,unspecialised,NA,water,attachment,internal,NA,NA,NA,Carroll 1966; Marchant & Higgins 1990b; Couvreur et al. 2004; Albert et al. 2015; Almeida et al. 2022; NZPCN,"Seed and stem fragments spread within catchment via water flow. Contaminated diggers, livestock, soil movement, dumped vegetation, eel nets boats and trailers all spread seed and rhizomes into new catchments (NZPCN factsheet prepared by Paul Champion and Deborah Hofstra (NIWA)). Seeds ingested by pukeko (Carroll 1966; Marchant & Higgins 1990b).","epichorous, mucilage adhesion (Rosenthal 2006); seeds dispersed internally by deer (Albert et al. 2015). Seeds dispersed attached to cattle fur (Couvreur et al. 2004).  seeds ingested by waterfowl (Almeida et al. 2022).",NA,NA,2022-06-07T00:00:00Z,NA,2023-04-24T00:00:00Z,3,1,2
4,Glyceria maxima,Poales,Poaceae,animal,2.075746149801335,1.849600486547747,NA,2.075746149801335,grass,herb,NA,NA,NA,caryopsis,aquatic,buoyant seed,9.5e-4,water,NA,water,internal,NA,NA,NA,NA,Carroll 1966; van den Broek et al. 2005; Almeida et al. 2022,seeds in pukeko gizzards (Carroll 1966),experiments show seeds are moderately buoyant (van den Broek et al. 2005); hydrochorous? (Rosenthal 2006).  seeds ingested by waterfowl (Almeida et al. 2022).,NA,NA,2022-06-07T00:00:00Z,NA,2023-04-24T00:00:00Z,2,1,1
4,Setaria pumila,Poales,Poaceae,animal,2.0658025812989433,1.8396569180453555,NA,2.0658025812989433,grass,herb,NA,NA,NA,caryopsis,dry,none,0.00133,unspecialised,NA,internal,NA,NA,NA,NA,NA,"Almeida et al. 2022, 2025",NA,seeds ingested by waterfowl in Europe (Almeida et al. 2022) and North America (Almeida et al. 2025).,dispersal based on morphology,NA,NA,NA,2022-06-27T00:00:00Z,1,1,0
4,Cobaea scandens,Ericales,Polemoniaceae,wind.special,1.3224960568563315,1.336906827307559,NA,1.3224960568563315,vine,shrub,NA,"NZ Flora Online: bank, clay, cliff, coast, dry, forest edge, gap, gravel, lowland, margin, open, riparian, roadside, rock outcrop, sand, sheltered, shrubland, silt, slope, stone, terrace, wasteland; NZPCN: Potential to become a major weed in tall and undisturbed forests, natural open areas, scrub, forest remnants, hedgerows, roadsides, riverbanks, gardens, shelterbelts and undisturbed native forests (ARC, PestFacts).",riparian,capsule,dry,winged seed,0.0723,wind,NA,wind,NA,NA,NA,NA,NA,Esler 1988,NA,NA,NA,NA,2022-06-03T00:00:00Z,45035,2023-04-11T00:00:00Z,1,1,0
4,Persicaria capitata,Caryophyllales,Polygonaceae,ant,0.5197159913171463,0.8584770730498235,NA,0.5197159913171463,NA,herb,NA,"NZ Flora Online: bank, cliff, coast, dry, gravel, hill, loam, lowland, open, pasture, river terrace, roadside, rock outcrop, sand, slope, terrace, wasteland; NZPCN: Favours dry banks in full sun (DoC, 1998). Problem only in open rocky areas; requires full light (Cameron 1996)",riparian,nut,dry,elaiosome,0.0015065999999999999,ant,NA,ant,NA,NA,NA,NA,NA,Pemberton & Irving 1990,NA,"P. capitatum seed has an elaiosome (Pemberton & Irving 1990). P. lapathifolia (both endo- and ectozoochory) & P. senagalensis (ectozoochory) dispersed by water birds, both wetland species (Reynolds & Cumming 2016); P. pensylvanicum seeds germinated from white-tailed deer faeces (Flaherty et al. 2018)",NA,NA,2022-06-08T00:00:00Z,45056,2022-06-22T00:00:00Z,1,1,0
4,Rumex sagittatus,Caryophyllales,Polygonaceae,wind.special,1.0374493571610666,1.3762104388937437,NA,1.0374493571610666,vine,shrub,NA,"NZ Flora Online: bank, clay, cliff, coast, flat , gravel, hill, open, pasture, ridge, riparian, roadside, rock outcrop, sand, shrubland, silt, stone, terrace, wasteland",riparian,nut,dry,winged fruit,0.0018352,wind,NA,wind,NA,NA,NA,NA,NA,"Esler 1988; SID, NZPCN","Wind dispersed (Esler 1988); Seeds are dispersed successfully by wing and germinate easily (Ermert and Clapp 1998, cited in NZPCN)","Wind; Diaspore is blown by wind; Method not stated; (Ridley, 1930, cited in SID); Diaspore=fruit. The diaspore has wings or wing-like features; Rumex sp. dispersed by water birds via endozoochory (Reynolds & Cumming 2016); R. acetosella seeds germinated from white-tailed deer faeces (Flaherty et al. 2018) and sheep faeces (Eichberg et al. 2007)",NA,NA,2022-06-08T00:00:00Z,45058,2022-06-23T00:00:00Z,1,1,0
4,Hakea gibbosa,Proteales,Proteaceae,wind.special,1.246790017113957,1.3430256395035538,NA,1.246790017113957,NA,shrub,NA,"NZ Flora Online: bank, dry, hill, open, ridge, roadside, track; NZPCN: A coastal and lowland plant. Plant grows in low fertility sites. The plant is found in scrub and forest margin, shrubland and gumlands (Timmins & MacKenzie 1995).",NA,capsule,dry,winged seed,0.044899999999999995,wind,NA,wind,NA,NA,NA,NA,NA,Esler 1988; Timmins & Mackenzie 1995; Cronk & Fuller 1995; Atkinson 1997,NA,wind dispersed (Cronk & Fuller 1995),NA,NA,2022-06-08T00:00:00Z,45043,2022-06-21T00:00:00Z,1,1,0
4,Hakea salicifolia,Proteales,Proteaceae,wind.special,2.260910004283595,2.3571456266731916,NA,2.260910004283595,NA,tree,NA,"NZ Flora Online:  bank, clay, gully, hill, lowland, open, pasture, peat, ridge, roadside, slope, terrace, track; NZPCN: A coastal and lowland plant (Timmins & MacKenzie 1995). The plant is found at sites with low fertility (Timmins & MacKenzie 1995). A plant confined to very poor soils (Timmins & MacKenzie 1995). The plant is found in low forest, scrub and forest margin, shrubland and fernlands (Timmins & MacKenzie 1995).",NA,capsule,dry,winged seed,0.0202,wind,NA,wind,NA,NA,NA,NA,NA,Esler 1988; Timmins & Mackenzie 1995; Atkinson 1997,NA,NA,NA,NA,2022-06-08T00:00:00Z,45043,2022-06-21T00:00:00Z,1,1,0
4,Hakea sericea,Proteales,Proteaceae,wind.special,2.247592677261466,2.343828299651063,NA,2.247592677261466,NA,tree,NA,"NZ Flora Online:  bank, coast, hill, lava, open, pasture, roadside, rock outcrop, scree, shrubland, silt; NZPCN: A coastal and lowland plant (Timmins & MacKenzie 1995). The plant grows in low fertility sites (Timmins & MacKenzie 1995). A plant of low forest, scrub and forest margin and shrubland (Timmins & MacKenzie 1995).",NA,capsule,dry,winged seed,0.0317,wind,NA,wind,NA,NA,NA,NA,NA,Esler 1988; Timmins & Mackenzie 1995; Atkinson 1997,Wind dispersed (Esler 1988).,NA,NA,NA,2022-06-08T00:00:00Z,45043,2022-06-21T00:00:00Z,1,1,0
4,Clematis flammula,Ranunculales,Ranunculaceae,wind.special,1.5468749441368943,1.441544142198078,NA,1.5468749441368943,vine,shrub,NA,NA,NA,achene,dry,achenes hairy; style elongated & feathery at fruiting,0.008119999999999999,wind,NA,wind,water,NA,NA,NA,NA,Esler 1988,In Clematis spp. the elongated style is plumose and readily airborne and waterborne at maturity (Esler 1988). C. flammula wind dispersed (Esler 1988).,NA,NA,NA,2022-06-03T00:00:00Z,NA,2023-04-11T00:00:00Z,2,1,1
4,Clematis terniflora,Ranunculales,Ranunculaceae,wind.special,1.5598191594389577,1.4544883575001413,NA,1.5598191594389577,vine,shrub,NA,"NZPCN: Bush margins, shrubland",NA,achene,dry,achenes hairy; style elongated & feathery at fruiting,0.00524,wind,NA,wind,water,NA,NA,NA,NA,Esler 1988,In Clematis spp. the elongated style is plumose and readily airborne and waterborne at maturity (Esler 1988).,NA,NA,NA,2022-06-03T00:00:00Z,45035,2023-04-11T00:00:00Z,2,1,1
4,Clematis vitalba,Ranunculales,Ranunculaceae,wind.special,2.575714038651496,2.4703832367126792,NA,2.575714038651496,vine,tree,NA,"NZ Flora Online: bank, clay, coast, dry, forest, forest edge, grassland, gravel, hill, log, lowland, margin, open, pasture, ridge, riparian, river terrace, roadside, rock outcrop, scrubland, shaded, shrubland, slope, terrace, wasteland; NZPCN: A plant of coastal and lowland areas. Plant grows in moderate to high fertile sites with medium to good drainage. The plant is light demanding. Plant grows in tall forest, low forest, scrub and shrubland. Occurs in reserves and forests with well-lit forest margins and wide tracks, waterways or clearings, riparian vegetation, exotic or native. The plant occurs in forest remnants.",riparian,achene,dry,achenes hairy; style elongated & feathery at fruiting,0.00222,wind,NA,wind,water,NA,NA,NA,NA,Williams & Buxton 1995; Esler 1988,In Clematis spp. the elongated style is plumose and readily airborne and waterborne at maturity (Esler 1988). C. vitalba wind dispersed (Esler 1988).,NA,NA,NA,2022-06-03T00:00:00Z,45035,2023-04-11T00:00:00Z,2,1,1
4,Rubus armeniacus,Rosales,Rosaceae,animal,1.8644978973576591,1.986154735829893,NA,1.8644978973576591,NA,shrub,NA,"Flora: roadsides, waste places, scrub, forest margins, streamsides",riparian,fleshy aggregate of 1-seeded druplets,fleshy,fleshy,0.00342,internal,NA,internal,NA,NA,NA,NA,NA,Esler 1988,Rubus spp. have succulent fruits which are dispersed by birds quite effectively (Esler 1988).,Rubus sp. dispersed by water birds via both endo- and ectozoochory (Reynolds & Cumming 2016),NA,NA,NA,NA,2023-06-21T00:00:00Z,1,1,0
4,Rubus cardiophyllus,Rosales,Rosaceae,animal,1.8677848839246536,1.9894417223968874,NA,1.8677848839246536,NA,shrub,NA,"Flora: streamsides, riverflats, waste places, scrub",riparian,fleshy aggregate of 1-seeded druplets,fleshy,fleshy,0.0030600000000000002,internal,NA,internal,NA,NA,NA,NA,NA,Esler 1988,Rubus spp. have succulent fruits which are dispersed by birds quite effectively (Esler 1988).,Rubus sp. dispersed by water birds via both endo- and ectozoochory (Reynolds & Cumming 2016),NA,NA,2023-06-21T00:00:00Z,NA,2023-06-21T00:00:00Z,1,1,0
4,Rubus cissburiensis,Rosales,Rosaceae,animal,1.879051768769343,2.000708607241577,NA,1.879051768769343,NA,shrub,NA,"Flora: roadsides, forest and scrub margins, riverbanks",riparian,fleshy aggregate of 1-seeded druplets,fleshy,fleshy,0.00209,internal,NA,internal,NA,NA,NA,NA,NA,Esler 1988,Rubus spp. have succulent fruits which are dispersed by birds quite effectively (Esler 1988).,Rubus sp. dispersed by water birds via both endo- and ectozoochory (Reynolds & Cumming 2016),NA,NA,2023-06-21T00:00:00Z,NA,2023-06-21T00:00:00Z,1,1,0
4,Rubus laciniatus,Rosales,Rosaceae,animal,1.8614621112896834,1.9831189497619173,NA,1.8614621112896834,NA,shrub,NA,"Flora: roadsides, scrub, fernland, riverbanks, neglected pasture, up to 600 m.",riparian,fleshy aggregate of 1-seeded druplets,fleshy,fleshy,0.00379,internal,NA,internal,NA,NA,NA,NA,NA,Esler 1988,Rubus spp. have succulent fruits which are dispersed by birds quite effectively (Esler 1988).,Rubus laciniatus seed dispersed by mammals and birds (Kew SID). Rubus sp. dispersed by water birds via both endo- and ectozoochory (Reynolds & Cumming 2016),NA,NA,2022-06-08T00:00:00Z,NA,2023-06-21T00:00:00Z,1,1,0
4,Rubus polyanthemus,Rosales,Rosaceae,animal,1.8690678281036346,1.9907246665758684,NA,1.8690678281036346,NA,shrub,NA,"Flora: roadsides, damp pasture and scrub",NA,fleshy aggregate of 1-seeded druplets,fleshy,fleshy,0.0029300000000000003,internal,NA,internal,NA,NA,NA,NA,NA,Esler 1988,Rubus spp. have succulent fruits which are dispersed by birds quite effectively (Esler 1988).,Rubus sp. dispersed by water birds via both endo- and ectozoochory (Reynolds & Cumming 2016),NA,NA,2023-06-21T00:00:00Z,NA,2023-06-21T00:00:00Z,1,1,0
4,Rubus ulmifolius,Rosales,Rosaceae,animal,1.873522663805489,1.9951795022777228,NA,1.873522663805489,NA,shrub,NA,"Flora: roadsides, streamsides, waste places, neglected pasture, hillsides, margins or forest and scrub",riparian,fleshy aggregate of 1-seeded druplets,fleshy,fleshy,0.00252,internal,NA,internal,wind.none,NA,NA,NA,NA,Esler 1988; Debussche & Isenmann 1994; Mora & Smith-Ramirez 2016,Rubus spp. have succulent fruits which are dispersed by birds quite effectively (Esler 1988).,"seed dispersed by birds and wind (Mora & Smith-Ramirez 2016); R. ulmifolius dispersed by birds in Mediterranean (cited in Kew SID: Debussche, M. & Isenmann, P. 1994. Bird-Dispersed Seed Rain and Seedling Establishment in Patchy Mediterranean Vegetation. Oikos, 69(3):414-426.). Rubus sp. dispersed by water birds via both endo- and ectozoochory (Reynolds & Cumming 2016)",NA,NA,2023-06-21T00:00:00Z,NA,2023-06-21T00:00:00Z,2,1,1
4,Rubus ulmifolius,Rosales,Rosaceae,wind.special,1.28989545854181,1.411552297014044,NA,1.28989545854181,NA,shrub,NA,"Flora: roadsides, streamsides, waste places, neglected pasture, hillsides, margins or forest and scrub",riparian,fleshy aggregate of 1-seeded druplets,fleshy,fleshy,0.00252,internal,NA,internal,wind.none,NA,NA,NA,NA,Esler 1988; Debussche & Isenmann 1994; Mora & Smith-Ramirez 2016,Rubus spp. have succulent fruits which are dispersed by birds quite effectively (Esler 1988).,"seed dispersed by birds and wind (Mora & Smith-Ramirez 2016); R. ulmifolius dispersed by birds in Mediterranean (cited in Kew SID: Debussche, M. & Isenmann, P. 1994. Bird-Dispersed Seed Rain and Seedling Establishment in Patchy Mediterranean Vegetation. Oikos, 69(3):414-426.). Rubus sp. dispersed by water birds via both endo- and ectozoochory (Reynolds & Cumming 2016)",NA,NA,2023-06-21T00:00:00Z,NA,2023-06-21T00:00:00Z,2,1,1
4,Myoporum insulare,Lamiales,Scrophulariaceae,animal,1.9485858452456875,1.979251975711697,NA,1.9485858452456875,shrub-tree,shrub,NA,"NZ Flora Online:  bank, cliff, coast, dry, hill, lava, margin, open, ridge, rock outcrop, sand, shaded, sheltered, shrubland, slope, terrace, wasteland. NZPCN: Coastal areas, sandy sites behind beaches",NA,drupe,fleshy,fleshy,0.01466,internal,NA,internal,water,NA,NA,NA,NA,Higgins et al. 2006; Guja et al. 2010,NA,"primary dispersal mechanism is zoochory; seeds survived exposure to seawater for 70 days with minimal or no impact on germination, c. 25% of seeds floated initially but % floating declined fairly quickly - maximum floating time was 10 days (Guja et al. 2010). Fruits eaten by silvereyes in Australia (Higgins et al. 2006).",NA,NA,2022-06-08T00:00:00Z,45096,2023-06-19T00:00:00Z,2,1,1
4,Solanum dulcamara,Solanales,Solanaceae,animal,1.8682790725475635,1.7400862780472623,NA,1.8682790725475635,NA,herb,NA,"NZ Flora Online: bank, clay, coast, dry, hill, log, margin, moist, open, pasture, peat, ridge, riparian, riverbed, roadside, rock outcrop, sand, shaded, sheltered, shrubland, stone, terrace, track, wasteland",riparian,berry,fleshy,fleshy,0.02644,internal,NA,internal,NA,NA,NA,NA,NA,Snow & Snow 1988; Albert et al. 2015; Green 2016; Almeida et al. 2022,NA,"England: fruits eaten by blackbird, song thrush, starling & other bird species (Snow & Snow 1988). Seeds dispersal internally by deer (sometimes; Albert et al. 2015); viable seeds germinated from gull and Canada goose faeces (Green 2016). Seeds ingested by waterfowl (Almeida et al. 2022).",NA,NA,2022-06-09T00:00:00Z,NA,2023-06-22T00:00:00Z,1,1,0
4,Vitis vinifera,Vitales,Vitaceae,animal,1.8249041632448801,1.9441281706271454,NA,1.8249041632448801,vine,shrub,NA,"NZ Flora Online: bank, clay, coast, dry, forest edge, gravel, gully, loam, lowland, margin, moist, open, roadside, sand, scrubland, sheltered, shrubland, terrace, wasteland. NZPCN: Around old gardens and dump sites, sometimes along roadsides.",NA,berry,fleshy,fleshy,0.0305,internal,NA,internal,NA,NA,NA,NA,NA,Gibb 2000; Anderson et al. 2006; Spurr 2011; Almeida et al. 2022,Vitis spp. fruits eaten by bellbirds (Spurr et al. 2011). Vitis vinifera fruits eaten by silvereyes (Gibb 2000).,Spain: intact seeds in carnivorous mammal faeces (Herrera 1989). Intact seeds found in heron faeces predating lizards (secondary dispersal; Green 2016). Seeds ingested by waterfowl (Almeida et al. 2022).,NA,NA,2022-06-09T00:00:00Z,45100,2023-06-23T00:00:00Z,1,1,0
5,Bomarea multiflora,Liliales,Alstroemeriaceae,animal,NA,2.064385242315464,1.9833920375853606,2.064385242315464,vine,shrub,NA,"NZ Flora Online: bank, dry, forest, gully, hill, lowland, margin, open, pasture, roadside, sheltered, shrubland, slope, terrace",NA,dehiscent capsule with fleshy seeds,fleshy,fleshy,NA,internal,NA,internal,NA,NA,NA,NA,NA,NA,NA,NA,dispersal based on morphology,NA,2022-06-03T00:00:00Z,NA,NA,1,1,0
5,Hedera canariensis,Apiales,Araliaceae,animal,2.0928901999038905,2.064385181727222,1.9833920375853606,2.0928901999038905,vine,shrub,NA,NA,NA,berry-like,fleshy,fleshy,NA,internal,NA,internal,NA,NA,NA,NA,NA,NA,NA,NA,dispersal based on morphology,NA,2022-06-08T00:00:00Z,NA,NA,1,1,0
5,Asparagus scandens,Asparagales,Asparagaceae,animal,NA,2.064385189947447,1.9833920375853606,2.064385189947447,vine,shrub,NA,"NZ Flora Online: bank, cliff, coast, dry, flat , forest, gully, hill, lava, loam, lowland, margin, open, pasture, roadside, rock outcrop, sand, shaded, sheltered, shrubland, slope, terrace. NZPCN: lowland and coastal forest, shrublands, mature broadleaf/podocarp forests especially those of light to moderate shade, streams, coastal areas, shrublands, epiphytic niches, roadsides, gravel pits/quarries, farm hedges, house gardens and wasteland areas. Can infest unmodified and fully intact forest.",riparian,berry,fleshy,fleshy,NA,internal,NA,internal,NA,NA,NA,NA,NA,Fromont & King 1992; Timmins & Mackenzie 1995; Atkinson 1997,"Spread by birds, especially blackbirds (Fromont & King 1992); Asparagus spp. have succulent fruits which are dispersed by birds quite effectively (Esler 1988).",NA,NA,NA,2023-06-15T00:00:00Z,45092,NA,1,1,0
5,Helichrysum petiolare,Asterales,Asteraceae,wind.special,NA,1.231432896737219,1.2860832223260295,1.231432896737219,NA,herb,NA,"NZPCN: sand dunes, the margins of peat bogs, on yellow-brown and yellow-grey earths, cliff faces, and in urban situations. Once established very competitive, even in indigenous shrubland",NA,achene,dry,pappus,NA,wind,NA,wind,NA,NA,NA,NA,NA,NA,NA,"other Helichrysum spp. assumed to be dispersed by wind based on morphology: H. apiculatum (Jurado et al. 1991, cited in Kew SID), H. scorpioides (McIntyre et al. 1995, cited in Kew SID)",dispersal based on morphology,NA,2022-06-08T00:00:00Z,45043,2023-04-27T00:00:00Z,1,1,0
5,Nymphaea mexicana,Nymphaeales,Nymphaeaceae,animal,NA,NA,1.6018522434856648,1.6018522434856648,NA,herb,NA,NZ Flora Online: moist; NZPCN: Still and slow flowing water bodies,riparian,aril,aquatic,mucilage and gas bubbles in aril tissue,NA,water,NA,water,internal,NA,NA,NA,NA,Bonilla-Barbosa et al. 2000; Almeida et al. 2025,"Reproduces by rhizomes, tubers, and seed. Dispersed by water movement and deliberate plantings (NZPCN Factsheet prepared by Paul Champion and Deborah Hofstra (NIWA)).",the presence of mucilage and stored gas bubbles in the aril tissue it is believed that aril aids in seed flotation and dispersal (Bonilla-Barbosa et al. 2000). Seeds ingested by waterfowl in North America (Almeida et al. 2025).,NA,NA,2022-06-08T00:00:00Z,45051,NA,2,1,1
5,Passiflora mixta,Malpighiales,Passifloraceae,animal,NA,2.821526912099542,2.715428909029967,2.821526912099542,vine,tree,NA,NZPCN: forest margins and shrubland,NA,berry,fleshy,fleshy,NA,internal,NA,internal,NA,NA,NA,NA,NA,NZPCN,Birds eat fruit and disperse seed (NZPCN),NA,NA,NA,2022-06-15T00:00:00Z,45097,NA,1,1,0
5,Passiflora pinnatistipula,Malpighiales,Passifloraceae,animal,NA,2.064385379621995,1.9833920375853606,2.064385379621995,vine,shrub,NA,NZPCN: scrub and forest margins,NA,berry,fleshy,fleshy,NA,internal,NA,internal,NA,NA,NA,NA,NA,Williams & Buxton 1995,NA,NA,NA,NA,2022-06-08T00:00:00Z,45097,NA,1,1,0
5,Passiflora tarminiana,Malpighiales,Passifloraceae,animal,NA,2.821526912099542,2.715428909029967,2.821526912099542,vine,tree,NA,"NZ Flora Online:  bank, clay, dry, hill, loam, lowland, margin, open, roadside, sand, shaded, sheltered, shrubland, slope, stone, track, unstable/eroded. NZPCN: Lowland and coastal shrubland, margins of remnant forest stands, light gaps, roadsides, wasteland, farm and orchard hedges windbreaks, plantations",NA,berry,fleshy,fleshy,NA,internal,NA,internal,NA,NA,NA,NA,NA,Fromont & King 1992,Spread primarily by blackbirds but also eaten by possums (Fromont & King 1992).,NA,NA,NA,2022-06-08T00:00:00Z,45097,NA,1,1,0
5,Rhaphiolepis umbellata,Rosales,Rosaceae,animal,1.8965321645663673,2.0643851162947047,1.9833920375853606,1.8965321645663673,NA,shrub,NA,NA,NA,pome,fleshy,fleshy,NA,internal,NA,internal,NA,NA,NA,NA,NA,Corlett 1996,NA,"Animal; Diaspore is eaten intentionally; Direct or experimental observation; (Corlett, 1996); Birds.; Diaspore=fruit. Fruit is fleshy.",NA,NA,NA,44728,2022-06-21T00:00:00Z,1,1,0
5,Rubus echinatus,Rosales,Rosaceae,animal,1.8965321645663673,2.0643851162947047,1.9833920375853606,1.8965321645663673,NA,shrub,NA,"Flora: wasteland, roadsides, river banks and flats, forest margins and clearings, scrub up to c. 800 m.",riparian,fleshy aggregate of 1-seeded druplets,fleshy,fleshy,NA,internal,NA,internal,NA,NA,NA,NA,NA,Esler 1988,Rubus spp. have succulent fruits which are dispersed by birds quite effectively (Esler 1988).,Rubus sp. dispersed by water birds via both endo- and ectozoochory (Reynolds & Cumming 2016),NA,NA,2023-06-21T00:00:00Z,NA,2023-06-21T00:00:00Z,1,1,0
5,Rubus leptothyrsos,Rosales,Rosaceae,animal,1.8965321645663673,2.0643851162947047,1.9833920375853606,1.8965321645663673,NA,shrub,NA,"Flora: steep banks, roadsides, scrub, forest margins, river terraces",riparian,fleshy aggregate of 1-seeded druplets,fleshy,fleshy,NA,internal,NA,internal,NA,NA,NA,NA,NA,Esler 1988,Rubus spp. have succulent fruits which are dispersed by birds quite effectively (Esler 1988).,Rubus sp. dispersed by water birds via both endo- and ectozoochory (Reynolds & Cumming 2016),NA,NA,2023-06-21T00:00:00Z,NA,NA,1,1,0
5,Rubus vestitus,Rosales,Rosaceae,animal,1.8965321645663673,2.0643851162947047,1.9833920375853606,1.8965321645663673,NA,shrub,NA,"Flora: hillsides, roadsides, waste places, damp forest margins, streamsides",riparian,fleshy aggregate of 1-seeded druplets,fleshy,fleshy,NA,internal,NA,internal,NA,NA,NA,NA,NA,Esler 1988,Rubus spp. have succulent fruits which are dispersed by birds quite effectively (Esler 1988).,Rubus sp. dispersed by water birds bia both endo- and ectozoochory (Reynolds & Cumming 2016),NA,NA,NA,NA,NA,1,1,0
5,Salpichroa origanifolia,Solanales,Solanaceae,animal,2.131350566182744,2.0643852349388045,1.9833920375853606,2.131350566182744,vine,shrub,NA,"Flora: disturbed scrub and other modified vegetation, waste places, roadsides, garden surrounds",NA,berry,fleshy,fleshy,NA,internal,NA,internal,NA,NA,NA,NA,NA,Reati et al. 2022,NA,seeds collected from bird faeces and germinated (Reati et al. 2022),NA,NA,2022-06-09T00:00:00Z,NA,NA,1,1,0
5,Tropaeolum speciosum,Brassicales,Tropaeolaceae,animal,NA,2.0643851687018255,1.9833920375853606,2.0643851687018255,vine,shrub,NA,"NZ Flora Online: bank, coast, dry, forest, forest edge, gap, hill, log, lowland, margin, moist, open, pasture, riparian, roadside, sand, shaded, sheltered, shrubland, slope, stone, terrace, track, wasteland. NZPCN: Mainly remnant stands of forest, also scrub, sometimes found in more remote forest clearings.",riparian,berry-like,fleshy,fleshy,NA,internal,NA,internal,NA,NA,NA,NA,NA,Burrows 1995; Ridley 1998; Spurr et al. 2011,seeds dispersed by birds (Burrows 1995); fruits eaten by bellbirds (Spurr et al. 2011),NA,NA,NA,2022-06-09T00:00:00Z,45100,2023-06-23T00:00:00Z,1,1,0
